externalId;kind;firstName;lastName;companyName;legalIdentifier;email;phone;mobile;addressLine1;addressLine2;postalCode;city;country;notes
CLI-0001;company;;;Entreprise Bernard SARL;10000000000001;contact1@entreprise-1.example.fr;0140000001;;2 avenue Victor Hugo;;75002;Paris;FR;
CLI-0002;company;;;Entreprise Dubois SA;10000000000002;contact2@entreprise-2.example.fr;0140000002;;3 boulevard Haussmann;;69001;Lyon;FR;
CLI-0003;individual;Sophie;Thomas;;;sophie.thomas3@example.fr;;0610000003;4 rue du Commerce;;69003;Lyon;FR;
CLI-0004;company;;;Entreprise Robert SCI;10000000000004;contact4@entreprise-4.example.fr;0140000004;;5 place de la République;;13001;Marseille;FR;
CLI-0005;company;;;Entreprise Richard SAS;10000000000005;contact5@entreprise-5.example.fr;0140000005;;6 chemin des Vignes;;33000;Bordeaux;FR;
CLI-0006;individual;Antoine;Petit;;;antoine.petit6@example.fr;;0610000006;7 impasse des Lilas;;31000;Toulouse;FR;
CLI-0007;company;;;Entreprise Durand SA;10000000000007;contact7@entreprise-7.example.fr;0140000007;;8 allée des Tilleuls;Bât C;44000;Nantes;FR;
CLI-0008;company;;;Entreprise Leroy EURL;10000000000008;contact8@entreprise-8.example.fr;0140000008;;9 rue Nationale;;59000;Lille;FR;
CLI-0009;individual;Claire;Moreau;;;claire.moreau9@example.fr;;0610000009;10 cours Mirabeau;;67000;Strasbourg;FR;
CLI-0010;company;;;Entreprise Simon SAS;10000000000010;contact10@entreprise-10.example.fr;0140000010;;11 rue de la Paix;;34000;Montpellier;FR;
CLI-0011;company;;;Entreprise Laurent SARL;10000000000011;contact11@entreprise-11.example.fr;0140000011;;12 avenue Victor Hugo;;06000;Nice;FR;Client import test
CLI-0012;individual;Paul;Lefebvre;;;paul.lefebvre12@example.fr;;0610000012;13 boulevard Haussmann;;35000;Rennes;FR;
CLI-0013;company;;;Entreprise Michel EURL;10000000000013;contact13@entreprise-13.example.fr;0140000013;;14 rue du Commerce;;51100;Reims;FR;
CLI-0014;company;;;Entreprise Garcia SCI;10000000000014;contact14@entreprise-14.example.fr;0140000014;;15 place de la République;Bât E;21000;Dijon;FR;
CLI-0015;individual;Chloé;David;;;chloé.david15@example.fr;;0610000015;16 chemin des Vignes;;80000;Amiens;FR;
CLI-0016;company;;;Entreprise Martin SARL;10000000000016;contact16@entreprise-16.example.fr;0140000016;;17 impasse des Lilas;;76000;Rouen;FR;
CLI-0017;company;;;Entreprise Bernard SA;10000000000017;contact17@entreprise-17.example.fr;0140000017;;18 allée des Tilleuls;;14000;Caen;FR;
CLI-0018;individual;Pierre;Dubois;;;pierre.dubois18@example.fr;;0610000018;19 rue Nationale;;29200;Brest;FR;
CLI-0019;company;;;Entreprise Thomas SCI;10000000000019;contact19@entreprise-19.example.fr;0140000019;;20 cours Mirabeau;;29800;Landerneau;FR;
CLI-0020;company;;;Entreprise Robert SAS;10000000000020;contact20@entreprise-20.example.fr;0140000020;;21 rue de la Paix;;75001;Paris;FR;
CLI-0021;individual;Camille;Richard;;;camille.richard21@example.fr;;0610000021;22 avenue Victor Hugo;Bât B;75002;Paris;FR;
CLI-0022;company;;;Entreprise Petit SA;10000000000022;contact22@entreprise-22.example.fr;0140000022;;23 boulevard Haussmann;;69001;Lyon;FR;Client import test
CLI-0023;company;;;Entreprise Durand EURL;10000000000023;contact23@entreprise-23.example.fr;0140000023;;24 rue du Commerce;;69003;Lyon;FR;
CLI-0024;individual;Nicolas;Leroy;;;nicolas.leroy24@example.fr;;0610000024;25 place de la République;;13001;Marseille;FR;
CLI-0025;company;;;Entreprise Moreau SAS;10000000000025;contact25@entreprise-25.example.fr;0140000025;;26 chemin des Vignes;;33000;Bordeaux;FR;
CLI-0026;company;;;Entreprise Simon SARL;10000000000026;contact26@entreprise-26.example.fr;0140000026;;27 impasse des Lilas;;31000;Toulouse;FR;
CLI-0027;individual;Emma;Laurent;;;emma.laurent27@example.fr;;0610000027;28 allée des Tilleuls;;44000;Nantes;FR;
CLI-0028;company;;;Entreprise Lefebvre EURL;10000000000028;contact28@entreprise-28.example.fr;0140000028;;29 rue Nationale;Bât D;59000;Lille;FR;
CLI-0029;company;;;Entreprise Michel SCI;10000000000029;contact29@entreprise-29.example.fr;0140000029;;30 cours Mirabeau;;67000;Strasbourg;FR;
CLI-0030;individual;Hugo;Garcia;;;hugo.garcia30@example.fr;;0610000030;31 rue de la Paix;;34000;Montpellier;FR;
CLI-0031;company;;;Entreprise David SARL;10000000000031;contact31@entreprise-31.example.fr;0140000031;;32 avenue Victor Hugo;;06000;Nice;FR;
CLI-0032;company;;;Entreprise Martin SA;10000000000032;contact32@entreprise-32.example.fr;0140000032;;33 boulevard Haussmann;;35000;Rennes;FR;
CLI-0033;individual;Marie;Bernard;;;marie.bernard33@example.fr;;0610000033;34 rue du Commerce;;51100;Reims;FR;
CLI-0034;company;;;Entreprise Dubois SCI;10000000000034;contact34@entreprise-34.example.fr;0140000034;;35 place de la République;;21000;Dijon;FR;
CLI-0035;company;;;Entreprise Thomas SAS;10000000000035;contact35@entreprise-35.example.fr;0140000035;;36 chemin des Vignes;Bât A;80000;Amiens;FR;
CLI-0036;individual;Luc;Robert;;;luc.robert36@example.fr;;0610000036;37 impasse des Lilas;;76000;Rouen;FR;
CLI-0037;company;;;Entreprise Richard SA;10000000000037;contact37@entreprise-37.example.fr;0140000037;;38 allée des Tilleuls;;14000;Caen;FR;
CLI-0038;company;;;Entreprise Petit EURL;10000000000038;contact38@entreprise-38.example.fr;0140000038;;39 rue Nationale;;29200;Brest;FR;
CLI-0039;individual;Julie;Durand;;;julie.durand39@example.fr;;0610000039;40 cours Mirabeau;;29800;Landerneau;FR;Particulier import test
CLI-0040;company;;;Entreprise Leroy SAS;10000000000040;contact40@entreprise-40.example.fr;0140000040;;41 rue de la Paix;;75001;Paris;FR;
CLI-0041;company;;;Entreprise Moreau SARL;10000000000041;contact41@entreprise-41.example.fr;0140000041;;42 avenue Victor Hugo;;75002;Paris;FR;
CLI-0042;individual;Thomas;Simon;;;thomas.simon42@example.fr;;0610000042;43 boulevard Haussmann;Bât C;69001;Lyon;FR;
CLI-0043;company;;;Entreprise Laurent EURL;10000000000043;contact43@entreprise-43.example.fr;0140000043;;44 rue du Commerce;;69003;Lyon;FR;
CLI-0044;company;;;Entreprise Lefebvre SCI;10000000000044;contact44@entreprise-44.example.fr;0140000044;;45 place de la République;;13001;Marseille;FR;Client import test
CLI-0045;individual;Léa;Michel;;;léa.michel45@example.fr;;0610000045;46 chemin des Vignes;;33000;Bordeaux;FR;
CLI-0046;company;;;Entreprise Garcia SARL;10000000000046;contact46@entreprise-46.example.fr;0140000046;;47 impasse des Lilas;;31000;Toulouse;FR;
CLI-0047;company;;;Entreprise David SA;10000000000047;contact47@entreprise-47.example.fr;0140000047;;48 allée des Tilleuls;;44000;Nantes;FR;
CLI-0048;individual;Jean;Martin;;;jean.martin48@example.fr;;0610000048;49 rue Nationale;;59000;Lille;FR;
CLI-0049;company;;;Entreprise Bernard SCI;10000000000049;contact49@entreprise-49.example.fr;0140000049;;50 cours Mirabeau;Bât E;67000;Strasbourg;FR;
CLI-0050;company;;;Entreprise Dubois SAS;10000000000050;contact50@entreprise-50.example.fr;0140000050;;51 rue de la Paix;;34000;Montpellier;FR;
CLI-0051;individual;Sophie;Thomas;;;sophie.thomas51@example.fr;;0610000051;52 avenue Victor Hugo;;06000;Nice;FR;
CLI-0052;company;;;Entreprise Robert SA;10000000000052;contact52@entreprise-52.example.fr;0140000052;;53 boulevard Haussmann;;35000;Rennes;FR;
CLI-0053;company;;;Entreprise Richard EURL;10000000000053;contact53@entreprise-53.example.fr;0140000053;;54 rue du Commerce;;51100;Reims;FR;
CLI-0054;individual;Antoine;Petit;;;antoine.petit54@example.fr;;0610000054;55 place de la République;;21000;Dijon;FR;
CLI-0055;company;;;Entreprise Durand SAS;10000000000055;contact55@entreprise-55.example.fr;0140000055;;56 chemin des Vignes;;80000;Amiens;FR;Client import test
CLI-0056;company;;;Entreprise Leroy SARL;10000000000056;contact56@entreprise-56.example.fr;0140000056;;57 impasse des Lilas;Bât B;76000;Rouen;FR;
CLI-0057;individual;Claire;Moreau;;;claire.moreau57@example.fr;;0610000057;58 allée des Tilleuls;;14000;Caen;FR;
CLI-0058;company;;;Entreprise Simon EURL;10000000000058;contact58@entreprise-58.example.fr;0140000058;;59 rue Nationale;;29200;Brest;FR;
CLI-0059;company;;;Entreprise Laurent SCI;10000000000059;contact59@entreprise-59.example.fr;0140000059;;60 cours Mirabeau;;29800;Landerneau;FR;
CLI-0060;individual;Paul;Lefebvre;;;paul.lefebvre60@example.fr;;0610000060;61 rue de la Paix;;75001;Paris;FR;
CLI-0061;company;;;Entreprise Michel SARL;10000000000061;contact61@entreprise-61.example.fr;0140000061;;62 avenue Victor Hugo;;75002;Paris;FR;
CLI-0062;company;;;Entreprise Garcia SA;10000000000062;contact62@entreprise-62.example.fr;0140000062;;63 boulevard Haussmann;;69001;Lyon;FR;
CLI-0063;individual;Chloé;David;;;chloé.david63@example.fr;;0610000063;64 rue du Commerce;Bât D;69003;Lyon;FR;
CLI-0064;company;;;Entreprise Martin SCI;10000000000064;contact64@entreprise-64.example.fr;0140000064;;65 place de la République;;13001;Marseille;FR;
CLI-0065;company;;;Entreprise Bernard SAS;10000000000065;contact65@entreprise-65.example.fr;0140000065;;66 chemin des Vignes;;33000;Bordeaux;FR;
CLI-0066;individual;Pierre;Dubois;;;pierre.dubois66@example.fr;;0610000066;67 impasse des Lilas;;31000;Toulouse;FR;
CLI-0067;company;;;Entreprise Thomas SA;10000000000067;contact67@entreprise-67.example.fr;0140000067;;68 allée des Tilleuls;;44000;Nantes;FR;
CLI-0068;company;;;Entreprise Robert EURL;10000000000068;contact68@entreprise-68.example.fr;0140000068;;69 rue Nationale;;59000;Lille;FR;
CLI-0069;individual;Camille;Richard;;;camille.richard69@example.fr;;0610000069;70 cours Mirabeau;;67000;Strasbourg;FR;
CLI-0070;company;;;Entreprise Petit SAS;10000000000070;contact70@entreprise-70.example.fr;0140000070;;71 rue de la Paix;Bât A;34000;Montpellier;FR;
CLI-0071;company;;;Entreprise Durand SARL;10000000000071;contact71@entreprise-71.example.fr;0140000071;;72 avenue Victor Hugo;;06000;Nice;FR;
CLI-0072;individual;Nicolas;Leroy;;;nicolas.leroy72@example.fr;;0610000072;73 boulevard Haussmann;;35000;Rennes;FR;
CLI-0073;company;;;Entreprise Moreau EURL;10000000000073;contact73@entreprise-73.example.fr;0140000073;;74 rue du Commerce;;51100;Reims;FR;
CLI-0074;company;;;Entreprise Simon SCI;10000000000074;contact74@entreprise-74.example.fr;0140000074;;75 place de la République;;21000;Dijon;FR;
CLI-0075;individual;Emma;Laurent;;;emma.laurent75@example.fr;;0610000075;76 chemin des Vignes;;80000;Amiens;FR;
CLI-0076;company;;;Entreprise Lefebvre SARL;10000000000076;contact76@entreprise-76.example.fr;0140000076;;77 impasse des Lilas;;76000;Rouen;FR;
CLI-0077;company;;;Entreprise Michel SA;10000000000077;contact77@entreprise-77.example.fr;0140000077;;78 allée des Tilleuls;Bât C;14000;Caen;FR;Client import test
CLI-0078;individual;Hugo;Garcia;;;hugo.garcia78@example.fr;;0610000078;79 rue Nationale;;29200;Brest;FR;Particulier import test
CLI-0079;company;;;Entreprise David SCI;10000000000079;contact79@entreprise-79.example.fr;0140000079;;80 cours Mirabeau;;29800;Landerneau;FR;
CLI-0080;company;;;Entreprise Martin SAS;10000000000080;contact80@entreprise-80.example.fr;0140000080;;81 rue de la Paix;;75001;Paris;FR;
CLI-0081;individual;Marie;Bernard;;;marie.bernard81@example.fr;;0610000081;82 avenue Victor Hugo;;75002;Paris;FR;
CLI-0082;company;;;Entreprise Dubois SA;10000000000082;contact82@entreprise-82.example.fr;0140000082;;83 boulevard Haussmann;;69001;Lyon;FR;
CLI-0083;company;;;Entreprise Thomas EURL;10000000000083;contact83@entreprise-83.example.fr;0140000083;;84 rue du Commerce;;69003;Lyon;FR;
CLI-0084;individual;Luc;Robert;;;luc.robert84@example.fr;;0610000084;85 place de la République;Bât E;13001;Marseille;FR;
CLI-0085;company;;;Entreprise Richard SAS;10000000000085;contact85@entreprise-85.example.fr;0140000085;;86 chemin des Vignes;;33000;Bordeaux;FR;
CLI-0086;company;;;Entreprise Petit SARL;10000000000086;contact86@entreprise-86.example.fr;0140000086;;87 impasse des Lilas;;31000;Toulouse;FR;
CLI-0087;individual;Julie;Durand;;;julie.durand87@example.fr;;0610000087;88 allée des Tilleuls;;44000;Nantes;FR;
CLI-0088;company;;;Entreprise Leroy EURL;10000000000088;contact88@entreprise-88.example.fr;0140000088;;89 rue Nationale;;59000;Lille;FR;Client import test
CLI-0089;company;;;Entreprise Moreau SCI;10000000000089;contact89@entreprise-89.example.fr;0140000089;;90 cours Mirabeau;;67000;Strasbourg;FR;
CLI-0090;individual;Thomas;Simon;;;thomas.simon90@example.fr;;0610000090;91 rue de la Paix;;34000;Montpellier;FR;
CLI-0091;company;;;Entreprise Laurent SARL;10000000000091;contact91@entreprise-91.example.fr;0140000091;;92 avenue Victor Hugo;Bât B;06000;Nice;FR;
CLI-0092;company;;;Entreprise Lefebvre SA;10000000000092;contact92@entreprise-92.example.fr;0140000092;;93 boulevard Haussmann;;35000;Rennes;FR;
CLI-0093;individual;Léa;Michel;;;léa.michel93@example.fr;;0610000093;94 rue du Commerce;;51100;Reims;FR;
CLI-0094;company;;;Entreprise Garcia SCI;10000000000094;contact94@entreprise-94.example.fr;0140000094;;95 place de la République;;21000;Dijon;FR;
CLI-0095;company;;;Entreprise David SAS;10000000000095;contact95@entreprise-95.example.fr;0140000095;;96 chemin des Vignes;;80000;Amiens;FR;
CLI-0096;individual;Jean;Martin;;;jean.martin96@example.fr;;0610000096;97 impasse des Lilas;;76000;Rouen;FR;
CLI-0097;company;;;Entreprise Bernard SA;10000000000097;contact97@entreprise-97.example.fr;0140000097;;98 allée des Tilleuls;;14000;Caen;FR;
CLI-0098;company;;;Entreprise Dubois EURL;10000000000098;contact98@entreprise-98.example.fr;0140000098;;99 rue Nationale;Bât D;29200;Brest;FR;
CLI-0099;individual;Sophie;Thomas;;;sophie.thomas99@example.fr;;0610000099;100 cours Mirabeau;;29800;Landerneau;FR;
CLI-0100;company;;;Entreprise Robert SAS;10000000000100;contact100@entreprise-100.example.fr;0140000100;;101 rue de la Paix;;75001;Paris;FR;
CLI-0101;company;;;Entreprise Richard SARL;10000000000101;contact101@entreprise-101.example.fr;0140000101;;102 avenue Victor Hugo;;75002;Paris;FR;
CLI-0102;individual;Antoine;Petit;;;antoine.petit102@example.fr;;0610000102;103 boulevard Haussmann;;69001;Lyon;FR;
CLI-0103;company;;;Entreprise Durand EURL;10000000000103;contact103@entreprise-103.example.fr;0140000103;;104 rue du Commerce;;69003;Lyon;FR;
CLI-0104;company;;;Entreprise Leroy SCI;10000000000104;contact104@entreprise-104.example.fr;0140000104;;105 place de la République;;13001;Marseille;FR;
CLI-0105;individual;Claire;Moreau;;;claire.moreau105@example.fr;;0610000105;106 chemin des Vignes;Bât A;33000;Bordeaux;FR;
CLI-0106;company;;;Entreprise Simon SARL;10000000000106;contact106@entreprise-106.example.fr;0140000106;;107 impasse des Lilas;;31000;Toulouse;FR;
CLI-0107;company;;;Entreprise Laurent SA;10000000000107;contact107@entreprise-107.example.fr;0140000107;;108 allée des Tilleuls;;44000;Nantes;FR;
CLI-0108;individual;Paul;Lefebvre;;;paul.lefebvre108@example.fr;;0610000108;109 rue Nationale;;59000;Lille;FR;
CLI-0109;company;;;Entreprise Michel SCI;10000000000109;contact109@entreprise-109.example.fr;0140000109;;110 cours Mirabeau;;67000;Strasbourg;FR;
CLI-0110;company;;;Entreprise Garcia SAS;10000000000110;contact110@entreprise-110.example.fr;0140000110;;111 rue de la Paix;;34000;Montpellier;FR;Client import test
CLI-0111;individual;Chloé;David;;;chloé.david111@example.fr;;0610000111;112 avenue Victor Hugo;;06000;Nice;FR;
CLI-0112;company;;;Entreprise Martin SA;10000000000112;contact112@entreprise-112.example.fr;0140000112;;113 boulevard Haussmann;Bât C;35000;Rennes;FR;
CLI-0113;company;;;Entreprise Bernard EURL;10000000000113;contact113@entreprise-113.example.fr;0140000113;;114 rue du Commerce;;51100;Reims;FR;
CLI-0114;individual;Pierre;Dubois;;;pierre.dubois114@example.fr;;0610000114;115 place de la République;;21000;Dijon;FR;
CLI-0115;company;;;Entreprise Thomas SAS;10000000000115;contact115@entreprise-115.example.fr;0140000115;;116 chemin des Vignes;;80000;Amiens;FR;
CLI-0116;company;;;Entreprise Robert SARL;10000000000116;contact116@entreprise-116.example.fr;0140000116;;117 impasse des Lilas;;76000;Rouen;FR;
CLI-0117;individual;Camille;Richard;;;camille.richard117@example.fr;;0610000117;118 allée des Tilleuls;;14000;Caen;FR;Particulier import test
CLI-0118;company;;;Entreprise Petit EURL;10000000000118;contact118@entreprise-118.example.fr;0140000118;;119 rue Nationale;;29200;Brest;FR;
CLI-0119;company;;;Entreprise Durand SCI;10000000000119;contact119@entreprise-119.example.fr;0140000119;;120 cours Mirabeau;Bât E;29800;Landerneau;FR;
CLI-0120;individual;Nicolas;Leroy;;;nicolas.leroy120@example.fr;;0610000120;1 rue de la Paix;;75001;Paris;FR;
CLI-0121;company;;;Entreprise Moreau SARL;10000000000121;contact121@entreprise-121.example.fr;0140000121;;2 avenue Victor Hugo;;75002;Paris;FR;Client import test
CLI-0122;company;;;Entreprise Simon SA;10000000000122;contact122@entreprise-122.example.fr;0140000122;;3 boulevard Haussmann;;69001;Lyon;FR;
CLI-0123;individual;Emma;Laurent;;;emma.laurent123@example.fr;;0610000123;4 rue du Commerce;;69003;Lyon;FR;
CLI-0124;company;;;Entreprise Lefebvre SCI;10000000000124;contact124@entreprise-124.example.fr;0140000124;;5 place de la République;;13001;Marseille;FR;
CLI-0125;company;;;Entreprise Michel SAS;10000000000125;contact125@entreprise-125.example.fr;0140000125;;6 chemin des Vignes;;33000;Bordeaux;FR;
CLI-0126;individual;Hugo;Garcia;;;hugo.garcia126@example.fr;;0610000126;7 impasse des Lilas;Bât B;31000;Toulouse;FR;
CLI-0127;company;;;Entreprise David SA;10000000000127;contact127@entreprise-127.example.fr;0140000127;;8 allée des Tilleuls;;44000;Nantes;FR;
CLI-0128;company;;;Entreprise Martin EURL;10000000000128;contact128@entreprise-128.example.fr;0140000128;;9 rue Nationale;;59000;Lille;FR;
CLI-0129;individual;Marie;Bernard;;;marie.bernard129@example.fr;;0610000129;10 cours Mirabeau;;67000;Strasbourg;FR;
CLI-0130;company;;;Entreprise Dubois SAS;10000000000130;contact130@entreprise-130.example.fr;0140000130;;11 rue de la Paix;;34000;Montpellier;FR;
CLI-0131;company;;;Entreprise Thomas SARL;10000000000131;contact131@entreprise-131.example.fr;0140000131;;12 avenue Victor Hugo;;06000;Nice;FR;
CLI-0132;individual;Luc;Robert;;;luc.robert132@example.fr;;0610000132;13 boulevard Haussmann;;35000;Rennes;FR;
CLI-0133;company;;;Entreprise Richard EURL;10000000000133;contact133@entreprise-133.example.fr;0140000133;;14 rue du Commerce;Bât D;51100;Reims;FR;
CLI-0134;company;;;Entreprise Petit SCI;10000000000134;contact134@entreprise-134.example.fr;0140000134;;15 place de la République;;21000;Dijon;FR;
CLI-0135;individual;Julie;Durand;;;julie.durand135@example.fr;;0610000135;16 chemin des Vignes;;80000;Amiens;FR;
CLI-0136;company;;;Entreprise Leroy SARL;10000000000136;contact136@entreprise-136.example.fr;0140000136;;17 impasse des Lilas;;76000;Rouen;FR;
CLI-0137;company;;;Entreprise Moreau SA;10000000000137;contact137@entreprise-137.example.fr;0140000137;;18 allée des Tilleuls;;14000;Caen;FR;
CLI-0138;individual;Thomas;Simon;;;thomas.simon138@example.fr;;0610000138;19 rue Nationale;;29200;Brest;FR;
CLI-0139;company;;;Entreprise Laurent SCI;10000000000139;contact139@entreprise-139.example.fr;0140000139;;20 cours Mirabeau;;29800;Landerneau;FR;
CLI-0140;company;;;Entreprise Lefebvre SAS;10000000000140;contact140@entreprise-140.example.fr;0140000140;;21 rue de la Paix;Bât A;75001;Paris;FR;
CLI-0141;individual;Léa;Michel;;;léa.michel141@example.fr;;0610000141;22 avenue Victor Hugo;;75002;Paris;FR;
CLI-0142;company;;;Entreprise Garcia SA;10000000000142;contact142@entreprise-142.example.fr;0140000142;;23 boulevard Haussmann;;69001;Lyon;FR;
CLI-0143;company;;;Entreprise David EURL;10000000000143;contact143@entreprise-143.example.fr;0140000143;;24 rue du Commerce;;69003;Lyon;FR;Client import test
CLI-0144;individual;Jean;Martin;;;jean.martin144@example.fr;;0610000144;25 place de la République;;13001;Marseille;FR;
CLI-0145;company;;;Entreprise Bernard SAS;10000000000145;contact145@entreprise-145.example.fr;0140000145;;26 chemin des Vignes;;33000;Bordeaux;FR;
CLI-0146;company;;;Entreprise Dubois SARL;10000000000146;contact146@entreprise-146.example.fr;0140000146;;27 impasse des Lilas;;31000;Toulouse;FR;
CLI-0147;individual;Sophie;Thomas;;;sophie.thomas147@example.fr;;0610000147;28 allée des Tilleuls;Bât C;44000;Nantes;FR;
CLI-0148;company;;;Entreprise Robert EURL;10000000000148;contact148@entreprise-148.example.fr;0140000148;;29 rue Nationale;;59000;Lille;FR;
CLI-0149;company;;;Entreprise Richard SCI;10000000000149;contact149@entreprise-149.example.fr;0140000149;;30 cours Mirabeau;;67000;Strasbourg;FR;
CLI-0150;individual;Antoine;Petit;;;antoine.petit150@example.fr;;0610000150;31 rue de la Paix;;34000;Montpellier;FR;
CLI-0151;company;;;Entreprise Durand SARL;10000000000151;contact151@entreprise-151.example.fr;0140000151;;32 avenue Victor Hugo;;06000;Nice;FR;
CLI-0152;company;;;Entreprise Leroy SA;10000000000152;contact152@entreprise-152.example.fr;0140000152;;33 boulevard Haussmann;;35000;Rennes;FR;
CLI-0153;individual;Claire;Moreau;;;claire.moreau153@example.fr;;0610000153;34 rue du Commerce;;51100;Reims;FR;
CLI-0154;company;;;Entreprise Simon SCI;10000000000154;contact154@entreprise-154.example.fr;0140000154;;35 place de la République;Bât E;21000;Dijon;FR;Client import test
CLI-0155;company;;;Entreprise Laurent SAS;10000000000155;contact155@entreprise-155.example.fr;0140000155;;36 chemin des Vignes;;80000;Amiens;FR;
CLI-0156;individual;Paul;Lefebvre;;;paul.lefebvre156@example.fr;;0610000156;37 impasse des Lilas;;76000;Rouen;FR;Particulier import test
CLI-0157;company;;;Entreprise Michel SA;10000000000157;contact157@entreprise-157.example.fr;0140000157;;38 allée des Tilleuls;;14000;Caen;FR;
CLI-0158;company;;;Entreprise Garcia EURL;10000000000158;contact158@entreprise-158.example.fr;0140000158;;39 rue Nationale;;29200;Brest;FR;
CLI-0159;individual;Chloé;David;;;chloé.david159@example.fr;;0610000159;40 cours Mirabeau;;29800;Landerneau;FR;
CLI-0160;company;;;Entreprise Martin SAS;10000000000160;contact160@entreprise-160.example.fr;0140000160;;41 rue de la Paix;;75001;Paris;FR;
CLI-0161;company;;;Entreprise Bernard SARL;10000000000161;contact161@entreprise-161.example.fr;0140000161;;42 avenue Victor Hugo;Bât B;75002;Paris;FR;
CLI-0162;individual;Pierre;Dubois;;;pierre.dubois162@example.fr;;0610000162;43 boulevard Haussmann;;69001;Lyon;FR;
CLI-0163;company;;;Entreprise Thomas EURL;10000000000163;contact163@entreprise-163.example.fr;0140000163;;44 rue du Commerce;;69003;Lyon;FR;
CLI-0164;company;;;Entreprise Robert SCI;10000000000164;contact164@entreprise-164.example.fr;0140000164;;45 place de la République;;13001;Marseille;FR;
CLI-0165;individual;Camille;Richard;;;camille.richard165@example.fr;;0610000165;46 chemin des Vignes;;33000;Bordeaux;FR;
CLI-0166;company;;;Entreprise Petit SARL;10000000000166;contact166@entreprise-166.example.fr;0140000166;;47 impasse des Lilas;;31000;Toulouse;FR;
CLI-0167;company;;;Entreprise Durand SA;10000000000167;contact167@entreprise-167.example.fr;0140000167;;48 allée des Tilleuls;;44000;Nantes;FR;
CLI-0168;individual;Nicolas;Leroy;;;nicolas.leroy168@example.fr;;0610000168;49 rue Nationale;Bât D;59000;Lille;FR;
CLI-0169;company;;;Entreprise Moreau SCI;10000000000169;contact169@entreprise-169.example.fr;0140000169;;50 cours Mirabeau;;67000;Strasbourg;FR;
CLI-0170;company;;;Entreprise Simon SAS;10000000000170;contact170@entreprise-170.example.fr;0140000170;;51 rue de la Paix;;34000;Montpellier;FR;
CLI-0171;individual;Emma;Laurent;;;emma.laurent171@example.fr;;0610000171;52 avenue Victor Hugo;;06000;Nice;FR;
CLI-0172;company;;;Entreprise Lefebvre SA;10000000000172;contact172@entreprise-172.example.fr;0140000172;;53 boulevard Haussmann;;35000;Rennes;FR;
CLI-0173;company;;;Entreprise Michel EURL;10000000000173;contact173@entreprise-173.example.fr;0140000173;;54 rue du Commerce;;51100;Reims;FR;
CLI-0174;individual;Hugo;Garcia;;;hugo.garcia174@example.fr;;0610000174;55 place de la République;;21000;Dijon;FR;
CLI-0175;company;;;Entreprise David SAS;10000000000175;contact175@entreprise-175.example.fr;0140000175;;56 chemin des Vignes;Bât A;80000;Amiens;FR;
CLI-0176;company;;;Entreprise Martin SARL;10000000000176;contact176@entreprise-176.example.fr;0140000176;;57 impasse des Lilas;;76000;Rouen;FR;Client import test
CLI-0177;individual;Marie;Bernard;;;marie.bernard177@example.fr;;0610000177;58 allée des Tilleuls;;14000;Caen;FR;
CLI-0178;company;;;Entreprise Dubois EURL;10000000000178;contact178@entreprise-178.example.fr;0140000178;;59 rue Nationale;;29200;Brest;FR;
CLI-0179;company;;;Entreprise Thomas SCI;10000000000179;contact179@entreprise-179.example.fr;0140000179;;60 cours Mirabeau;;29800;Landerneau;FR;
CLI-0180;individual;Luc;Robert;;;luc.robert180@example.fr;;0610000180;61 rue de la Paix;;75001;Paris;FR;
CLI-0181;company;;;Entreprise Richard SARL;10000000000181;contact181@entreprise-181.example.fr;0140000181;;62 avenue Victor Hugo;;75002;Paris;FR;
CLI-0182;company;;;Entreprise Petit SA;10000000000182;contact182@entreprise-182.example.fr;0140000182;;63 boulevard Haussmann;Bât C;69001;Lyon;FR;
CLI-0183;individual;Julie;Durand;;;julie.durand183@example.fr;;0610000183;64 rue du Commerce;;69003;Lyon;FR;
CLI-0184;company;;;Entreprise Leroy SCI;10000000000184;contact184@entreprise-184.example.fr;0140000184;;65 place de la République;;13001;Marseille;FR;
CLI-0185;company;;;Entreprise Moreau SAS;10000000000185;contact185@entreprise-185.example.fr;0140000185;;66 chemin des Vignes;;33000;Bordeaux;FR;
CLI-0186;individual;Thomas;Simon;;;thomas.simon186@example.fr;;0610000186;67 impasse des Lilas;;31000;Toulouse;FR;
CLI-0187;company;;;Entreprise Laurent SA;10000000000187;contact187@entreprise-187.example.fr;0140000187;;68 allée des Tilleuls;;44000;Nantes;FR;Client import test
CLI-0188;company;;;Entreprise Lefebvre EURL;10000000000188;contact188@entreprise-188.example.fr;0140000188;;69 rue Nationale;;59000;Lille;FR;
CLI-0189;individual;Léa;Michel;;;léa.michel189@example.fr;;0610000189;70 cours Mirabeau;Bât E;67000;Strasbourg;FR;
CLI-0190;company;;;Entreprise Garcia SAS;10000000000190;contact190@entreprise-190.example.fr;0140000190;;71 rue de la Paix;;34000;Montpellier;FR;
CLI-0191;company;;;Entreprise David SARL;10000000000191;contact191@entreprise-191.example.fr;0140000191;;72 avenue Victor Hugo;;06000;Nice;FR;
CLI-0192;individual;Jean;Martin;;;jean.martin192@example.fr;;0610000192;73 boulevard Haussmann;;35000;Rennes;FR;
CLI-0193;company;;;Entreprise Bernard EURL;10000000000193;contact193@entreprise-193.example.fr;0140000193;;74 rue du Commerce;;51100;Reims;FR;
CLI-0194;company;;;Entreprise Dubois SCI;10000000000194;contact194@entreprise-194.example.fr;0140000194;;75 place de la République;;21000;Dijon;FR;
CLI-0195;individual;Sophie;Thomas;;;sophie.thomas195@example.fr;;0610000195;76 chemin des Vignes;;80000;Amiens;FR;Particulier import test
CLI-0196;company;;;Entreprise Robert SARL;10000000000196;contact196@entreprise-196.example.fr;0140000196;;77 impasse des Lilas;Bât B;76000;Rouen;FR;
CLI-0197;company;;;Entreprise Richard SA;10000000000197;contact197@entreprise-197.example.fr;0140000197;;78 allée des Tilleuls;;14000;Caen;FR;
CLI-0198;individual;Antoine;Petit;;;antoine.petit198@example.fr;;0610000198;79 rue Nationale;;29200;Brest;FR;
CLI-0199;company;;;Entreprise Durand SCI;10000000000199;contact199@entreprise-199.example.fr;0140000199;;80 cours Mirabeau;;29800;Landerneau;FR;
CLI-0200;company;;;Entreprise Leroy SAS;10000000000200;contact200@entreprise-200.example.fr;0140000200;;81 rue de la Paix;;75001;Paris;FR;
CLI-0201;individual;Claire;Moreau;;;claire.moreau201@example.fr;;0610000201;82 avenue Victor Hugo;;75002;Paris;FR;
CLI-0202;company;;;Entreprise Simon SA;10000000000202;contact202@entreprise-202.example.fr;0140000202;;83 boulevard Haussmann;;69001;Lyon;FR;
CLI-0203;company;;;Entreprise Laurent EURL;10000000000203;contact203@entreprise-203.example.fr;0140000203;;84 rue du Commerce;Bât D;69003;Lyon;FR;
CLI-0204;individual;Paul;Lefebvre;;;paul.lefebvre204@example.fr;;0610000204;85 place de la République;;13001;Marseille;FR;
CLI-0205;company;;;Entreprise Michel SAS;10000000000205;contact205@entreprise-205.example.fr;0140000205;;86 chemin des Vignes;;33000;Bordeaux;FR;
CLI-0206;company;;;Entreprise Garcia SARL;10000000000206;contact206@entreprise-206.example.fr;0140000206;;87 impasse des Lilas;;31000;Toulouse;FR;
CLI-0207;individual;Chloé;David;;;chloé.david207@example.fr;;0610000207;88 allée des Tilleuls;;44000;Nantes;FR;
CLI-0208;company;;;Entreprise Martin EURL;10000000000208;contact208@entreprise-208.example.fr;0140000208;;89 rue Nationale;;59000;Lille;FR;
CLI-0209;company;;;Entreprise Bernard SCI;10000000000209;contact209@entreprise-209.example.fr;0140000209;;90 cours Mirabeau;;67000;Strasbourg;FR;Client import test
CLI-0210;individual;Pierre;Dubois;;;pierre.dubois210@example.fr;;0610000210;91 rue de la Paix;Bât A;34000;Montpellier;FR;
CLI-0211;company;;;Entreprise Thomas SARL;10000000000211;contact211@entreprise-211.example.fr;0140000211;;92 avenue Victor Hugo;;06000;Nice;FR;
CLI-0212;company;;;Entreprise Robert SA;10000000000212;contact212@entreprise-212.example.fr;0140000212;;93 boulevard Haussmann;;35000;Rennes;FR;
CLI-0213;individual;Camille;Richard;;;camille.richard213@example.fr;;0610000213;94 rue du Commerce;;51100;Reims;FR;
CLI-0214;company;;;Entreprise Petit SCI;10000000000214;contact214@entreprise-214.example.fr;0140000214;;95 place de la République;;21000;Dijon;FR;
CLI-0215;company;;;Entreprise Durand SAS;10000000000215;contact215@entreprise-215.example.fr;0140000215;;96 chemin des Vignes;;80000;Amiens;FR;
CLI-0216;individual;Nicolas;Leroy;;;nicolas.leroy216@example.fr;;0610000216;97 impasse des Lilas;;76000;Rouen;FR;
CLI-0217;company;;;Entreprise Moreau SA;10000000000217;contact217@entreprise-217.example.fr;0140000217;;98 allée des Tilleuls;Bât C;14000;Caen;FR;
CLI-0218;company;;;Entreprise Simon EURL;10000000000218;contact218@entreprise-218.example.fr;0140000218;;99 rue Nationale;;29200;Brest;FR;
CLI-0219;individual;Emma;Laurent;;;emma.laurent219@example.fr;;0610000219;100 cours Mirabeau;;29800;Landerneau;FR;
CLI-0220;company;;;Entreprise Lefebvre SAS;10000000000220;contact220@entreprise-220.example.fr;0140000220;;101 rue de la Paix;;75001;Paris;FR;Client import test
CLI-0221;company;;;Entreprise Michel SARL;10000000000221;contact221@entreprise-221.example.fr;0140000221;;102 avenue Victor Hugo;;75002;Paris;FR;
CLI-0222;individual;Hugo;Garcia;;;hugo.garcia222@example.fr;;0610000222;103 boulevard Haussmann;;69001;Lyon;FR;
CLI-0223;company;;;Entreprise David EURL;10000000000223;contact223@entreprise-223.example.fr;0140000223;;104 rue du Commerce;;69003;Lyon;FR;
CLI-0224;company;;;Entreprise Martin SCI;10000000000224;contact224@entreprise-224.example.fr;0140000224;;105 place de la République;Bât E;13001;Marseille;FR;
CLI-0225;individual;Marie;Bernard;;;marie.bernard225@example.fr;;0610000225;106 chemin des Vignes;;33000;Bordeaux;FR;
CLI-0226;company;;;Entreprise Dubois SARL;10000000000226;contact226@entreprise-226.example.fr;0140000226;;107 impasse des Lilas;;31000;Toulouse;FR;
CLI-0227;company;;;Entreprise Thomas SA;10000000000227;contact227@entreprise-227.example.fr;0140000227;;108 allée des Tilleuls;;44000;Nantes;FR;
CLI-0228;individual;Luc;Robert;;;luc.robert228@example.fr;;0610000228;109 rue Nationale;;59000;Lille;FR;
CLI-0229;company;;;Entreprise Richard SCI;10000000000229;contact229@entreprise-229.example.fr;0140000229;;110 cours Mirabeau;;67000;Strasbourg;FR;
CLI-0230;company;;;Entreprise Petit SAS;10000000000230;contact230@entreprise-230.example.fr;0140000230;;111 rue de la Paix;;34000;Montpellier;FR;
CLI-0231;individual;Julie;Durand;;;julie.durand231@example.fr;;0610000231;112 avenue Victor Hugo;Bât B;06000;Nice;FR;
CLI-0232;company;;;Entreprise Leroy SA;10000000000232;contact232@entreprise-232.example.fr;0140000232;;113 boulevard Haussmann;;35000;Rennes;FR;
CLI-0233;company;;;Entreprise Moreau EURL;10000000000233;contact233@entreprise-233.example.fr;0140000233;;114 rue du Commerce;;51100;Reims;FR;
CLI-0234;individual;Thomas;Simon;;;thomas.simon234@example.fr;;0610000234;115 place de la République;;21000;Dijon;FR;Particulier import test
CLI-0235;company;;;Entreprise Laurent SAS;10000000000235;contact235@entreprise-235.example.fr;0140000235;;116 chemin des Vignes;;80000;Amiens;FR;
CLI-0236;company;;;Entreprise Lefebvre SARL;10000000000236;contact236@entreprise-236.example.fr;0140000236;;117 impasse des Lilas;;76000;Rouen;FR;
CLI-0237;individual;Léa;Michel;;;léa.michel237@example.fr;;0610000237;118 allée des Tilleuls;;14000;Caen;FR;
CLI-0238;company;;;Entreprise Garcia EURL;10000000000238;contact238@entreprise-238.example.fr;0140000238;;119 rue Nationale;Bât D;29200;Brest;FR;
CLI-0239;company;;;Entreprise David SCI;10000000000239;contact239@entreprise-239.example.fr;0140000239;;120 cours Mirabeau;;29800;Landerneau;FR;
CLI-0240;individual;Jean;Martin;;;jean.martin240@example.fr;;0610000240;1 rue de la Paix;;75001;Paris;FR;
CLI-0241;company;;;Entreprise Bernard SARL;10000000000241;contact241@entreprise-241.example.fr;0140000241;;2 avenue Victor Hugo;;75002;Paris;FR;
CLI-0242;company;;;Entreprise Dubois SA;10000000000242;contact242@entreprise-242.example.fr;0140000242;;3 boulevard Haussmann;;69001;Lyon;FR;Client import test
CLI-0243;individual;Sophie;Thomas;;;sophie.thomas243@example.fr;;0610000243;4 rue du Commerce;;69003;Lyon;FR;
CLI-0244;company;;;Entreprise Robert SCI;10000000000244;contact244@entreprise-244.example.fr;0140000244;;5 place de la République;;13001;Marseille;FR;
CLI-0245;company;;;Entreprise Richard SAS;10000000000245;contact245@entreprise-245.example.fr;0140000245;;6 chemin des Vignes;Bât A;33000;Bordeaux;FR;
CLI-0246;individual;Antoine;Petit;;;antoine.petit246@example.fr;;0610000246;7 impasse des Lilas;;31000;Toulouse;FR;
CLI-0247;company;;;Entreprise Durand SA;10000000000247;contact247@entreprise-247.example.fr;0140000247;;8 allée des Tilleuls;;44000;Nantes;FR;
CLI-0248;company;;;Entreprise Leroy EURL;10000000000248;contact248@entreprise-248.example.fr;0140000248;;9 rue Nationale;;59000;Lille;FR;
CLI-0249;individual;Claire;Moreau;;;claire.moreau249@example.fr;;0610000249;10 cours Mirabeau;;67000;Strasbourg;FR;
CLI-0250;company;;;Entreprise Simon SAS;10000000000250;contact250@entreprise-250.example.fr;0140000250;;11 rue de la Paix;;34000;Montpellier;FR;
CLI-0251;company;;;Entreprise Laurent SARL;10000000000251;contact251@entreprise-251.example.fr;0140000251;;12 avenue Victor Hugo;;06000;Nice;FR;
CLI-0252;individual;Paul;Lefebvre;;;paul.lefebvre252@example.fr;;0610000252;13 boulevard Haussmann;Bât C;35000;Rennes;FR;
CLI-0253;company;;;Entreprise Michel EURL;10000000000253;contact253@entreprise-253.example.fr;0140000253;;14 rue du Commerce;;51100;Reims;FR;Client import test
CLI-0254;company;;;Entreprise Garcia SCI;10000000000254;contact254@entreprise-254.example.fr;0140000254;;15 place de la République;;21000;Dijon;FR;
CLI-0255;individual;Chloé;David;;;chloé.david255@example.fr;;0610000255;16 chemin des Vignes;;80000;Amiens;FR;
CLI-0256;company;;;Entreprise Martin SARL;10000000000256;contact256@entreprise-256.example.fr;0140000256;;17 impasse des Lilas;;76000;Rouen;FR;
CLI-0257;company;;;Entreprise Bernard SA;10000000000257;contact257@entreprise-257.example.fr;0140000257;;18 allée des Tilleuls;;14000;Caen;FR;
CLI-0258;individual;Pierre;Dubois;;;pierre.dubois258@example.fr;;0610000258;19 rue Nationale;;29200;Brest;FR;
CLI-0259;company;;;Entreprise Thomas SCI;10000000000259;contact259@entreprise-259.example.fr;0140000259;;20 cours Mirabeau;Bât E;29800;Landerneau;FR;
CLI-0260;company;;;Entreprise Robert SAS;10000000000260;contact260@entreprise-260.example.fr;0140000260;;21 rue de la Paix;;75001;Paris;FR;
CLI-0261;individual;Camille;Richard;;;camille.richard261@example.fr;;0610000261;22 avenue Victor Hugo;;75002;Paris;FR;
CLI-0262;company;;;Entreprise Petit SA;10000000000262;contact262@entreprise-262.example.fr;0140000262;;23 boulevard Haussmann;;69001;Lyon;FR;
CLI-0263;company;;;Entreprise Durand EURL;10000000000263;contact263@entreprise-263.example.fr;0140000263;;24 rue du Commerce;;69003;Lyon;FR;
CLI-0264;individual;Nicolas;Leroy;;;nicolas.leroy264@example.fr;;0610000264;25 place de la République;;13001;Marseille;FR;
CLI-0265;company;;;Entreprise Moreau SAS;10000000000265;contact265@entreprise-265.example.fr;0140000265;;26 chemin des Vignes;;33000;Bordeaux;FR;
CLI-0266;company;;;Entreprise Simon SARL;10000000000266;contact266@entreprise-266.example.fr;0140000266;;27 impasse des Lilas;Bât B;31000;Toulouse;FR;
CLI-0267;individual;Emma;Laurent;;;emma.laurent267@example.fr;;0610000267;28 allée des Tilleuls;;44000;Nantes;FR;
CLI-0268;company;;;Entreprise Lefebvre EURL;10000000000268;contact268@entreprise-268.example.fr;0140000268;;29 rue Nationale;;59000;Lille;FR;
CLI-0269;company;;;Entreprise Michel SCI;10000000000269;contact269@entreprise-269.example.fr;0140000269;;30 cours Mirabeau;;67000;Strasbourg;FR;
CLI-0270;individual;Hugo;Garcia;;;hugo.garcia270@example.fr;;0610000270;31 rue de la Paix;;34000;Montpellier;FR;
CLI-0271;company;;;Entreprise David SARL;10000000000271;contact271@entreprise-271.example.fr;0140000271;;32 avenue Victor Hugo;;06000;Nice;FR;
CLI-0272;company;;;Entreprise Martin SA;10000000000272;contact272@entreprise-272.example.fr;0140000272;;33 boulevard Haussmann;;35000;Rennes;FR;
CLI-0273;individual;Marie;Bernard;;;marie.bernard273@example.fr;;0610000273;34 rue du Commerce;Bât D;51100;Reims;FR;Particulier import test
CLI-0274;company;;;Entreprise Dubois SCI;10000000000274;contact274@entreprise-274.example.fr;0140000274;;35 place de la République;;21000;Dijon;FR;
CLI-0275;company;;;Entreprise Thomas SAS;10000000000275;contact275@entreprise-275.example.fr;0140000275;;36 chemin des Vignes;;80000;Amiens;FR;Client import test
CLI-0276;individual;Luc;Robert;;;luc.robert276@example.fr;;0610000276;37 impasse des Lilas;;76000;Rouen;FR;
CLI-0277;company;;;Entreprise Richard SA;10000000000277;contact277@entreprise-277.example.fr;0140000277;;38 allée des Tilleuls;;14000;Caen;FR;
CLI-0278;company;;;Entreprise Petit EURL;10000000000278;contact278@entreprise-278.example.fr;0140000278;;39 rue Nationale;;29200;Brest;FR;
CLI-0279;individual;Julie;Durand;;;julie.durand279@example.fr;;0610000279;40 cours Mirabeau;;29800;Landerneau;FR;
CLI-0280;company;;;Entreprise Leroy SAS;10000000000280;contact280@entreprise-280.example.fr;0140000280;;41 rue de la Paix;Bât A;75001;Paris;FR;
CLI-0281;company;;;Entreprise Moreau SARL;10000000000281;contact281@entreprise-281.example.fr;0140000281;;42 avenue Victor Hugo;;75002;Paris;FR;
CLI-0282;individual;Thomas;Simon;;;thomas.simon282@example.fr;;0610000282;43 boulevard Haussmann;;69001;Lyon;FR;
CLI-0283;company;;;Entreprise Laurent EURL;10000000000283;contact283@entreprise-283.example.fr;0140000283;;44 rue du Commerce;;69003;Lyon;FR;
CLI-0284;company;;;Entreprise Lefebvre SCI;10000000000284;contact284@entreprise-284.example.fr;0140000284;;45 place de la République;;13001;Marseille;FR;
CLI-0285;individual;Léa;Michel;;;léa.michel285@example.fr;;0610000285;46 chemin des Vignes;;33000;Bordeaux;FR;
CLI-0286;company;;;Entreprise Garcia SARL;10000000000286;contact286@entreprise-286.example.fr;0140000286;;47 impasse des Lilas;;31000;Toulouse;FR;Client import test
CLI-0287;company;;;Entreprise David SA;10000000000287;contact287@entreprise-287.example.fr;0140000287;;48 allée des Tilleuls;Bât C;44000;Nantes;FR;
CLI-0288;individual;Jean;Martin;;;jean.martin288@example.fr;;0610000288;49 rue Nationale;;59000;Lille;FR;
CLI-0289;company;;;Entreprise Bernard SCI;10000000000289;contact289@entreprise-289.example.fr;0140000289;;50 cours Mirabeau;;67000;Strasbourg;FR;
CLI-0290;company;;;Entreprise Dubois SAS;10000000000290;contact290@entreprise-290.example.fr;0140000290;;51 rue de la Paix;;34000;Montpellier;FR;
CLI-0291;individual;Sophie;Thomas;;;sophie.thomas291@example.fr;;0610000291;52 avenue Victor Hugo;;06000;Nice;FR;
CLI-0292;company;;;Entreprise Robert SA;10000000000292;contact292@entreprise-292.example.fr;0140000292;;53 boulevard Haussmann;;35000;Rennes;FR;
CLI-0293;company;;;Entreprise Richard EURL;10000000000293;contact293@entreprise-293.example.fr;0140000293;;54 rue du Commerce;;51100;Reims;FR;
CLI-0294;individual;Antoine;Petit;;;antoine.petit294@example.fr;;0610000294;55 place de la République;Bât E;21000;Dijon;FR;
CLI-0295;company;;;Entreprise Durand SAS;10000000000295;contact295@entreprise-295.example.fr;0140000295;;56 chemin des Vignes;;80000;Amiens;FR;
CLI-0296;company;;;Entreprise Leroy SARL;10000000000296;contact296@entreprise-296.example.fr;0140000296;;57 impasse des Lilas;;76000;Rouen;FR;
CLI-0297;individual;Claire;Moreau;;;claire.moreau297@example.fr;;0610000297;58 allée des Tilleuls;;14000;Caen;FR;
CLI-0298;company;;;Entreprise Simon EURL;10000000000298;contact298@entreprise-298.example.fr;0140000298;;59 rue Nationale;;29200;Brest;FR;
CLI-0299;company;;;Entreprise Laurent SCI;10000000000299;contact299@entreprise-299.example.fr;0140000299;;60 cours Mirabeau;;29800;Landerneau;FR;
CLI-0300;individual;Paul;Lefebvre;;;paul.lefebvre300@example.fr;;0610000300;61 rue de la Paix;;75001;Paris;FR;
CLI-0301;company;;;Entreprise Michel SARL;10000000000301;contact301@entreprise-301.example.fr;0140000301;;62 avenue Victor Hugo;Bât B;75002;Paris;FR;
CLI-0302;company;;;Entreprise Garcia SA;10000000000302;contact302@entreprise-302.example.fr;0140000302;;63 boulevard Haussmann;;69001;Lyon;FR;
CLI-0303;individual;Chloé;David;;;chloé.david303@example.fr;;0610000303;64 rue du Commerce;;69003;Lyon;FR;
CLI-0304;company;;;Entreprise Martin SCI;10000000000304;contact304@entreprise-304.example.fr;0140000304;;65 place de la République;;13001;Marseille;FR;
CLI-0305;company;;;Entreprise Bernard SAS;10000000000305;contact305@entreprise-305.example.fr;0140000305;;66 chemin des Vignes;;33000;Bordeaux;FR;
CLI-0306;individual;Pierre;Dubois;;;pierre.dubois306@example.fr;;0610000306;67 impasse des Lilas;;31000;Toulouse;FR;
CLI-0307;company;;;Entreprise Thomas SA;10000000000307;contact307@entreprise-307.example.fr;0140000307;;68 allée des Tilleuls;;44000;Nantes;FR;
CLI-0308;company;;;Entreprise Robert EURL;10000000000308;contact308@entreprise-308.example.fr;0140000308;;69 rue Nationale;Bât D;59000;Lille;FR;Client import test
CLI-0309;individual;Camille;Richard;;;camille.richard309@example.fr;;0610000309;70 cours Mirabeau;;67000;Strasbourg;FR;
CLI-0310;company;;;Entreprise Petit SAS;10000000000310;contact310@entreprise-310.example.fr;0140000310;;71 rue de la Paix;;34000;Montpellier;FR;
CLI-0311;company;;;Entreprise Durand SARL;10000000000311;contact311@entreprise-311.example.fr;0140000311;;72 avenue Victor Hugo;;06000;Nice;FR;
CLI-0312;individual;Nicolas;Leroy;;;nicolas.leroy312@example.fr;;0610000312;73 boulevard Haussmann;;35000;Rennes;FR;Particulier import test
CLI-0313;company;;;Entreprise Moreau EURL;10000000000313;contact313@entreprise-313.example.fr;0140000313;;74 rue du Commerce;;51100;Reims;FR;
CLI-0314;company;;;Entreprise Simon SCI;10000000000314;contact314@entreprise-314.example.fr;0140000314;;75 place de la République;;21000;Dijon;FR;
CLI-0315;individual;Emma;Laurent;;;emma.laurent315@example.fr;;0610000315;76 chemin des Vignes;Bât A;80000;Amiens;FR;
CLI-0316;company;;;Entreprise Lefebvre SARL;10000000000316;contact316@entreprise-316.example.fr;0140000316;;77 impasse des Lilas;;76000;Rouen;FR;
CLI-0317;company;;;Entreprise Michel SA;10000000000317;contact317@entreprise-317.example.fr;0140000317;;78 allée des Tilleuls;;14000;Caen;FR;
CLI-0318;individual;Hugo;Garcia;;;hugo.garcia318@example.fr;;0610000318;79 rue Nationale;;29200;Brest;FR;
CLI-0319;company;;;Entreprise David SCI;10000000000319;contact319@entreprise-319.example.fr;0140000319;;80 cours Mirabeau;;29800;Landerneau;FR;Client import test
CLI-0320;company;;;Entreprise Martin SAS;10000000000320;contact320@entreprise-320.example.fr;0140000320;;81 rue de la Paix;;75001;Paris;FR;
CLI-0321;individual;Marie;Bernard;;;marie.bernard321@example.fr;;0610000321;82 avenue Victor Hugo;;75002;Paris;FR;
CLI-0322;company;;;Entreprise Dubois SA;10000000000322;contact322@entreprise-322.example.fr;0140000322;;83 boulevard Haussmann;Bât C;69001;Lyon;FR;
CLI-0323;company;;;Entreprise Thomas EURL;10000000000323;contact323@entreprise-323.example.fr;0140000323;;84 rue du Commerce;;69003;Lyon;FR;
CLI-0324;individual;Luc;Robert;;;luc.robert324@example.fr;;0610000324;85 place de la République;;13001;Marseille;FR;
CLI-0325;company;;;Entreprise Richard SAS;10000000000325;contact325@entreprise-325.example.fr;0140000325;;86 chemin des Vignes;;33000;Bordeaux;FR;
CLI-0326;company;;;Entreprise Petit SARL;10000000000326;contact326@entreprise-326.example.fr;0140000326;;87 impasse des Lilas;;31000;Toulouse;FR;
CLI-0327;individual;Julie;Durand;;;julie.durand327@example.fr;;0610000327;88 allée des Tilleuls;;44000;Nantes;FR;
CLI-0328;company;;;Entreprise Leroy EURL;10000000000328;contact328@entreprise-328.example.fr;0140000328;;89 rue Nationale;;59000;Lille;FR;
CLI-0329;company;;;Entreprise Moreau SCI;10000000000329;contact329@entreprise-329.example.fr;0140000329;;90 cours Mirabeau;Bât E;67000;Strasbourg;FR;
CLI-0330;individual;Thomas;Simon;;;thomas.simon330@example.fr;;0610000330;91 rue de la Paix;;34000;Montpellier;FR;
CLI-0331;company;;;Entreprise Laurent SARL;10000000000331;contact331@entreprise-331.example.fr;0140000331;;92 avenue Victor Hugo;;06000;Nice;FR;
CLI-0332;company;;;Entreprise Lefebvre SA;10000000000332;contact332@entreprise-332.example.fr;0140000332;;93 boulevard Haussmann;;35000;Rennes;FR;
CLI-0333;individual;Léa;Michel;;;léa.michel333@example.fr;;0610000333;94 rue du Commerce;;51100;Reims;FR;
CLI-0334;company;;;Entreprise Garcia SCI;10000000000334;contact334@entreprise-334.example.fr;0140000334;;95 place de la République;;21000;Dijon;FR;
CLI-0335;company;;;Entreprise David SAS;10000000000335;contact335@entreprise-335.example.fr;0140000335;;96 chemin des Vignes;;80000;Amiens;FR;
CLI-0336;individual;Jean;Martin;;;jean.martin336@example.fr;;0610000336;97 impasse des Lilas;Bât B;76000;Rouen;FR;
CLI-0337;company;;;Entreprise Bernard SA;10000000000337;contact337@entreprise-337.example.fr;0140000337;;98 allée des Tilleuls;;14000;Caen;FR;
CLI-0338;company;;;Entreprise Dubois EURL;10000000000338;contact338@entreprise-338.example.fr;0140000338;;99 rue Nationale;;29200;Brest;FR;
CLI-0339;individual;Sophie;Thomas;;;sophie.thomas339@example.fr;;0610000339;100 cours Mirabeau;;29800;Landerneau;FR;
CLI-0340;company;;;Entreprise Robert SAS;10000000000340;contact340@entreprise-340.example.fr;0140000340;;101 rue de la Paix;;75001;Paris;FR;
CLI-0341;company;;;Entreprise Richard SARL;10000000000341;contact341@entreprise-341.example.fr;0140000341;;102 avenue Victor Hugo;;75002;Paris;FR;Client import test
CLI-0342;individual;Antoine;Petit;;;antoine.petit342@example.fr;;0610000342;103 boulevard Haussmann;;69001;Lyon;FR;
CLI-0343;company;;;Entreprise Durand EURL;10000000000343;contact343@entreprise-343.example.fr;0140000343;;104 rue du Commerce;Bât D;69003;Lyon;FR;
CLI-0344;company;;;Entreprise Leroy SCI;10000000000344;contact344@entreprise-344.example.fr;0140000344;;105 place de la République;;13001;Marseille;FR;
CLI-0345;individual;Claire;Moreau;;;claire.moreau345@example.fr;;0610000345;106 chemin des Vignes;;33000;Bordeaux;FR;
CLI-0346;company;;;Entreprise Simon SARL;10000000000346;contact346@entreprise-346.example.fr;0140000346;;107 impasse des Lilas;;31000;Toulouse;FR;
CLI-0347;company;;;Entreprise Laurent SA;10000000000347;contact347@entreprise-347.example.fr;0140000347;;108 allée des Tilleuls;;44000;Nantes;FR;
CLI-0348;individual;Paul;Lefebvre;;;paul.lefebvre348@example.fr;;0610000348;109 rue Nationale;;59000;Lille;FR;
CLI-0349;company;;;Entreprise Michel SCI;10000000000349;contact349@entreprise-349.example.fr;0140000349;;110 cours Mirabeau;;67000;Strasbourg;FR;
CLI-0350;company;;;Entreprise Garcia SAS;10000000000350;contact350@entreprise-350.example.fr;0140000350;;111 rue de la Paix;Bât A;34000;Montpellier;FR;
CLI-0351;individual;Chloé;David;;;chloé.david351@example.fr;;0610000351;112 avenue Victor Hugo;;06000;Nice;FR;Particulier import test
CLI-0352;company;;;Entreprise Martin SA;10000000000352;contact352@entreprise-352.example.fr;0140000352;;113 boulevard Haussmann;;35000;Rennes;FR;Client import test
CLI-0353;company;;;Entreprise Bernard EURL;10000000000353;contact353@entreprise-353.example.fr;0140000353;;114 rue du Commerce;;51100;Reims;FR;
CLI-0354;individual;Pierre;Dubois;;;pierre.dubois354@example.fr;;0610000354;115 place de la République;;21000;Dijon;FR;
CLI-0355;company;;;Entreprise Thomas SAS;10000000000355;contact355@entreprise-355.example.fr;0140000355;;116 chemin des Vignes;;80000;Amiens;FR;
CLI-0356;company;;;Entreprise Robert SARL;10000000000356;contact356@entreprise-356.example.fr;0140000356;;117 impasse des Lilas;;76000;Rouen;FR;
CLI-0357;individual;Camille;Richard;;;camille.richard357@example.fr;;0610000357;118 allée des Tilleuls;Bât C;14000;Caen;FR;
CLI-0358;company;;;Entreprise Petit EURL;10000000000358;contact358@entreprise-358.example.fr;0140000358;;119 rue Nationale;;29200;Brest;FR;
CLI-0359;company;;;Entreprise Durand SCI;10000000000359;contact359@entreprise-359.example.fr;0140000359;;120 cours Mirabeau;;29800;Landerneau;FR;
CLI-0360;individual;Nicolas;Leroy;;;nicolas.leroy360@example.fr;;0610000360;1 rue de la Paix;;75001;Paris;FR;
CLI-0361;company;;;Entreprise Moreau SARL;10000000000361;contact361@entreprise-361.example.fr;0140000361;;2 avenue Victor Hugo;;75002;Paris;FR;
CLI-0362;company;;;Entreprise Simon SA;10000000000362;contact362@entreprise-362.example.fr;0140000362;;3 boulevard Haussmann;;69001;Lyon;FR;
CLI-0363;individual;Emma;Laurent;;;emma.laurent363@example.fr;;0610000363;4 rue du Commerce;;69003;Lyon;FR;
CLI-0364;company;;;Entreprise Lefebvre SCI;10000000000364;contact364@entreprise-364.example.fr;0140000364;;5 place de la République;Bât E;13001;Marseille;FR;
CLI-0365;company;;;Entreprise Michel SAS;10000000000365;contact365@entreprise-365.example.fr;0140000365;;6 chemin des Vignes;;33000;Bordeaux;FR;
CLI-0366;individual;Hugo;Garcia;;;hugo.garcia366@example.fr;;0610000366;7 impasse des Lilas;;31000;Toulouse;FR;
CLI-0367;company;;;Entreprise David SA;10000000000367;contact367@entreprise-367.example.fr;0140000367;;8 allée des Tilleuls;;44000;Nantes;FR;
CLI-0368;company;;;Entreprise Martin EURL;10000000000368;contact368@entreprise-368.example.fr;0140000368;;9 rue Nationale;;59000;Lille;FR;
CLI-0369;individual;Marie;Bernard;;;marie.bernard369@example.fr;;0610000369;10 cours Mirabeau;;67000;Strasbourg;FR;
CLI-0370;company;;;Entreprise Dubois SAS;10000000000370;contact370@entreprise-370.example.fr;0140000370;;11 rue de la Paix;;34000;Montpellier;FR;
CLI-0371;company;;;Entreprise Thomas SARL;10000000000371;contact371@entreprise-371.example.fr;0140000371;;12 avenue Victor Hugo;Bât B;06000;Nice;FR;
CLI-0372;individual;Luc;Robert;;;luc.robert372@example.fr;;0610000372;13 boulevard Haussmann;;35000;Rennes;FR;
CLI-0373;company;;;Entreprise Richard EURL;10000000000373;contact373@entreprise-373.example.fr;0140000373;;14 rue du Commerce;;51100;Reims;FR;
CLI-0374;company;;;Entreprise Petit SCI;10000000000374;contact374@entreprise-374.example.fr;0140000374;;15 place de la République;;21000;Dijon;FR;Client import test
CLI-0375;individual;Julie;Durand;;;julie.durand375@example.fr;;0610000375;16 chemin des Vignes;;80000;Amiens;FR;
CLI-0376;company;;;Entreprise Leroy SARL;10000000000376;contact376@entreprise-376.example.fr;0140000376;;17 impasse des Lilas;;76000;Rouen;FR;
CLI-0377;company;;;Entreprise Moreau SA;10000000000377;contact377@entreprise-377.example.fr;0140000377;;18 allée des Tilleuls;;14000;Caen;FR;
CLI-0378;individual;Thomas;Simon;;;thomas.simon378@example.fr;;0610000378;19 rue Nationale;Bât D;29200;Brest;FR;
CLI-0379;company;;;Entreprise Laurent SCI;10000000000379;contact379@entreprise-379.example.fr;0140000379;;20 cours Mirabeau;;29800;Landerneau;FR;
CLI-0380;company;;;Entreprise Lefebvre SAS;10000000000380;contact380@entreprise-380.example.fr;0140000380;;21 rue de la Paix;;75001;Paris;FR;
CLI-0381;individual;Léa;Michel;;;léa.michel381@example.fr;;0610000381;22 avenue Victor Hugo;;75002;Paris;FR;
CLI-0382;company;;;Entreprise Garcia SA;10000000000382;contact382@entreprise-382.example.fr;0140000382;;23 boulevard Haussmann;;69001;Lyon;FR;
CLI-0383;company;;;Entreprise David EURL;10000000000383;contact383@entreprise-383.example.fr;0140000383;;24 rue du Commerce;;69003;Lyon;FR;
CLI-0384;individual;Jean;Martin;;;jean.martin384@example.fr;;0610000384;25 place de la République;;13001;Marseille;FR;
CLI-0385;company;;;Entreprise Bernard SAS;10000000000385;contact385@entreprise-385.example.fr;0140000385;;26 chemin des Vignes;Bât A;33000;Bordeaux;FR;Client import test
CLI-0386;company;;;Entreprise Dubois SARL;10000000000386;contact386@entreprise-386.example.fr;0140000386;;27 impasse des Lilas;;31000;Toulouse;FR;
CLI-0387;individual;Sophie;Thomas;;;sophie.thomas387@example.fr;;0610000387;28 allée des Tilleuls;;44000;Nantes;FR;
CLI-0388;company;;;Entreprise Robert EURL;10000000000388;contact388@entreprise-388.example.fr;0140000388;;29 rue Nationale;;59000;Lille;FR;
CLI-0389;company;;;Entreprise Richard SCI;10000000000389;contact389@entreprise-389.example.fr;0140000389;;30 cours Mirabeau;;67000;Strasbourg;FR;
CLI-0390;individual;Antoine;Petit;;;antoine.petit390@example.fr;;0610000390;31 rue de la Paix;;34000;Montpellier;FR;Particulier import test
CLI-0391;company;;;Entreprise Durand SARL;10000000000391;contact391@entreprise-391.example.fr;0140000391;;32 avenue Victor Hugo;;06000;Nice;FR;
CLI-0392;company;;;Entreprise Leroy SA;10000000000392;contact392@entreprise-392.example.fr;0140000392;;33 boulevard Haussmann;Bât C;35000;Rennes;FR;
CLI-0393;individual;Claire;Moreau;;;claire.moreau393@example.fr;;0610000393;34 rue du Commerce;;51100;Reims;FR;
CLI-0394;company;;;Entreprise Simon SCI;10000000000394;contact394@entreprise-394.example.fr;0140000394;;35 place de la République;;21000;Dijon;FR;
CLI-0395;company;;;Entreprise Laurent SAS;10000000000395;contact395@entreprise-395.example.fr;0140000395;;36 chemin des Vignes;;80000;Amiens;FR;
CLI-0396;individual;Paul;Lefebvre;;;paul.lefebvre396@example.fr;;0610000396;37 impasse des Lilas;;76000;Rouen;FR;
CLI-0397;company;;;Entreprise Michel SA;10000000000397;contact397@entreprise-397.example.fr;0140000397;;38 allée des Tilleuls;;14000;Caen;FR;
CLI-0398;company;;;Entreprise Garcia EURL;10000000000398;contact398@entreprise-398.example.fr;0140000398;;39 rue Nationale;;29200;Brest;FR;
CLI-0399;individual;Chloé;David;;;chloé.david399@example.fr;;0610000399;40 cours Mirabeau;Bât E;29800;Landerneau;FR;
CLI-0400;company;;;Entreprise Martin SAS;10000000000400;contact400@entreprise-400.example.fr;0140000400;;41 rue de la Paix;;75001;Paris;FR;
CLI-0401;company;;;Entreprise Bernard SARL;10000000000401;contact401@entreprise-401.example.fr;0140000401;;42 avenue Victor Hugo;;75002;Paris;FR;
CLI-0402;individual;Pierre;Dubois;;;pierre.dubois402@example.fr;;0610000402;43 boulevard Haussmann;;69001;Lyon;FR;
CLI-0403;company;;;Entreprise Thomas EURL;10000000000403;contact403@entreprise-403.example.fr;0140000403;;44 rue du Commerce;;69003;Lyon;FR;
CLI-0404;company;;;Entreprise Robert SCI;10000000000404;contact404@entreprise-404.example.fr;0140000404;;45 place de la République;;13001;Marseille;FR;
CLI-0405;individual;Camille;Richard;;;camille.richard405@example.fr;;0610000405;46 chemin des Vignes;;33000;Bordeaux;FR;
CLI-0406;company;;;Entreprise Petit SARL;10000000000406;contact406@entreprise-406.example.fr;0140000406;;47 impasse des Lilas;Bât B;31000;Toulouse;FR;
CLI-0407;company;;;Entreprise Durand SA;10000000000407;contact407@entreprise-407.example.fr;0140000407;;48 allée des Tilleuls;;44000;Nantes;FR;Client import test
CLI-0408;individual;Nicolas;Leroy;;;nicolas.leroy408@example.fr;;0610000408;49 rue Nationale;;59000;Lille;FR;
CLI-0409;company;;;Entreprise Moreau SCI;10000000000409;contact409@entreprise-409.example.fr;0140000409;;50 cours Mirabeau;;67000;Strasbourg;FR;
CLI-0410;company;;;Entreprise Simon SAS;10000000000410;contact410@entreprise-410.example.fr;0140000410;;51 rue de la Paix;;34000;Montpellier;FR;
CLI-0411;individual;Emma;Laurent;;;emma.laurent411@example.fr;;0610000411;52 avenue Victor Hugo;;06000;Nice;FR;
CLI-0412;company;;;Entreprise Lefebvre SA;10000000000412;contact412@entreprise-412.example.fr;0140000412;;53 boulevard Haussmann;;35000;Rennes;FR;
CLI-0413;company;;;Entreprise Michel EURL;10000000000413;contact413@entreprise-413.example.fr;0140000413;;54 rue du Commerce;Bât D;51100;Reims;FR;
CLI-0414;individual;Hugo;Garcia;;;hugo.garcia414@example.fr;;0610000414;55 place de la République;;21000;Dijon;FR;
CLI-0415;company;;;Entreprise David SAS;10000000000415;contact415@entreprise-415.example.fr;0140000415;;56 chemin des Vignes;;80000;Amiens;FR;
CLI-0416;company;;;Entreprise Martin SARL;10000000000416;contact416@entreprise-416.example.fr;0140000416;;57 impasse des Lilas;;76000;Rouen;FR;
CLI-0417;individual;Marie;Bernard;;;marie.bernard417@example.fr;;0610000417;58 allée des Tilleuls;;14000;Caen;FR;
CLI-0418;company;;;Entreprise Dubois EURL;10000000000418;contact418@entreprise-418.example.fr;0140000418;;59 rue Nationale;;29200;Brest;FR;Client import test
CLI-0419;company;;;Entreprise Thomas SCI;10000000000419;contact419@entreprise-419.example.fr;0140000419;;60 cours Mirabeau;;29800;Landerneau;FR;
CLI-0420;individual;Luc;Robert;;;luc.robert420@example.fr;;0610000420;61 rue de la Paix;Bât A;75001;Paris;FR;
CLI-0421;company;;;Entreprise Richard SARL;10000000000421;contact421@entreprise-421.example.fr;0140000421;;62 avenue Victor Hugo;;75002;Paris;FR;
CLI-0422;company;;;Entreprise Petit SA;10000000000422;contact422@entreprise-422.example.fr;0140000422;;63 boulevard Haussmann;;69001;Lyon;FR;
CLI-0423;individual;Julie;Durand;;;julie.durand423@example.fr;;0610000423;64 rue du Commerce;;69003;Lyon;FR;
CLI-0424;company;;;Entreprise Leroy SCI;10000000000424;contact424@entreprise-424.example.fr;0140000424;;65 place de la République;;13001;Marseille;FR;
CLI-0425;company;;;Entreprise Moreau SAS;10000000000425;contact425@entreprise-425.example.fr;0140000425;;66 chemin des Vignes;;33000;Bordeaux;FR;
CLI-0426;individual;Thomas;Simon;;;thomas.simon426@example.fr;;0610000426;67 impasse des Lilas;;31000;Toulouse;FR;
CLI-0427;company;;;Entreprise Laurent SA;10000000000427;contact427@entreprise-427.example.fr;0140000427;;68 allée des Tilleuls;Bât C;44000;Nantes;FR;
CLI-0428;company;;;Entreprise Lefebvre EURL;10000000000428;contact428@entreprise-428.example.fr;0140000428;;69 rue Nationale;;59000;Lille;FR;
CLI-0429;individual;Léa;Michel;;;léa.michel429@example.fr;;0610000429;70 cours Mirabeau;;67000;Strasbourg;FR;Particulier import test
CLI-0430;company;;;Entreprise Garcia SAS;10000000000430;contact430@entreprise-430.example.fr;0140000430;;71 rue de la Paix;;34000;Montpellier;FR;
CLI-0431;company;;;Entreprise David SARL;10000000000431;contact431@entreprise-431.example.fr;0140000431;;72 avenue Victor Hugo;;06000;Nice;FR;
CLI-0432;individual;Jean;Martin;;;jean.martin432@example.fr;;0610000432;73 boulevard Haussmann;;35000;Rennes;FR;
CLI-0433;company;;;Entreprise Bernard EURL;10000000000433;contact433@entreprise-433.example.fr;0140000433;;74 rue du Commerce;;51100;Reims;FR;
CLI-0434;company;;;Entreprise Dubois SCI;10000000000434;contact434@entreprise-434.example.fr;0140000434;;75 place de la République;Bât E;21000;Dijon;FR;
CLI-0435;individual;Sophie;Thomas;;;sophie.thomas435@example.fr;;0610000435;76 chemin des Vignes;;80000;Amiens;FR;
CLI-0436;company;;;Entreprise Robert SARL;10000000000436;contact436@entreprise-436.example.fr;0140000436;;77 impasse des Lilas;;76000;Rouen;FR;
CLI-0437;company;;;Entreprise Richard SA;10000000000437;contact437@entreprise-437.example.fr;0140000437;;78 allée des Tilleuls;;14000;Caen;FR;
CLI-0438;individual;Antoine;Petit;;;antoine.petit438@example.fr;;0610000438;79 rue Nationale;;29200;Brest;FR;
CLI-0439;company;;;Entreprise Durand SCI;10000000000439;contact439@entreprise-439.example.fr;0140000439;;80 cours Mirabeau;;29800;Landerneau;FR;
CLI-0440;company;;;Entreprise Leroy SAS;10000000000440;contact440@entreprise-440.example.fr;0140000440;;81 rue de la Paix;;75001;Paris;FR;Client import test
CLI-0441;individual;Claire;Moreau;;;claire.moreau441@example.fr;;0610000441;82 avenue Victor Hugo;Bât B;75002;Paris;FR;
CLI-0442;company;;;Entreprise Simon SA;10000000000442;contact442@entreprise-442.example.fr;0140000442;;83 boulevard Haussmann;;69001;Lyon;FR;
CLI-0443;company;;;Entreprise Laurent EURL;10000000000443;contact443@entreprise-443.example.fr;0140000443;;84 rue du Commerce;;69003;Lyon;FR;
CLI-0444;individual;Paul;Lefebvre;;;paul.lefebvre444@example.fr;;0610000444;85 place de la République;;13001;Marseille;FR;
CLI-0445;company;;;Entreprise Michel SAS;10000000000445;contact445@entreprise-445.example.fr;0140000445;;86 chemin des Vignes;;33000;Bordeaux;FR;
CLI-0446;company;;;Entreprise Garcia SARL;10000000000446;contact446@entreprise-446.example.fr;0140000446;;87 impasse des Lilas;;31000;Toulouse;FR;
CLI-0447;individual;Chloé;David;;;chloé.david447@example.fr;;0610000447;88 allée des Tilleuls;;44000;Nantes;FR;
CLI-0448;company;;;Entreprise Martin EURL;10000000000448;contact448@entreprise-448.example.fr;0140000448;;89 rue Nationale;Bât D;59000;Lille;FR;
CLI-0449;company;;;Entreprise Bernard SCI;10000000000449;contact449@entreprise-449.example.fr;0140000449;;90 cours Mirabeau;;67000;Strasbourg;FR;
CLI-0450;individual;Pierre;Dubois;;;pierre.dubois450@example.fr;;0610000450;91 rue de la Paix;;34000;Montpellier;FR;
CLI-0451;company;;;Entreprise Thomas SARL;10000000000451;contact451@entreprise-451.example.fr;0140000451;;92 avenue Victor Hugo;;06000;Nice;FR;Client import test
CLI-0452;company;;;Entreprise Robert SA;10000000000452;contact452@entreprise-452.example.fr;0140000452;;93 boulevard Haussmann;;35000;Rennes;FR;
CLI-0453;individual;Camille;Richard;;;camille.richard453@example.fr;;0610000453;94 rue du Commerce;;51100;Reims;FR;
CLI-0454;company;;;Entreprise Petit SCI;10000000000454;contact454@entreprise-454.example.fr;0140000454;;95 place de la République;;21000;Dijon;FR;
CLI-0455;company;;;Entreprise Durand SAS;10000000000455;contact455@entreprise-455.example.fr;0140000455;;96 chemin des Vignes;Bât A;80000;Amiens;FR;
CLI-0456;individual;Nicolas;Leroy;;;nicolas.leroy456@example.fr;;0610000456;97 impasse des Lilas;;76000;Rouen;FR;
CLI-0457;company;;;Entreprise Moreau SA;10000000000457;contact457@entreprise-457.example.fr;0140000457;;98 allée des Tilleuls;;14000;Caen;FR;
CLI-0458;company;;;Entreprise Simon EURL;10000000000458;contact458@entreprise-458.example.fr;0140000458;;99 rue Nationale;;29200;Brest;FR;
CLI-0459;individual;Emma;Laurent;;;emma.laurent459@example.fr;;0610000459;100 cours Mirabeau;;29800;Landerneau;FR;
CLI-0460;company;;;Entreprise Lefebvre SAS;10000000000460;contact460@entreprise-460.example.fr;0140000460;;101 rue de la Paix;;75001;Paris;FR;
CLI-0461;company;;;Entreprise Michel SARL;10000000000461;contact461@entreprise-461.example.fr;0140000461;;102 avenue Victor Hugo;;75002;Paris;FR;
CLI-0462;individual;Hugo;Garcia;;;hugo.garcia462@example.fr;;0610000462;103 boulevard Haussmann;Bât C;69001;Lyon;FR;
CLI-0463;company;;;Entreprise David EURL;10000000000463;contact463@entreprise-463.example.fr;0140000463;;104 rue du Commerce;;69003;Lyon;FR;
CLI-0464;company;;;Entreprise Martin SCI;10000000000464;contact464@entreprise-464.example.fr;0140000464;;105 place de la République;;13001;Marseille;FR;
CLI-0465;individual;Marie;Bernard;;;marie.bernard465@example.fr;;0610000465;106 chemin des Vignes;;33000;Bordeaux;FR;
CLI-0466;company;;;Entreprise Dubois SARL;10000000000466;contact466@entreprise-466.example.fr;0140000466;;107 impasse des Lilas;;31000;Toulouse;FR;
CLI-0467;company;;;Entreprise Thomas SA;10000000000467;contact467@entreprise-467.example.fr;0140000467;;108 allée des Tilleuls;;44000;Nantes;FR;
CLI-0468;individual;Luc;Robert;;;luc.robert468@example.fr;;0610000468;109 rue Nationale;;59000;Lille;FR;Particulier import test
CLI-0469;company;;;Entreprise Richard SCI;10000000000469;contact469@entreprise-469.example.fr;0140000469;;110 cours Mirabeau;Bât E;67000;Strasbourg;FR;
CLI-0470;company;;;Entreprise Petit SAS;10000000000470;contact470@entreprise-470.example.fr;0140000470;;111 rue de la Paix;;34000;Montpellier;FR;
CLI-0471;individual;Julie;Durand;;;julie.durand471@example.fr;;0610000471;112 avenue Victor Hugo;;06000;Nice;FR;
CLI-0472;company;;;Entreprise Leroy SA;10000000000472;contact472@entreprise-472.example.fr;0140000472;;113 boulevard Haussmann;;35000;Rennes;FR;
CLI-0473;company;;;Entreprise Moreau EURL;10000000000473;contact473@entreprise-473.example.fr;0140000473;;114 rue du Commerce;;51100;Reims;FR;Client import test
CLI-0474;individual;Thomas;Simon;;;thomas.simon474@example.fr;;0610000474;115 place de la République;;21000;Dijon;FR;
CLI-0475;company;;;Entreprise Laurent SAS;10000000000475;contact475@entreprise-475.example.fr;0140000475;;116 chemin des Vignes;;80000;Amiens;FR;
CLI-0476;company;;;Entreprise Lefebvre SARL;10000000000476;contact476@entreprise-476.example.fr;0140000476;;117 impasse des Lilas;Bât B;76000;Rouen;FR;
CLI-0477;individual;Léa;Michel;;;léa.michel477@example.fr;;0610000477;118 allée des Tilleuls;;14000;Caen;FR;
CLI-0478;company;;;Entreprise Garcia EURL;10000000000478;contact478@entreprise-478.example.fr;0140000478;;119 rue Nationale;;29200;Brest;FR;
CLI-0479;company;;;Entreprise David SCI;10000000000479;contact479@entreprise-479.example.fr;0140000479;;120 cours Mirabeau;;29800;Landerneau;FR;
CLI-0480;individual;Jean;Martin;;;jean.martin480@example.fr;;0610000480;1 rue de la Paix;;75001;Paris;FR;
CLI-0481;company;;;Entreprise Bernard SARL;10000000000481;contact481@entreprise-481.example.fr;0140000481;;2 avenue Victor Hugo;;75002;Paris;FR;
CLI-0482;company;;;Entreprise Dubois SA;10000000000482;contact482@entreprise-482.example.fr;0140000482;;3 boulevard Haussmann;;69001;Lyon;FR;
CLI-0483;individual;Sophie;Thomas;;;sophie.thomas483@example.fr;;0610000483;4 rue du Commerce;Bât D;69003;Lyon;FR;
CLI-0484;company;;;Entreprise Robert SCI;10000000000484;contact484@entreprise-484.example.fr;0140000484;;5 place de la République;;13001;Marseille;FR;Client import test
CLI-0485;company;;;Entreprise Richard SAS;10000000000485;contact485@entreprise-485.example.fr;0140000485;;6 chemin des Vignes;;33000;Bordeaux;FR;
CLI-0486;individual;Antoine;Petit;;;antoine.petit486@example.fr;;0610000486;7 impasse des Lilas;;31000;Toulouse;FR;
CLI-0487;company;;;Entreprise Durand SA;10000000000487;contact487@entreprise-487.example.fr;0140000487;;8 allée des Tilleuls;;44000;Nantes;FR;
CLI-0488;company;;;Entreprise Leroy EURL;10000000000488;contact488@entreprise-488.example.fr;0140000488;;9 rue Nationale;;59000;Lille;FR;
CLI-0489;individual;Claire;Moreau;;;claire.moreau489@example.fr;;0610000489;10 cours Mirabeau;;67000;Strasbourg;FR;
CLI-0490;company;;;Entreprise Simon SAS;10000000000490;contact490@entreprise-490.example.fr;0140000490;;11 rue de la Paix;Bât A;34000;Montpellier;FR;
CLI-0491;company;;;Entreprise Laurent SARL;10000000000491;contact491@entreprise-491.example.fr;0140000491;;12 avenue Victor Hugo;;06000;Nice;FR;
CLI-0492;individual;Paul;Lefebvre;;;paul.lefebvre492@example.fr;;0610000492;13 boulevard Haussmann;;35000;Rennes;FR;
CLI-0493;company;;;Entreprise Michel EURL;10000000000493;contact493@entreprise-493.example.fr;0140000493;;14 rue du Commerce;;51100;Reims;FR;
CLI-0494;company;;;Entreprise Garcia SCI;10000000000494;contact494@entreprise-494.example.fr;0140000494;;15 place de la République;;21000;Dijon;FR;
CLI-0495;individual;Chloé;David;;;chloé.david495@example.fr;;0610000495;16 chemin des Vignes;;80000;Amiens;FR;
CLI-0496;company;;;Entreprise Martin SARL;10000000000496;contact496@entreprise-496.example.fr;0140000496;;17 impasse des Lilas;;76000;Rouen;FR;
CLI-0497;company;;;Entreprise Bernard SA;10000000000497;contact497@entreprise-497.example.fr;0140000497;;18 allée des Tilleuls;Bât C;14000;Caen;FR;
CLI-0498;individual;Pierre;Dubois;;;pierre.dubois498@example.fr;;0610000498;19 rue Nationale;;29200;Brest;FR;
CLI-0499;company;;;Entreprise Thomas SCI;10000000000499;contact499@entreprise-499.example.fr;0140000499;;20 cours Mirabeau;;29800;Landerneau;FR;
CLI-0500;company;;;Entreprise Robert SAS;10000000000500;contact500@entreprise-500.example.fr;0140000500;;21 rue de la Paix;;75001;Paris;FR;
CLI-0501;individual;Camille;Richard;;;camille.richard501@example.fr;;0610000501;22 avenue Victor Hugo;;75002;Paris;FR;
CLI-0502;company;;;Entreprise Petit SA;10000000000502;contact502@entreprise-502.example.fr;0140000502;;23 boulevard Haussmann;;69001;Lyon;FR;
CLI-0503;company;;;Entreprise Durand EURL;10000000000503;contact503@entreprise-503.example.fr;0140000503;;24 rue du Commerce;;69003;Lyon;FR;
CLI-0504;individual;Nicolas;Leroy;;;nicolas.leroy504@example.fr;;0610000504;25 place de la République;Bât E;13001;Marseille;FR;
CLI-0505;company;;;Entreprise Moreau SAS;10000000000505;contact505@entreprise-505.example.fr;0140000505;;26 chemin des Vignes;;33000;Bordeaux;FR;
CLI-0506;company;;;Entreprise Simon SARL;10000000000506;contact506@entreprise-506.example.fr;0140000506;;27 impasse des Lilas;;31000;Toulouse;FR;Client import test
CLI-0507;individual;Emma;Laurent;;;emma.laurent507@example.fr;;0610000507;28 allée des Tilleuls;;44000;Nantes;FR;Particulier import test
CLI-0508;company;;;Entreprise Lefebvre EURL;10000000000508;contact508@entreprise-508.example.fr;0140000508;;29 rue Nationale;;59000;Lille;FR;
CLI-0509;company;;;Entreprise Michel SCI;10000000000509;contact509@entreprise-509.example.fr;0140000509;;30 cours Mirabeau;;67000;Strasbourg;FR;
CLI-0510;individual;Hugo;Garcia;;;hugo.garcia510@example.fr;;0610000510;31 rue de la Paix;;34000;Montpellier;FR;
CLI-0511;company;;;Entreprise David SARL;10000000000511;contact511@entreprise-511.example.fr;0140000511;;32 avenue Victor Hugo;Bât B;06000;Nice;FR;
CLI-0512;company;;;Entreprise Martin SA;10000000000512;contact512@entreprise-512.example.fr;0140000512;;33 boulevard Haussmann;;35000;Rennes;FR;
CLI-0513;individual;Marie;Bernard;;;marie.bernard513@example.fr;;0610000513;34 rue du Commerce;;51100;Reims;FR;
CLI-0514;company;;;Entreprise Dubois SCI;10000000000514;contact514@entreprise-514.example.fr;0140000514;;35 place de la République;;21000;Dijon;FR;
CLI-0515;company;;;Entreprise Thomas SAS;10000000000515;contact515@entreprise-515.example.fr;0140000515;;36 chemin des Vignes;;80000;Amiens;FR;
CLI-0516;individual;Luc;Robert;;;luc.robert516@example.fr;;0610000516;37 impasse des Lilas;;76000;Rouen;FR;
CLI-0517;company;;;Entreprise Richard SA;10000000000517;contact517@entreprise-517.example.fr;0140000517;;38 allée des Tilleuls;;14000;Caen;FR;Client import test
CLI-0518;company;;;Entreprise Petit EURL;10000000000518;contact518@entreprise-518.example.fr;0140000518;;39 rue Nationale;Bât D;29200;Brest;FR;
CLI-0519;individual;Julie;Durand;;;julie.durand519@example.fr;;0610000519;40 cours Mirabeau;;29800;Landerneau;FR;
CLI-0520;company;;;Entreprise Leroy SAS;10000000000520;contact520@entreprise-520.example.fr;0140000520;;41 rue de la Paix;;75001;Paris;FR;
CLI-0521;company;;;Entreprise Moreau SARL;10000000000521;contact521@entreprise-521.example.fr;0140000521;;42 avenue Victor Hugo;;75002;Paris;FR;
CLI-0522;individual;Thomas;Simon;;;thomas.simon522@example.fr;;0610000522;43 boulevard Haussmann;;69001;Lyon;FR;
CLI-0523;company;;;Entreprise Laurent EURL;10000000000523;contact523@entreprise-523.example.fr;0140000523;;44 rue du Commerce;;69003;Lyon;FR;
CLI-0524;company;;;Entreprise Lefebvre SCI;10000000000524;contact524@entreprise-524.example.fr;0140000524;;45 place de la République;;13001;Marseille;FR;
CLI-0525;individual;Léa;Michel;;;léa.michel525@example.fr;;0610000525;46 chemin des Vignes;Bât A;33000;Bordeaux;FR;
CLI-0526;company;;;Entreprise Garcia SARL;10000000000526;contact526@entreprise-526.example.fr;0140000526;;47 impasse des Lilas;;31000;Toulouse;FR;
CLI-0527;company;;;Entreprise David SA;10000000000527;contact527@entreprise-527.example.fr;0140000527;;48 allée des Tilleuls;;44000;Nantes;FR;
CLI-0528;individual;Jean;Martin;;;jean.martin528@example.fr;;0610000528;49 rue Nationale;;59000;Lille;FR;
CLI-0529;company;;;Entreprise Bernard SCI;10000000000529;contact529@entreprise-529.example.fr;0140000529;;50 cours Mirabeau;;67000;Strasbourg;FR;
CLI-0530;company;;;Entreprise Dubois SAS;10000000000530;contact530@entreprise-530.example.fr;0140000530;;51 rue de la Paix;;34000;Montpellier;FR;
CLI-0531;individual;Sophie;Thomas;;;sophie.thomas531@example.fr;;0610000531;52 avenue Victor Hugo;;06000;Nice;FR;
CLI-0532;company;;;Entreprise Robert SA;10000000000532;contact532@entreprise-532.example.fr;0140000532;;53 boulevard Haussmann;Bât C;35000;Rennes;FR;
CLI-0533;company;;;Entreprise Richard EURL;10000000000533;contact533@entreprise-533.example.fr;0140000533;;54 rue du Commerce;;51100;Reims;FR;
CLI-0534;individual;Antoine;Petit;;;antoine.petit534@example.fr;;0610000534;55 place de la République;;21000;Dijon;FR;
CLI-0535;company;;;Entreprise Durand SAS;10000000000535;contact535@entreprise-535.example.fr;0140000535;;56 chemin des Vignes;;80000;Amiens;FR;
CLI-0536;company;;;Entreprise Leroy SARL;10000000000536;contact536@entreprise-536.example.fr;0140000536;;57 impasse des Lilas;;76000;Rouen;FR;
CLI-0537;individual;Claire;Moreau;;;claire.moreau537@example.fr;;0610000537;58 allée des Tilleuls;;14000;Caen;FR;
CLI-0538;company;;;Entreprise Simon EURL;10000000000538;contact538@entreprise-538.example.fr;0140000538;;59 rue Nationale;;29200;Brest;FR;
CLI-0539;company;;;Entreprise Laurent SCI;10000000000539;contact539@entreprise-539.example.fr;0140000539;;60 cours Mirabeau;Bât E;29800;Landerneau;FR;Client import test
CLI-0540;individual;Paul;Lefebvre;;;paul.lefebvre540@example.fr;;0610000540;61 rue de la Paix;;75001;Paris;FR;
CLI-0541;company;;;Entreprise Michel SARL;10000000000541;contact541@entreprise-541.example.fr;0140000541;;62 avenue Victor Hugo;;75002;Paris;FR;
CLI-0542;company;;;Entreprise Garcia SA;10000000000542;contact542@entreprise-542.example.fr;0140000542;;63 boulevard Haussmann;;69001;Lyon;FR;
CLI-0543;individual;Chloé;David;;;chloé.david543@example.fr;;0610000543;64 rue du Commerce;;69003;Lyon;FR;
CLI-0544;company;;;Entreprise Martin SCI;10000000000544;contact544@entreprise-544.example.fr;0140000544;;65 place de la République;;13001;Marseille;FR;
CLI-0545;company;;;Entreprise Bernard SAS;10000000000545;contact545@entreprise-545.example.fr;0140000545;;66 chemin des Vignes;;33000;Bordeaux;FR;
CLI-0546;individual;Pierre;Dubois;;;pierre.dubois546@example.fr;;0610000546;67 impasse des Lilas;Bât B;31000;Toulouse;FR;Particulier import test
CLI-0547;company;;;Entreprise Thomas SA;10000000000547;contact547@entreprise-547.example.fr;0140000547;;68 allée des Tilleuls;;44000;Nantes;FR;
CLI-0548;company;;;Entreprise Robert EURL;10000000000548;contact548@entreprise-548.example.fr;0140000548;;69 rue Nationale;;59000;Lille;FR;
CLI-0549;individual;Camille;Richard;;;camille.richard549@example.fr;;0610000549;70 cours Mirabeau;;67000;Strasbourg;FR;
CLI-0550;company;;;Entreprise Petit SAS;10000000000550;contact550@entreprise-550.example.fr;0140000550;;71 rue de la Paix;;34000;Montpellier;FR;Client import test
CLI-0551;company;;;Entreprise Durand SARL;10000000000551;contact551@entreprise-551.example.fr;0140000551;;72 avenue Victor Hugo;;06000;Nice;FR;
CLI-0552;individual;Nicolas;Leroy;;;nicolas.leroy552@example.fr;;0610000552;73 boulevard Haussmann;;35000;Rennes;FR;
CLI-0553;company;;;Entreprise Moreau EURL;10000000000553;contact553@entreprise-553.example.fr;0140000553;;74 rue du Commerce;Bât D;51100;Reims;FR;
CLI-0554;company;;;Entreprise Simon SCI;10000000000554;contact554@entreprise-554.example.fr;0140000554;;75 place de la République;;21000;Dijon;FR;
CLI-0555;individual;Emma;Laurent;;;emma.laurent555@example.fr;;0610000555;76 chemin des Vignes;;80000;Amiens;FR;
CLI-0556;company;;;Entreprise Lefebvre SARL;10000000000556;contact556@entreprise-556.example.fr;0140000556;;77 impasse des Lilas;;76000;Rouen;FR;
CLI-0557;company;;;Entreprise Michel SA;10000000000557;contact557@entreprise-557.example.fr;0140000557;;78 allée des Tilleuls;;14000;Caen;FR;
CLI-0558;individual;Hugo;Garcia;;;hugo.garcia558@example.fr;;0610000558;79 rue Nationale;;29200;Brest;FR;
CLI-0559;company;;;Entreprise David SCI;10000000000559;contact559@entreprise-559.example.fr;0140000559;;80 cours Mirabeau;;29800;Landerneau;FR;
CLI-0560;company;;;Entreprise Martin SAS;10000000000560;contact560@entreprise-560.example.fr;0140000560;;81 rue de la Paix;Bât A;75001;Paris;FR;
CLI-0561;individual;Marie;Bernard;;;marie.bernard561@example.fr;;0610000561;82 avenue Victor Hugo;;75002;Paris;FR;
CLI-0562;company;;;Entreprise Dubois SA;10000000000562;contact562@entreprise-562.example.fr;0140000562;;83 boulevard Haussmann;;69001;Lyon;FR;
CLI-0563;company;;;Entreprise Thomas EURL;10000000000563;contact563@entreprise-563.example.fr;0140000563;;84 rue du Commerce;;69003;Lyon;FR;
CLI-0564;individual;Luc;Robert;;;luc.robert564@example.fr;;0610000564;85 place de la République;;13001;Marseille;FR;
CLI-0565;company;;;Entreprise Richard SAS;10000000000565;contact565@entreprise-565.example.fr;0140000565;;86 chemin des Vignes;;33000;Bordeaux;FR;
CLI-0566;company;;;Entreprise Petit SARL;10000000000566;contact566@entreprise-566.example.fr;0140000566;;87 impasse des Lilas;;31000;Toulouse;FR;
CLI-0567;individual;Julie;Durand;;;julie.durand567@example.fr;;0610000567;88 allée des Tilleuls;Bât C;44000;Nantes;FR;
CLI-0568;company;;;Entreprise Leroy EURL;10000000000568;contact568@entreprise-568.example.fr;0140000568;;89 rue Nationale;;59000;Lille;FR;
CLI-0569;company;;;Entreprise Moreau SCI;10000000000569;contact569@entreprise-569.example.fr;0140000569;;90 cours Mirabeau;;67000;Strasbourg;FR;
CLI-0570;individual;Thomas;Simon;;;thomas.simon570@example.fr;;0610000570;91 rue de la Paix;;34000;Montpellier;FR;
CLI-0571;company;;;Entreprise Laurent SARL;10000000000571;contact571@entreprise-571.example.fr;0140000571;;92 avenue Victor Hugo;;06000;Nice;FR;
CLI-0572;company;;;Entreprise Lefebvre SA;10000000000572;contact572@entreprise-572.example.fr;0140000572;;93 boulevard Haussmann;;35000;Rennes;FR;Client import test
CLI-0573;individual;Léa;Michel;;;léa.michel573@example.fr;;0610000573;94 rue du Commerce;;51100;Reims;FR;
CLI-0574;company;;;Entreprise Garcia SCI;10000000000574;contact574@entreprise-574.example.fr;0140000574;;95 place de la République;Bât E;21000;Dijon;FR;
CLI-0575;company;;;Entreprise David SAS;10000000000575;contact575@entreprise-575.example.fr;0140000575;;96 chemin des Vignes;;80000;Amiens;FR;
CLI-0576;individual;Jean;Martin;;;jean.martin576@example.fr;;0610000576;97 impasse des Lilas;;76000;Rouen;FR;
CLI-0577;company;;;Entreprise Bernard SA;10000000000577;contact577@entreprise-577.example.fr;0140000577;;98 allée des Tilleuls;;14000;Caen;FR;
CLI-0578;company;;;Entreprise Dubois EURL;10000000000578;contact578@entreprise-578.example.fr;0140000578;;99 rue Nationale;;29200;Brest;FR;
CLI-0579;individual;Sophie;Thomas;;;sophie.thomas579@example.fr;;0610000579;100 cours Mirabeau;;29800;Landerneau;FR;
CLI-0580;company;;;Entreprise Robert SAS;10000000000580;contact580@entreprise-580.example.fr;0140000580;;101 rue de la Paix;;75001;Paris;FR;
CLI-0581;company;;;Entreprise Richard SARL;10000000000581;contact581@entreprise-581.example.fr;0140000581;;102 avenue Victor Hugo;Bât B;75002;Paris;FR;
CLI-0582;individual;Antoine;Petit;;;antoine.petit582@example.fr;;0610000582;103 boulevard Haussmann;;69001;Lyon;FR;
CLI-0583;company;;;Entreprise Durand EURL;10000000000583;contact583@entreprise-583.example.fr;0140000583;;104 rue du Commerce;;69003;Lyon;FR;Client import test
CLI-0584;company;;;Entreprise Leroy SCI;10000000000584;contact584@entreprise-584.example.fr;0140000584;;105 place de la République;;13001;Marseille;FR;
CLI-0585;individual;Claire;Moreau;;;claire.moreau585@example.fr;;0610000585;106 chemin des Vignes;;33000;Bordeaux;FR;Particulier import test
CLI-0586;company;;;Entreprise Simon SARL;10000000000586;contact586@entreprise-586.example.fr;0140000586;;107 impasse des Lilas;;31000;Toulouse;FR;
CLI-0587;company;;;Entreprise Laurent SA;10000000000587;contact587@entreprise-587.example.fr;0140000587;;108 allée des Tilleuls;;44000;Nantes;FR;
CLI-0588;individual;Paul;Lefebvre;;;paul.lefebvre588@example.fr;;0610000588;109 rue Nationale;Bât D;59000;Lille;FR;
CLI-0589;company;;;Entreprise Michel SCI;10000000000589;contact589@entreprise-589.example.fr;0140000589;;110 cours Mirabeau;;67000;Strasbourg;FR;
CLI-0590;company;;;Entreprise Garcia SAS;10000000000590;contact590@entreprise-590.example.fr;0140000590;;111 rue de la Paix;;34000;Montpellier;FR;
CLI-0591;individual;Chloé;David;;;chloé.david591@example.fr;;0610000591;112 avenue Victor Hugo;;06000;Nice;FR;
CLI-0592;company;;;Entreprise Martin SA;10000000000592;contact592@entreprise-592.example.fr;0140000592;;113 boulevard Haussmann;;35000;Rennes;FR;
CLI-0593;company;;;Entreprise Bernard EURL;10000000000593;contact593@entreprise-593.example.fr;0140000593;;114 rue du Commerce;;51100;Reims;FR;
CLI-0594;individual;Pierre;Dubois;;;pierre.dubois594@example.fr;;0610000594;115 place de la République;;21000;Dijon;FR;
CLI-0595;company;;;Entreprise Thomas SAS;10000000000595;contact595@entreprise-595.example.fr;0140000595;;116 chemin des Vignes;Bât A;80000;Amiens;FR;
CLI-0596;company;;;Entreprise Robert SARL;10000000000596;contact596@entreprise-596.example.fr;0140000596;;117 impasse des Lilas;;76000;Rouen;FR;
CLI-0597;individual;Camille;Richard;;;camille.richard597@example.fr;;0610000597;118 allée des Tilleuls;;14000;Caen;FR;
CLI-0598;company;;;Entreprise Petit EURL;10000000000598;contact598@entreprise-598.example.fr;0140000598;;119 rue Nationale;;29200;Brest;FR;
CLI-0599;company;;;Entreprise Durand SCI;10000000000599;contact599@entreprise-599.example.fr;0140000599;;120 cours Mirabeau;;29800;Landerneau;FR;
CLI-0600;individual;Nicolas;Leroy;;;nicolas.leroy600@example.fr;;0610000600;1 rue de la Paix;;75001;Paris;FR;
CLI-0601;company;;;Entreprise Moreau SARL;10000000000601;contact601@entreprise-601.example.fr;0140000601;;2 avenue Victor Hugo;;75002;Paris;FR;
CLI-0602;company;;;Entreprise Simon SA;10000000000602;contact602@entreprise-602.example.fr;0140000602;;3 boulevard Haussmann;Bât C;69001;Lyon;FR;
CLI-0603;individual;Emma;Laurent;;;emma.laurent603@example.fr;;0610000603;4 rue du Commerce;;69003;Lyon;FR;
CLI-0604;company;;;Entreprise Lefebvre SCI;10000000000604;contact604@entreprise-604.example.fr;0140000604;;5 place de la République;;13001;Marseille;FR;
CLI-0605;company;;;Entreprise Michel SAS;10000000000605;contact605@entreprise-605.example.fr;0140000605;;6 chemin des Vignes;;33000;Bordeaux;FR;Client import test
CLI-0606;individual;Hugo;Garcia;;;hugo.garcia606@example.fr;;0610000606;7 impasse des Lilas;;31000;Toulouse;FR;
CLI-0607;company;;;Entreprise David SA;10000000000607;contact607@entreprise-607.example.fr;0140000607;;8 allée des Tilleuls;;44000;Nantes;FR;
CLI-0608;company;;;Entreprise Martin EURL;10000000000608;contact608@entreprise-608.example.fr;0140000608;;9 rue Nationale;;59000;Lille;FR;
CLI-0609;individual;Marie;Bernard;;;marie.bernard609@example.fr;;0610000609;10 cours Mirabeau;Bât E;67000;Strasbourg;FR;
CLI-0610;company;;;Entreprise Dubois SAS;10000000000610;contact610@entreprise-610.example.fr;0140000610;;11 rue de la Paix;;34000;Montpellier;FR;
CLI-0611;company;;;Entreprise Thomas SARL;10000000000611;contact611@entreprise-611.example.fr;0140000611;;12 avenue Victor Hugo;;06000;Nice;FR;
CLI-0612;individual;Luc;Robert;;;luc.robert612@example.fr;;0610000612;13 boulevard Haussmann;;35000;Rennes;FR;
CLI-0613;company;;;Entreprise Richard EURL;10000000000613;contact613@entreprise-613.example.fr;0140000613;;14 rue du Commerce;;51100;Reims;FR;
CLI-0614;company;;;Entreprise Petit SCI;10000000000614;contact614@entreprise-614.example.fr;0140000614;;15 place de la République;;21000;Dijon;FR;
CLI-0615;individual;Julie;Durand;;;julie.durand615@example.fr;;0610000615;16 chemin des Vignes;;80000;Amiens;FR;
CLI-0616;company;;;Entreprise Leroy SARL;10000000000616;contact616@entreprise-616.example.fr;0140000616;;17 impasse des Lilas;Bât B;76000;Rouen;FR;Client import test
CLI-0617;company;;;Entreprise Moreau SA;10000000000617;contact617@entreprise-617.example.fr;0140000617;;18 allée des Tilleuls;;14000;Caen;FR;
CLI-0618;individual;Thomas;Simon;;;thomas.simon618@example.fr;;0610000618;19 rue Nationale;;29200;Brest;FR;
CLI-0619;company;;;Entreprise Laurent SCI;10000000000619;contact619@entreprise-619.example.fr;0140000619;;20 cours Mirabeau;;29800;Landerneau;FR;
CLI-0620;company;;;Entreprise Lefebvre SAS;10000000000620;contact620@entreprise-620.example.fr;0140000620;;21 rue de la Paix;;75001;Paris;FR;
CLI-0621;individual;Léa;Michel;;;léa.michel621@example.fr;;0610000621;22 avenue Victor Hugo;;75002;Paris;FR;
CLI-0622;company;;;Entreprise Garcia SA;10000000000622;contact622@entreprise-622.example.fr;0140000622;;23 boulevard Haussmann;;69001;Lyon;FR;
CLI-0623;company;;;Entreprise David EURL;10000000000623;contact623@entreprise-623.example.fr;0140000623;;24 rue du Commerce;Bât D;69003;Lyon;FR;
CLI-0624;individual;Jean;Martin;;;jean.martin624@example.fr;;0610000624;25 place de la République;;13001;Marseille;FR;Particulier import test
CLI-0625;company;;;Entreprise Bernard SAS;10000000000625;contact625@entreprise-625.example.fr;0140000625;;26 chemin des Vignes;;33000;Bordeaux;FR;
CLI-0626;company;;;Entreprise Dubois SARL;10000000000626;contact626@entreprise-626.example.fr;0140000626;;27 impasse des Lilas;;31000;Toulouse;FR;
CLI-0627;individual;Sophie;Thomas;;;sophie.thomas627@example.fr;;0610000627;28 allée des Tilleuls;;44000;Nantes;FR;
CLI-0628;company;;;Entreprise Robert EURL;10000000000628;contact628@entreprise-628.example.fr;0140000628;;29 rue Nationale;;59000;Lille;FR;
CLI-0629;company;;;Entreprise Richard SCI;10000000000629;contact629@entreprise-629.example.fr;0140000629;;30 cours Mirabeau;;67000;Strasbourg;FR;
CLI-0630;individual;Antoine;Petit;;;antoine.petit630@example.fr;;0610000630;31 rue de la Paix;Bât A;34000;Montpellier;FR;
CLI-0631;company;;;Entreprise Durand SARL;10000000000631;contact631@entreprise-631.example.fr;0140000631;;32 avenue Victor Hugo;;06000;Nice;FR;
CLI-0632;company;;;Entreprise Leroy SA;10000000000632;contact632@entreprise-632.example.fr;0140000632;;33 boulevard Haussmann;;35000;Rennes;FR;
CLI-0633;individual;Claire;Moreau;;;claire.moreau633@example.fr;;0610000633;34 rue du Commerce;;51100;Reims;FR;
CLI-0634;company;;;Entreprise Simon SCI;10000000000634;contact634@entreprise-634.example.fr;0140000634;;35 place de la République;;21000;Dijon;FR;
CLI-0635;company;;;Entreprise Laurent SAS;10000000000635;contact635@entreprise-635.example.fr;0140000635;;36 chemin des Vignes;;80000;Amiens;FR;
CLI-0636;individual;Paul;Lefebvre;;;paul.lefebvre636@example.fr;;0610000636;37 impasse des Lilas;;76000;Rouen;FR;
CLI-0637;company;;;Entreprise Michel SA;10000000000637;contact637@entreprise-637.example.fr;0140000637;;38 allée des Tilleuls;Bât C;14000;Caen;FR;
CLI-0638;company;;;Entreprise Garcia EURL;10000000000638;contact638@entreprise-638.example.fr;0140000638;;39 rue Nationale;;29200;Brest;FR;Client import test
CLI-0639;individual;Chloé;David;;;chloé.david639@example.fr;;0610000639;40 cours Mirabeau;;29800;Landerneau;FR;
CLI-0640;company;;;Entreprise Martin SAS;10000000000640;contact640@entreprise-640.example.fr;0140000640;;41 rue de la Paix;;75001;Paris;FR;
CLI-0641;company;;;Entreprise Bernard SARL;10000000000641;contact641@entreprise-641.example.fr;0140000641;;42 avenue Victor Hugo;;75002;Paris;FR;
CLI-0642;individual;Pierre;Dubois;;;pierre.dubois642@example.fr;;0610000642;43 boulevard Haussmann;;69001;Lyon;FR;
CLI-0643;company;;;Entreprise Thomas EURL;10000000000643;contact643@entreprise-643.example.fr;0140000643;;44 rue du Commerce;;69003;Lyon;FR;
CLI-0644;company;;;Entreprise Robert SCI;10000000000644;contact644@entreprise-644.example.fr;0140000644;;45 place de la République;Bât E;13001;Marseille;FR;
CLI-0645;individual;Camille;Richard;;;camille.richard645@example.fr;;0610000645;46 chemin des Vignes;;33000;Bordeaux;FR;
CLI-0646;company;;;Entreprise Petit SARL;10000000000646;contact646@entreprise-646.example.fr;0140000646;;47 impasse des Lilas;;31000;Toulouse;FR;
CLI-0647;company;;;Entreprise Durand SA;10000000000647;contact647@entreprise-647.example.fr;0140000647;;48 allée des Tilleuls;;44000;Nantes;FR;
CLI-0648;individual;Nicolas;Leroy;;;nicolas.leroy648@example.fr;;0610000648;49 rue Nationale;;59000;Lille;FR;
CLI-0649;company;;;Entreprise Moreau SCI;10000000000649;contact649@entreprise-649.example.fr;0140000649;;50 cours Mirabeau;;67000;Strasbourg;FR;Client import test
CLI-0650;company;;;Entreprise Simon SAS;10000000000650;contact650@entreprise-650.example.fr;0140000650;;51 rue de la Paix;;34000;Montpellier;FR;
CLI-0651;individual;Emma;Laurent;;;emma.laurent651@example.fr;;0610000651;52 avenue Victor Hugo;Bât B;06000;Nice;FR;
CLI-0652;company;;;Entreprise Lefebvre SA;10000000000652;contact652@entreprise-652.example.fr;0140000652;;53 boulevard Haussmann;;35000;Rennes;FR;
CLI-0653;company;;;Entreprise Michel EURL;10000000000653;contact653@entreprise-653.example.fr;0140000653;;54 rue du Commerce;;51100;Reims;FR;
CLI-0654;individual;Hugo;Garcia;;;hugo.garcia654@example.fr;;0610000654;55 place de la République;;21000;Dijon;FR;
CLI-0655;company;;;Entreprise David SAS;10000000000655;contact655@entreprise-655.example.fr;0140000655;;56 chemin des Vignes;;80000;Amiens;FR;
CLI-0656;company;;;Entreprise Martin SARL;10000000000656;contact656@entreprise-656.example.fr;0140000656;;57 impasse des Lilas;;76000;Rouen;FR;
CLI-0657;individual;Marie;Bernard;;;marie.bernard657@example.fr;;0610000657;58 allée des Tilleuls;;14000;Caen;FR;
CLI-0658;company;;;Entreprise Dubois EURL;10000000000658;contact658@entreprise-658.example.fr;0140000658;;59 rue Nationale;Bât D;29200;Brest;FR;
CLI-0659;company;;;Entreprise Thomas SCI;10000000000659;contact659@entreprise-659.example.fr;0140000659;;60 cours Mirabeau;;29800;Landerneau;FR;
CLI-0660;individual;Luc;Robert;;;luc.robert660@example.fr;;0610000660;61 rue de la Paix;;75001;Paris;FR;
CLI-0661;company;;;Entreprise Richard SARL;10000000000661;contact661@entreprise-661.example.fr;0140000661;;62 avenue Victor Hugo;;75002;Paris;FR;
CLI-0662;company;;;Entreprise Petit SA;10000000000662;contact662@entreprise-662.example.fr;0140000662;;63 boulevard Haussmann;;69001;Lyon;FR;
CLI-0663;individual;Julie;Durand;;;julie.durand663@example.fr;;0610000663;64 rue du Commerce;;69003;Lyon;FR;Particulier import test
CLI-0664;company;;;Entreprise Leroy SCI;10000000000664;contact664@entreprise-664.example.fr;0140000664;;65 place de la République;;13001;Marseille;FR;
CLI-0665;company;;;Entreprise Moreau SAS;10000000000665;contact665@entreprise-665.example.fr;0140000665;;66 chemin des Vignes;Bât A;33000;Bordeaux;FR;
CLI-0666;individual;Thomas;Simon;;;thomas.simon666@example.fr;;0610000666;67 impasse des Lilas;;31000;Toulouse;FR;
CLI-0667;company;;;Entreprise Laurent SA;10000000000667;contact667@entreprise-667.example.fr;0140000667;;68 allée des Tilleuls;;44000;Nantes;FR;
CLI-0668;company;;;Entreprise Lefebvre EURL;10000000000668;contact668@entreprise-668.example.fr;0140000668;;69 rue Nationale;;59000;Lille;FR;
CLI-0669;individual;Léa;Michel;;;léa.michel669@example.fr;;0610000669;70 cours Mirabeau;;67000;Strasbourg;FR;
CLI-0670;company;;;Entreprise Garcia SAS;10000000000670;contact670@entreprise-670.example.fr;0140000670;;71 rue de la Paix;;34000;Montpellier;FR;
CLI-0671;company;;;Entreprise David SARL;10000000000671;contact671@entreprise-671.example.fr;0140000671;;72 avenue Victor Hugo;;06000;Nice;FR;Client import test
CLI-0672;individual;Jean;Martin;;;jean.martin672@example.fr;;0610000672;73 boulevard Haussmann;Bât C;35000;Rennes;FR;
CLI-0673;company;;;Entreprise Bernard EURL;10000000000673;contact673@entreprise-673.example.fr;0140000673;;74 rue du Commerce;;51100;Reims;FR;
CLI-0674;company;;;Entreprise Dubois SCI;10000000000674;contact674@entreprise-674.example.fr;0140000674;;75 place de la République;;21000;Dijon;FR;
CLI-0675;individual;Sophie;Thomas;;;sophie.thomas675@example.fr;;0610000675;76 chemin des Vignes;;80000;Amiens;FR;
CLI-0676;company;;;Entreprise Robert SARL;10000000000676;contact676@entreprise-676.example.fr;0140000676;;77 impasse des Lilas;;76000;Rouen;FR;
CLI-0677;company;;;Entreprise Richard SA;10000000000677;contact677@entreprise-677.example.fr;0140000677;;78 allée des Tilleuls;;14000;Caen;FR;
CLI-0678;individual;Antoine;Petit;;;antoine.petit678@example.fr;;0610000678;79 rue Nationale;;29200;Brest;FR;
CLI-0679;company;;;Entreprise Durand SCI;10000000000679;contact679@entreprise-679.example.fr;0140000679;;80 cours Mirabeau;Bât E;29800;Landerneau;FR;
CLI-0680;company;;;Entreprise Leroy SAS;10000000000680;contact680@entreprise-680.example.fr;0140000680;;81 rue de la Paix;;75001;Paris;FR;
CLI-0681;individual;Claire;Moreau;;;claire.moreau681@example.fr;;0610000681;82 avenue Victor Hugo;;75002;Paris;FR;
CLI-0682;company;;;Entreprise Simon SA;10000000000682;contact682@entreprise-682.example.fr;0140000682;;83 boulevard Haussmann;;69001;Lyon;FR;Client import test
CLI-0683;company;;;Entreprise Laurent EURL;10000000000683;contact683@entreprise-683.example.fr;0140000683;;84 rue du Commerce;;69003;Lyon;FR;
CLI-0684;individual;Paul;Lefebvre;;;paul.lefebvre684@example.fr;;0610000684;85 place de la République;;13001;Marseille;FR;
CLI-0685;company;;;Entreprise Michel SAS;10000000000685;contact685@entreprise-685.example.fr;0140000685;;86 chemin des Vignes;;33000;Bordeaux;FR;
CLI-0686;company;;;Entreprise Garcia SARL;10000000000686;contact686@entreprise-686.example.fr;0140000686;;87 impasse des Lilas;Bât B;31000;Toulouse;FR;
CLI-0687;individual;Chloé;David;;;chloé.david687@example.fr;;0610000687;88 allée des Tilleuls;;44000;Nantes;FR;
CLI-0688;company;;;Entreprise Martin EURL;10000000000688;contact688@entreprise-688.example.fr;0140000688;;89 rue Nationale;;59000;Lille;FR;
CLI-0689;company;;;Entreprise Bernard SCI;10000000000689;contact689@entreprise-689.example.fr;0140000689;;90 cours Mirabeau;;67000;Strasbourg;FR;
CLI-0690;individual;Pierre;Dubois;;;pierre.dubois690@example.fr;;0610000690;91 rue de la Paix;;34000;Montpellier;FR;
CLI-0691;company;;;Entreprise Thomas SARL;10000000000691;contact691@entreprise-691.example.fr;0140000691;;92 avenue Victor Hugo;;06000;Nice;FR;
CLI-0692;company;;;Entreprise Robert SA;10000000000692;contact692@entreprise-692.example.fr;0140000692;;93 boulevard Haussmann;;35000;Rennes;FR;
CLI-0693;individual;Camille;Richard;;;camille.richard693@example.fr;;0610000693;94 rue du Commerce;Bât D;51100;Reims;FR;
CLI-0694;company;;;Entreprise Petit SCI;10000000000694;contact694@entreprise-694.example.fr;0140000694;;95 place de la République;;21000;Dijon;FR;
CLI-0695;company;;;Entreprise Durand SAS;10000000000695;contact695@entreprise-695.example.fr;0140000695;;96 chemin des Vignes;;80000;Amiens;FR;
CLI-0696;individual;Nicolas;Leroy;;;nicolas.leroy696@example.fr;;0610000696;97 impasse des Lilas;;76000;Rouen;FR;
CLI-0697;company;;;Entreprise Moreau SA;10000000000697;contact697@entreprise-697.example.fr;0140000697;;98 allée des Tilleuls;;14000;Caen;FR;
CLI-0698;company;;;Entreprise Simon EURL;10000000000698;contact698@entreprise-698.example.fr;0140000698;;99 rue Nationale;;29200;Brest;FR;
CLI-0699;individual;Emma;Laurent;;;emma.laurent699@example.fr;;0610000699;100 cours Mirabeau;;29800;Landerneau;FR;
CLI-0700;company;;;Entreprise Lefebvre SAS;10000000000700;contact700@entreprise-700.example.fr;0140000700;;101 rue de la Paix;Bât A;75001;Paris;FR;
CLI-0701;company;;;Entreprise Michel SARL;10000000000701;contact701@entreprise-701.example.fr;0140000701;;102 avenue Victor Hugo;;75002;Paris;FR;
CLI-0702;individual;Hugo;Garcia;;;hugo.garcia702@example.fr;;0610000702;103 boulevard Haussmann;;69001;Lyon;FR;Particulier import test
CLI-0703;company;;;Entreprise David EURL;10000000000703;contact703@entreprise-703.example.fr;0140000703;;104 rue du Commerce;;69003;Lyon;FR;
CLI-0704;company;;;Entreprise Martin SCI;10000000000704;contact704@entreprise-704.example.fr;0140000704;;105 place de la République;;13001;Marseille;FR;Client import test
CLI-0705;individual;Marie;Bernard;;;marie.bernard705@example.fr;;0610000705;106 chemin des Vignes;;33000;Bordeaux;FR;
CLI-0706;company;;;Entreprise Dubois SARL;10000000000706;contact706@entreprise-706.example.fr;0140000706;;107 impasse des Lilas;;31000;Toulouse;FR;
CLI-0707;company;;;Entreprise Thomas SA;10000000000707;contact707@entreprise-707.example.fr;0140000707;;108 allée des Tilleuls;Bât C;44000;Nantes;FR;
CLI-0708;individual;Luc;Robert;;;luc.robert708@example.fr;;0610000708;109 rue Nationale;;59000;Lille;FR;
CLI-0709;company;;;Entreprise Richard SCI;10000000000709;contact709@entreprise-709.example.fr;0140000709;;110 cours Mirabeau;;67000;Strasbourg;FR;
CLI-0710;company;;;Entreprise Petit SAS;10000000000710;contact710@entreprise-710.example.fr;0140000710;;111 rue de la Paix;;34000;Montpellier;FR;
CLI-0711;individual;Julie;Durand;;;julie.durand711@example.fr;;0610000711;112 avenue Victor Hugo;;06000;Nice;FR;
CLI-0712;company;;;Entreprise Leroy SA;10000000000712;contact712@entreprise-712.example.fr;0140000712;;113 boulevard Haussmann;;35000;Rennes;FR;
CLI-0713;company;;;Entreprise Moreau EURL;10000000000713;contact713@entreprise-713.example.fr;0140000713;;114 rue du Commerce;;51100;Reims;FR;
CLI-0714;individual;Thomas;Simon;;;thomas.simon714@example.fr;;0610000714;115 place de la République;Bât E;21000;Dijon;FR;
CLI-0715;company;;;Entreprise Laurent SAS;10000000000715;contact715@entreprise-715.example.fr;0140000715;;116 chemin des Vignes;;80000;Amiens;FR;Client import test
CLI-0716;company;;;Entreprise Lefebvre SARL;10000000000716;contact716@entreprise-716.example.fr;0140000716;;117 impasse des Lilas;;76000;Rouen;FR;
CLI-0717;individual;Léa;Michel;;;léa.michel717@example.fr;;0610000717;118 allée des Tilleuls;;14000;Caen;FR;
CLI-0718;company;;;Entreprise Garcia EURL;10000000000718;contact718@entreprise-718.example.fr;0140000718;;119 rue Nationale;;29200;Brest;FR;
CLI-0719;company;;;Entreprise David SCI;10000000000719;contact719@entreprise-719.example.fr;0140000719;;120 cours Mirabeau;;29800;Landerneau;FR;
CLI-0720;individual;Jean;Martin;;;jean.martin720@example.fr;;0610000720;1 rue de la Paix;;75001;Paris;FR;
CLI-0721;company;;;Entreprise Bernard SARL;10000000000721;contact721@entreprise-721.example.fr;0140000721;;2 avenue Victor Hugo;Bât B;75002;Paris;FR;
CLI-0722;company;;;Entreprise Dubois SA;10000000000722;contact722@entreprise-722.example.fr;0140000722;;3 boulevard Haussmann;;69001;Lyon;FR;
CLI-0723;individual;Sophie;Thomas;;;sophie.thomas723@example.fr;;0610000723;4 rue du Commerce;;69003;Lyon;FR;
CLI-0724;company;;;Entreprise Robert SCI;10000000000724;contact724@entreprise-724.example.fr;0140000724;;5 place de la République;;13001;Marseille;FR;
CLI-0725;company;;;Entreprise Richard SAS;10000000000725;contact725@entreprise-725.example.fr;0140000725;;6 chemin des Vignes;;33000;Bordeaux;FR;
CLI-0726;individual;Antoine;Petit;;;antoine.petit726@example.fr;;0610000726;7 impasse des Lilas;;31000;Toulouse;FR;
CLI-0727;company;;;Entreprise Durand SA;10000000000727;contact727@entreprise-727.example.fr;0140000727;;8 allée des Tilleuls;;44000;Nantes;FR;
CLI-0728;company;;;Entreprise Leroy EURL;10000000000728;contact728@entreprise-728.example.fr;0140000728;;9 rue Nationale;Bât D;59000;Lille;FR;
CLI-0729;individual;Claire;Moreau;;;claire.moreau729@example.fr;;0610000729;10 cours Mirabeau;;67000;Strasbourg;FR;
CLI-0730;company;;;Entreprise Simon SAS;10000000000730;contact730@entreprise-730.example.fr;0140000730;;11 rue de la Paix;;34000;Montpellier;FR;
CLI-0731;company;;;Entreprise Laurent SARL;10000000000731;contact731@entreprise-731.example.fr;0140000731;;12 avenue Victor Hugo;;06000;Nice;FR;
CLI-0732;individual;Paul;Lefebvre;;;paul.lefebvre732@example.fr;;0610000732;13 boulevard Haussmann;;35000;Rennes;FR;
CLI-0733;company;;;Entreprise Michel EURL;10000000000733;contact733@entreprise-733.example.fr;0140000733;;14 rue du Commerce;;51100;Reims;FR;
CLI-0734;company;;;Entreprise Garcia SCI;10000000000734;contact734@entreprise-734.example.fr;0140000734;;15 place de la République;;21000;Dijon;FR;
CLI-0735;individual;Chloé;David;;;chloé.david735@example.fr;;0610000735;16 chemin des Vignes;Bât A;80000;Amiens;FR;
CLI-0736;company;;;Entreprise Martin SARL;10000000000736;contact736@entreprise-736.example.fr;0140000736;;17 impasse des Lilas;;76000;Rouen;FR;
CLI-0737;company;;;Entreprise Bernard SA;10000000000737;contact737@entreprise-737.example.fr;0140000737;;18 allée des Tilleuls;;14000;Caen;FR;Client import test
CLI-0738;individual;Pierre;Dubois;;;pierre.dubois738@example.fr;;0610000738;19 rue Nationale;;29200;Brest;FR;
CLI-0739;company;;;Entreprise Thomas SCI;10000000000739;contact739@entreprise-739.example.fr;0140000739;;20 cours Mirabeau;;29800;Landerneau;FR;
CLI-0740;company;;;Entreprise Robert SAS;10000000000740;contact740@entreprise-740.example.fr;0140000740;;21 rue de la Paix;;75001;Paris;FR;
CLI-0741;individual;Camille;Richard;;;camille.richard741@example.fr;;0610000741;22 avenue Victor Hugo;;75002;Paris;FR;Particulier import test
CLI-0742;company;;;Entreprise Petit SA;10000000000742;contact742@entreprise-742.example.fr;0140000742;;23 boulevard Haussmann;Bât C;69001;Lyon;FR;
CLI-0743;company;;;Entreprise Durand EURL;10000000000743;contact743@entreprise-743.example.fr;0140000743;;24 rue du Commerce;;69003;Lyon;FR;
CLI-0744;individual;Nicolas;Leroy;;;nicolas.leroy744@example.fr;;0610000744;25 place de la République;;13001;Marseille;FR;
CLI-0745;company;;;Entreprise Moreau SAS;10000000000745;contact745@entreprise-745.example.fr;0140000745;;26 chemin des Vignes;;33000;Bordeaux;FR;
CLI-0746;company;;;Entreprise Simon SARL;10000000000746;contact746@entreprise-746.example.fr;0140000746;;27 impasse des Lilas;;31000;Toulouse;FR;
CLI-0747;individual;Emma;Laurent;;;emma.laurent747@example.fr;;0610000747;28 allée des Tilleuls;;44000;Nantes;FR;
CLI-0748;company;;;Entreprise Lefebvre EURL;10000000000748;contact748@entreprise-748.example.fr;0140000748;;29 rue Nationale;;59000;Lille;FR;Client import test
CLI-0749;company;;;Entreprise Michel SCI;10000000000749;contact749@entreprise-749.example.fr;0140000749;;30 cours Mirabeau;Bât E;67000;Strasbourg;FR;
CLI-0750;individual;Hugo;Garcia;;;hugo.garcia750@example.fr;;0610000750;31 rue de la Paix;;34000;Montpellier;FR;
CLI-0751;company;;;Entreprise David SARL;10000000000751;contact751@entreprise-751.example.fr;0140000751;;32 avenue Victor Hugo;;06000;Nice;FR;
CLI-0752;company;;;Entreprise Martin SA;10000000000752;contact752@entreprise-752.example.fr;0140000752;;33 boulevard Haussmann;;35000;Rennes;FR;
CLI-0753;individual;Marie;Bernard;;;marie.bernard753@example.fr;;0610000753;34 rue du Commerce;;51100;Reims;FR;
CLI-0754;company;;;Entreprise Dubois SCI;10000000000754;contact754@entreprise-754.example.fr;0140000754;;35 place de la République;;21000;Dijon;FR;
CLI-0755;company;;;Entreprise Thomas SAS;10000000000755;contact755@entreprise-755.example.fr;0140000755;;36 chemin des Vignes;;80000;Amiens;FR;
CLI-0756;individual;Luc;Robert;;;luc.robert756@example.fr;;0610000756;37 impasse des Lilas;Bât B;76000;Rouen;FR;
CLI-0757;company;;;Entreprise Richard SA;10000000000757;contact757@entreprise-757.example.fr;0140000757;;38 allée des Tilleuls;;14000;Caen;FR;
CLI-0758;company;;;Entreprise Petit EURL;10000000000758;contact758@entreprise-758.example.fr;0140000758;;39 rue Nationale;;29200;Brest;FR;
CLI-0759;individual;Julie;Durand;;;julie.durand759@example.fr;;0610000759;40 cours Mirabeau;;29800;Landerneau;FR;
CLI-0760;company;;;Entreprise Leroy SAS;10000000000760;contact760@entreprise-760.example.fr;0140000760;;41 rue de la Paix;;75001;Paris;FR;
CLI-0761;company;;;Entreprise Moreau SARL;10000000000761;contact761@entreprise-761.example.fr;0140000761;;42 avenue Victor Hugo;;75002;Paris;FR;
CLI-0762;individual;Thomas;Simon;;;thomas.simon762@example.fr;;0610000762;43 boulevard Haussmann;;69001;Lyon;FR;
CLI-0763;company;;;Entreprise Laurent EURL;10000000000763;contact763@entreprise-763.example.fr;0140000763;;44 rue du Commerce;Bât D;69003;Lyon;FR;
CLI-0764;company;;;Entreprise Lefebvre SCI;10000000000764;contact764@entreprise-764.example.fr;0140000764;;45 place de la République;;13001;Marseille;FR;
CLI-0765;individual;Léa;Michel;;;léa.michel765@example.fr;;0610000765;46 chemin des Vignes;;33000;Bordeaux;FR;
CLI-0766;company;;;Entreprise Garcia SARL;10000000000766;contact766@entreprise-766.example.fr;0140000766;;47 impasse des Lilas;;31000;Toulouse;FR;
CLI-0767;company;;;Entreprise David SA;10000000000767;contact767@entreprise-767.example.fr;0140000767;;48 allée des Tilleuls;;44000;Nantes;FR;
CLI-0768;individual;Jean;Martin;;;jean.martin768@example.fr;;0610000768;49 rue Nationale;;59000;Lille;FR;
CLI-0769;company;;;Entreprise Bernard SCI;10000000000769;contact769@entreprise-769.example.fr;0140000769;;50 cours Mirabeau;;67000;Strasbourg;FR;
CLI-0770;company;;;Entreprise Dubois SAS;10000000000770;contact770@entreprise-770.example.fr;0140000770;;51 rue de la Paix;Bât A;34000;Montpellier;FR;Client import test
CLI-0771;individual;Sophie;Thomas;;;sophie.thomas771@example.fr;;0610000771;52 avenue Victor Hugo;;06000;Nice;FR;
CLI-0772;company;;;Entreprise Robert SA;10000000000772;contact772@entreprise-772.example.fr;0140000772;;53 boulevard Haussmann;;35000;Rennes;FR;
CLI-0773;company;;;Entreprise Richard EURL;10000000000773;contact773@entreprise-773.example.fr;0140000773;;54 rue du Commerce;;51100;Reims;FR;
CLI-0774;individual;Antoine;Petit;;;antoine.petit774@example.fr;;0610000774;55 place de la République;;21000;Dijon;FR;
CLI-0775;company;;;Entreprise Durand SAS;10000000000775;contact775@entreprise-775.example.fr;0140000775;;56 chemin des Vignes;;80000;Amiens;FR;
CLI-0776;company;;;Entreprise Leroy SARL;10000000000776;contact776@entreprise-776.example.fr;0140000776;;57 impasse des Lilas;;76000;Rouen;FR;
CLI-0777;individual;Claire;Moreau;;;claire.moreau777@example.fr;;0610000777;58 allée des Tilleuls;Bât C;14000;Caen;FR;
CLI-0778;company;;;Entreprise Simon EURL;10000000000778;contact778@entreprise-778.example.fr;0140000778;;59 rue Nationale;;29200;Brest;FR;
CLI-0779;company;;;Entreprise Laurent SCI;10000000000779;contact779@entreprise-779.example.fr;0140000779;;60 cours Mirabeau;;29800;Landerneau;FR;
CLI-0780;individual;Paul;Lefebvre;;;paul.lefebvre780@example.fr;;0610000780;61 rue de la Paix;;75001;Paris;FR;Particulier import test
CLI-0781;company;;;Entreprise Michel SARL;10000000000781;contact781@entreprise-781.example.fr;0140000781;;62 avenue Victor Hugo;;75002;Paris;FR;Client import test
CLI-0782;company;;;Entreprise Garcia SA;10000000000782;contact782@entreprise-782.example.fr;0140000782;;63 boulevard Haussmann;;69001;Lyon;FR;
CLI-0783;individual;Chloé;David;;;chloé.david783@example.fr;;0610000783;64 rue du Commerce;;69003;Lyon;FR;
CLI-0784;company;;;Entreprise Martin SCI;10000000000784;contact784@entreprise-784.example.fr;0140000784;;65 place de la République;Bât E;13001;Marseille;FR;
CLI-0785;company;;;Entreprise Bernard SAS;10000000000785;contact785@entreprise-785.example.fr;0140000785;;66 chemin des Vignes;;33000;Bordeaux;FR;
CLI-0786;individual;Pierre;Dubois;;;pierre.dubois786@example.fr;;0610000786;67 impasse des Lilas;;31000;Toulouse;FR;
CLI-0787;company;;;Entreprise Thomas SA;10000000000787;contact787@entreprise-787.example.fr;0140000787;;68 allée des Tilleuls;;44000;Nantes;FR;
CLI-0788;company;;;Entreprise Robert EURL;10000000000788;contact788@entreprise-788.example.fr;0140000788;;69 rue Nationale;;59000;Lille;FR;
CLI-0789;individual;Camille;Richard;;;camille.richard789@example.fr;;0610000789;70 cours Mirabeau;;67000;Strasbourg;FR;
CLI-0790;company;;;Entreprise Petit SAS;10000000000790;contact790@entreprise-790.example.fr;0140000790;;71 rue de la Paix;;34000;Montpellier;FR;
CLI-0791;company;;;Entreprise Durand SARL;10000000000791;contact791@entreprise-791.example.fr;0140000791;;72 avenue Victor Hugo;Bât B;06000;Nice;FR;
CLI-0792;individual;Nicolas;Leroy;;;nicolas.leroy792@example.fr;;0610000792;73 boulevard Haussmann;;35000;Rennes;FR;
CLI-0793;company;;;Entreprise Moreau EURL;10000000000793;contact793@entreprise-793.example.fr;0140000793;;74 rue du Commerce;;51100;Reims;FR;
CLI-0794;company;;;Entreprise Simon SCI;10000000000794;contact794@entreprise-794.example.fr;0140000794;;75 place de la République;;21000;Dijon;FR;
CLI-0795;individual;Emma;Laurent;;;emma.laurent795@example.fr;;0610000795;76 chemin des Vignes;;80000;Amiens;FR;
CLI-0796;company;;;Entreprise Lefebvre SARL;10000000000796;contact796@entreprise-796.example.fr;0140000796;;77 impasse des Lilas;;76000;Rouen;FR;
CLI-0797;company;;;Entreprise Michel SA;10000000000797;contact797@entreprise-797.example.fr;0140000797;;78 allée des Tilleuls;;14000;Caen;FR;
CLI-0798;individual;Hugo;Garcia;;;hugo.garcia798@example.fr;;0610000798;79 rue Nationale;Bât D;29200;Brest;FR;
CLI-0799;company;;;Entreprise David SCI;10000000000799;contact799@entreprise-799.example.fr;0140000799;;80 cours Mirabeau;;29800;Landerneau;FR;
CLI-0800;company;;;Entreprise Martin SAS;10000000000800;contact800@entreprise-800.example.fr;0140000800;;81 rue de la Paix;;75001;Paris;FR;
CLI-0801;individual;Marie;Bernard;;;marie.bernard801@example.fr;;0610000801;82 avenue Victor Hugo;;75002;Paris;FR;
CLI-0802;company;;;Entreprise Dubois SA;10000000000802;contact802@entreprise-802.example.fr;0140000802;;83 boulevard Haussmann;;69001;Lyon;FR;
CLI-0803;company;;;Entreprise Thomas EURL;10000000000803;contact803@entreprise-803.example.fr;0140000803;;84 rue du Commerce;;69003;Lyon;FR;Client import test
CLI-0804;individual;Luc;Robert;;;luc.robert804@example.fr;;0610000804;85 place de la République;;13001;Marseille;FR;
CLI-0805;company;;;Entreprise Richard SAS;10000000000805;contact805@entreprise-805.example.fr;0140000805;;86 chemin des Vignes;Bât A;33000;Bordeaux;FR;
CLI-0806;company;;;Entreprise Petit SARL;10000000000806;contact806@entreprise-806.example.fr;0140000806;;87 impasse des Lilas;;31000;Toulouse;FR;
CLI-0807;individual;Julie;Durand;;;julie.durand807@example.fr;;0610000807;88 allée des Tilleuls;;44000;Nantes;FR;
CLI-0808;company;;;Entreprise Leroy EURL;10000000000808;contact808@entreprise-808.example.fr;0140000808;;89 rue Nationale;;59000;Lille;FR;
CLI-0809;company;;;Entreprise Moreau SCI;10000000000809;contact809@entreprise-809.example.fr;0140000809;;90 cours Mirabeau;;67000;Strasbourg;FR;
CLI-0810;individual;Thomas;Simon;;;thomas.simon810@example.fr;;0610000810;91 rue de la Paix;;34000;Montpellier;FR;
CLI-0811;company;;;Entreprise Laurent SARL;10000000000811;contact811@entreprise-811.example.fr;0140000811;;92 avenue Victor Hugo;;06000;Nice;FR;
CLI-0812;company;;;Entreprise Lefebvre SA;10000000000812;contact812@entreprise-812.example.fr;0140000812;;93 boulevard Haussmann;Bât C;35000;Rennes;FR;
CLI-0813;individual;Léa;Michel;;;léa.michel813@example.fr;;0610000813;94 rue du Commerce;;51100;Reims;FR;
CLI-0814;company;;;Entreprise Garcia SCI;10000000000814;contact814@entreprise-814.example.fr;0140000814;;95 place de la République;;21000;Dijon;FR;Client import test
CLI-0815;company;;;Entreprise David SAS;10000000000815;contact815@entreprise-815.example.fr;0140000815;;96 chemin des Vignes;;80000;Amiens;FR;
CLI-0816;individual;Jean;Martin;;;jean.martin816@example.fr;;0610000816;97 impasse des Lilas;;76000;Rouen;FR;
CLI-0817;company;;;Entreprise Bernard SA;10000000000817;contact817@entreprise-817.example.fr;0140000817;;98 allée des Tilleuls;;14000;Caen;FR;
CLI-0818;company;;;Entreprise Dubois EURL;10000000000818;contact818@entreprise-818.example.fr;0140000818;;99 rue Nationale;;29200;Brest;FR;
CLI-0819;individual;Sophie;Thomas;;;sophie.thomas819@example.fr;;0610000819;100 cours Mirabeau;Bât E;29800;Landerneau;FR;Particulier import test
CLI-0820;company;;;Entreprise Robert SAS;10000000000820;contact820@entreprise-820.example.fr;0140000820;;101 rue de la Paix;;75001;Paris;FR;
CLI-0821;company;;;Entreprise Richard SARL;10000000000821;contact821@entreprise-821.example.fr;0140000821;;102 avenue Victor Hugo;;75002;Paris;FR;
CLI-0822;individual;Antoine;Petit;;;antoine.petit822@example.fr;;0610000822;103 boulevard Haussmann;;69001;Lyon;FR;
CLI-0823;company;;;Entreprise Durand EURL;10000000000823;contact823@entreprise-823.example.fr;0140000823;;104 rue du Commerce;;69003;Lyon;FR;
CLI-0824;company;;;Entreprise Leroy SCI;10000000000824;contact824@entreprise-824.example.fr;0140000824;;105 place de la République;;13001;Marseille;FR;
CLI-0825;individual;Claire;Moreau;;;claire.moreau825@example.fr;;0610000825;106 chemin des Vignes;;33000;Bordeaux;FR;
CLI-0826;company;;;Entreprise Simon SARL;10000000000826;contact826@entreprise-826.example.fr;0140000826;;107 impasse des Lilas;Bât B;31000;Toulouse;FR;
CLI-0827;company;;;Entreprise Laurent SA;10000000000827;contact827@entreprise-827.example.fr;0140000827;;108 allée des Tilleuls;;44000;Nantes;FR;
CLI-0828;individual;Paul;Lefebvre;;;paul.lefebvre828@example.fr;;0610000828;109 rue Nationale;;59000;Lille;FR;
CLI-0829;company;;;Entreprise Michel SCI;10000000000829;contact829@entreprise-829.example.fr;0140000829;;110 cours Mirabeau;;67000;Strasbourg;FR;
CLI-0830;company;;;Entreprise Garcia SAS;10000000000830;contact830@entreprise-830.example.fr;0140000830;;111 rue de la Paix;;34000;Montpellier;FR;
CLI-0831;individual;Chloé;David;;;chloé.david831@example.fr;;0610000831;112 avenue Victor Hugo;;06000;Nice;FR;
CLI-0832;company;;;Entreprise Martin SA;10000000000832;contact832@entreprise-832.example.fr;0140000832;;113 boulevard Haussmann;;35000;Rennes;FR;
CLI-0833;company;;;Entreprise Bernard EURL;10000000000833;contact833@entreprise-833.example.fr;0140000833;;114 rue du Commerce;Bât D;51100;Reims;FR;
CLI-0834;individual;Pierre;Dubois;;;pierre.dubois834@example.fr;;0610000834;115 place de la République;;21000;Dijon;FR;
CLI-0835;company;;;Entreprise Thomas SAS;10000000000835;contact835@entreprise-835.example.fr;0140000835;;116 chemin des Vignes;;80000;Amiens;FR;
CLI-0836;company;;;Entreprise Robert SARL;10000000000836;contact836@entreprise-836.example.fr;0140000836;;117 impasse des Lilas;;76000;Rouen;FR;Client import test
CLI-0837;individual;Camille;Richard;;;camille.richard837@example.fr;;0610000837;118 allée des Tilleuls;;14000;Caen;FR;
CLI-0838;company;;;Entreprise Petit EURL;10000000000838;contact838@entreprise-838.example.fr;0140000838;;119 rue Nationale;;29200;Brest;FR;
CLI-0839;company;;;Entreprise Durand SCI;10000000000839;contact839@entreprise-839.example.fr;0140000839;;120 cours Mirabeau;;29800;Landerneau;FR;
CLI-0840;individual;Nicolas;Leroy;;;nicolas.leroy840@example.fr;;0610000840;1 rue de la Paix;Bât A;75001;Paris;FR;
CLI-0841;company;;;Entreprise Moreau SARL;10000000000841;contact841@entreprise-841.example.fr;0140000841;;2 avenue Victor Hugo;;75002;Paris;FR;
CLI-0842;company;;;Entreprise Simon SA;10000000000842;contact842@entreprise-842.example.fr;0140000842;;3 boulevard Haussmann;;69001;Lyon;FR;
CLI-0843;individual;Emma;Laurent;;;emma.laurent843@example.fr;;0610000843;4 rue du Commerce;;69003;Lyon;FR;
CLI-0844;company;;;Entreprise Lefebvre SCI;10000000000844;contact844@entreprise-844.example.fr;0140000844;;5 place de la République;;13001;Marseille;FR;
CLI-0845;company;;;Entreprise Michel SAS;10000000000845;contact845@entreprise-845.example.fr;0140000845;;6 chemin des Vignes;;33000;Bordeaux;FR;
CLI-0846;individual;Hugo;Garcia;;;hugo.garcia846@example.fr;;0610000846;7 impasse des Lilas;;31000;Toulouse;FR;
CLI-0847;company;;;Entreprise David SA;10000000000847;contact847@entreprise-847.example.fr;0140000847;;8 allée des Tilleuls;Bât C;44000;Nantes;FR;Client import test
CLI-0848;company;;;Entreprise Martin EURL;10000000000848;contact848@entreprise-848.example.fr;0140000848;;9 rue Nationale;;59000;Lille;FR;
CLI-0849;individual;Marie;Bernard;;;marie.bernard849@example.fr;;0610000849;10 cours Mirabeau;;67000;Strasbourg;FR;
CLI-0850;company;;;Entreprise Dubois SAS;10000000000850;contact850@entreprise-850.example.fr;0140000850;;11 rue de la Paix;;34000;Montpellier;FR;
CLI-0851;company;;;Entreprise Thomas SARL;10000000000851;contact851@entreprise-851.example.fr;0140000851;;12 avenue Victor Hugo;;06000;Nice;FR;
CLI-0852;individual;Luc;Robert;;;luc.robert852@example.fr;;0610000852;13 boulevard Haussmann;;35000;Rennes;FR;
CLI-0853;company;;;Entreprise Richard EURL;10000000000853;contact853@entreprise-853.example.fr;0140000853;;14 rue du Commerce;;51100;Reims;FR;
CLI-0854;company;;;Entreprise Petit SCI;10000000000854;contact854@entreprise-854.example.fr;0140000854;;15 place de la République;Bât E;21000;Dijon;FR;
CLI-0855;individual;Julie;Durand;;;julie.durand855@example.fr;;0610000855;16 chemin des Vignes;;80000;Amiens;FR;
CLI-0856;company;;;Entreprise Leroy SARL;10000000000856;contact856@entreprise-856.example.fr;0140000856;;17 impasse des Lilas;;76000;Rouen;FR;
CLI-0857;company;;;Entreprise Moreau SA;10000000000857;contact857@entreprise-857.example.fr;0140000857;;18 allée des Tilleuls;;14000;Caen;FR;
CLI-0858;individual;Thomas;Simon;;;thomas.simon858@example.fr;;0610000858;19 rue Nationale;;29200;Brest;FR;Particulier import test
CLI-0859;company;;;Entreprise Laurent SCI;10000000000859;contact859@entreprise-859.example.fr;0140000859;;20 cours Mirabeau;;29800;Landerneau;FR;
CLI-0860;company;;;Entreprise Lefebvre SAS;10000000000860;contact860@entreprise-860.example.fr;0140000860;;21 rue de la Paix;;75001;Paris;FR;
CLI-0861;individual;Léa;Michel;;;léa.michel861@example.fr;;0610000861;22 avenue Victor Hugo;Bât B;75002;Paris;FR;
CLI-0862;company;;;Entreprise Garcia SA;10000000000862;contact862@entreprise-862.example.fr;0140000862;;23 boulevard Haussmann;;69001;Lyon;FR;
CLI-0863;company;;;Entreprise David EURL;10000000000863;contact863@entreprise-863.example.fr;0140000863;;24 rue du Commerce;;69003;Lyon;FR;
CLI-0864;individual;Jean;Martin;;;jean.martin864@example.fr;;0610000864;25 place de la République;;13001;Marseille;FR;
CLI-0865;company;;;Entreprise Bernard SAS;10000000000865;contact865@entreprise-865.example.fr;0140000865;;26 chemin des Vignes;;33000;Bordeaux;FR;
CLI-0866;company;;;Entreprise Dubois SARL;10000000000866;contact866@entreprise-866.example.fr;0140000866;;27 impasse des Lilas;;31000;Toulouse;FR;
CLI-0867;individual;Sophie;Thomas;;;sophie.thomas867@example.fr;;0610000867;28 allée des Tilleuls;;44000;Nantes;FR;
CLI-0868;company;;;Entreprise Robert EURL;10000000000868;contact868@entreprise-868.example.fr;0140000868;;29 rue Nationale;Bât D;59000;Lille;FR;
CLI-0869;company;;;Entreprise Richard SCI;10000000000869;contact869@entreprise-869.example.fr;0140000869;;30 cours Mirabeau;;67000;Strasbourg;FR;Client import test
CLI-0870;individual;Antoine;Petit;;;antoine.petit870@example.fr;;0610000870;31 rue de la Paix;;34000;Montpellier;FR;
CLI-0871;company;;;Entreprise Durand SARL;10000000000871;contact871@entreprise-871.example.fr;0140000871;;32 avenue Victor Hugo;;06000;Nice;FR;
CLI-0872;company;;;Entreprise Leroy SA;10000000000872;contact872@entreprise-872.example.fr;0140000872;;33 boulevard Haussmann;;35000;Rennes;FR;
CLI-0873;individual;Claire;Moreau;;;claire.moreau873@example.fr;;0610000873;34 rue du Commerce;;51100;Reims;FR;
CLI-0874;company;;;Entreprise Simon SCI;10000000000874;contact874@entreprise-874.example.fr;0140000874;;35 place de la République;;21000;Dijon;FR;
CLI-0875;company;;;Entreprise Laurent SAS;10000000000875;contact875@entreprise-875.example.fr;0140000875;;36 chemin des Vignes;Bât A;80000;Amiens;FR;
CLI-0876;individual;Paul;Lefebvre;;;paul.lefebvre876@example.fr;;0610000876;37 impasse des Lilas;;76000;Rouen;FR;
CLI-0877;company;;;Entreprise Michel SA;10000000000877;contact877@entreprise-877.example.fr;0140000877;;38 allée des Tilleuls;;14000;Caen;FR;
CLI-0878;company;;;Entreprise Garcia EURL;10000000000878;contact878@entreprise-878.example.fr;0140000878;;39 rue Nationale;;29200;Brest;FR;
CLI-0879;individual;Chloé;David;;;chloé.david879@example.fr;;0610000879;40 cours Mirabeau;;29800;Landerneau;FR;
CLI-0880;company;;;Entreprise Martin SAS;10000000000880;contact880@entreprise-880.example.fr;0140000880;;41 rue de la Paix;;75001;Paris;FR;Client import test
CLI-0881;company;;;Entreprise Bernard SARL;10000000000881;contact881@entreprise-881.example.fr;0140000881;;42 avenue Victor Hugo;;75002;Paris;FR;
CLI-0882;individual;Pierre;Dubois;;;pierre.dubois882@example.fr;;0610000882;43 boulevard Haussmann;Bât C;69001;Lyon;FR;
CLI-0883;company;;;Entreprise Thomas EURL;10000000000883;contact883@entreprise-883.example.fr;0140000883;;44 rue du Commerce;;69003;Lyon;FR;
CLI-0884;company;;;Entreprise Robert SCI;10000000000884;contact884@entreprise-884.example.fr;0140000884;;45 place de la République;;13001;Marseille;FR;
CLI-0885;individual;Camille;Richard;;;camille.richard885@example.fr;;0610000885;46 chemin des Vignes;;33000;Bordeaux;FR;
CLI-0886;company;;;Entreprise Petit SARL;10000000000886;contact886@entreprise-886.example.fr;0140000886;;47 impasse des Lilas;;31000;Toulouse;FR;
CLI-0887;company;;;Entreprise Durand SA;10000000000887;contact887@entreprise-887.example.fr;0140000887;;48 allée des Tilleuls;;44000;Nantes;FR;
CLI-0888;individual;Nicolas;Leroy;;;nicolas.leroy888@example.fr;;0610000888;49 rue Nationale;;59000;Lille;FR;
CLI-0889;company;;;Entreprise Moreau SCI;10000000000889;contact889@entreprise-889.example.fr;0140000889;;50 cours Mirabeau;Bât E;67000;Strasbourg;FR;
CLI-0890;company;;;Entreprise Simon SAS;10000000000890;contact890@entreprise-890.example.fr;0140000890;;51 rue de la Paix;;34000;Montpellier;FR;
CLI-0891;individual;Emma;Laurent;;;emma.laurent891@example.fr;;0610000891;52 avenue Victor Hugo;;06000;Nice;FR;
CLI-0892;company;;;Entreprise Lefebvre SA;10000000000892;contact892@entreprise-892.example.fr;0140000892;;53 boulevard Haussmann;;35000;Rennes;FR;
CLI-0893;company;;;Entreprise Michel EURL;10000000000893;contact893@entreprise-893.example.fr;0140000893;;54 rue du Commerce;;51100;Reims;FR;
CLI-0894;individual;Hugo;Garcia;;;hugo.garcia894@example.fr;;0610000894;55 place de la République;;21000;Dijon;FR;
CLI-0895;company;;;Entreprise David SAS;10000000000895;contact895@entreprise-895.example.fr;0140000895;;56 chemin des Vignes;;80000;Amiens;FR;
CLI-0896;company;;;Entreprise Martin SARL;10000000000896;contact896@entreprise-896.example.fr;0140000896;;57 impasse des Lilas;Bât B;76000;Rouen;FR;
CLI-0897;individual;Marie;Bernard;;;marie.bernard897@example.fr;;0610000897;58 allée des Tilleuls;;14000;Caen;FR;Particulier import test
CLI-0898;company;;;Entreprise Dubois EURL;10000000000898;contact898@entreprise-898.example.fr;0140000898;;59 rue Nationale;;29200;Brest;FR;
CLI-0899;company;;;Entreprise Thomas SCI;10000000000899;contact899@entreprise-899.example.fr;0140000899;;60 cours Mirabeau;;29800;Landerneau;FR;
CLI-0900;individual;Luc;Robert;;;luc.robert900@example.fr;;0610000900;61 rue de la Paix;;75001;Paris;FR;
CLI-0901;company;;;Entreprise Richard SARL;10000000000901;contact901@entreprise-901.example.fr;0140000901;;62 avenue Victor Hugo;;75002;Paris;FR;
CLI-0902;company;;;Entreprise Petit SA;10000000000902;contact902@entreprise-902.example.fr;0140000902;;63 boulevard Haussmann;;69001;Lyon;FR;Client import test
CLI-0903;individual;Julie;Durand;;;julie.durand903@example.fr;;0610000903;64 rue du Commerce;Bât D;69003;Lyon;FR;
CLI-0904;company;;;Entreprise Leroy SCI;10000000000904;contact904@entreprise-904.example.fr;0140000904;;65 place de la République;;13001;Marseille;FR;
CLI-0905;company;;;Entreprise Moreau SAS;10000000000905;contact905@entreprise-905.example.fr;0140000905;;66 chemin des Vignes;;33000;Bordeaux;FR;
CLI-0906;individual;Thomas;Simon;;;thomas.simon906@example.fr;;0610000906;67 impasse des Lilas;;31000;Toulouse;FR;
CLI-0907;company;;;Entreprise Laurent SA;10000000000907;contact907@entreprise-907.example.fr;0140000907;;68 allée des Tilleuls;;44000;Nantes;FR;
CLI-0908;company;;;Entreprise Lefebvre EURL;10000000000908;contact908@entreprise-908.example.fr;0140000908;;69 rue Nationale;;59000;Lille;FR;
CLI-0909;individual;Léa;Michel;;;léa.michel909@example.fr;;0610000909;70 cours Mirabeau;;67000;Strasbourg;FR;
CLI-0910;company;;;Entreprise Garcia SAS;10000000000910;contact910@entreprise-910.example.fr;0140000910;;71 rue de la Paix;Bât A;34000;Montpellier;FR;
CLI-0911;company;;;Entreprise David SARL;10000000000911;contact911@entreprise-911.example.fr;0140000911;;72 avenue Victor Hugo;;06000;Nice;FR;
CLI-0912;individual;Jean;Martin;;;jean.martin912@example.fr;;0610000912;73 boulevard Haussmann;;35000;Rennes;FR;
CLI-0913;company;;;Entreprise Bernard EURL;10000000000913;contact913@entreprise-913.example.fr;0140000913;;74 rue du Commerce;;51100;Reims;FR;Client import test
CLI-0914;company;;;Entreprise Dubois SCI;10000000000914;contact914@entreprise-914.example.fr;0140000914;;75 place de la République;;21000;Dijon;FR;
CLI-0915;individual;Sophie;Thomas;;;sophie.thomas915@example.fr;;0610000915;76 chemin des Vignes;;80000;Amiens;FR;
CLI-0916;company;;;Entreprise Robert SARL;10000000000916;contact916@entreprise-916.example.fr;0140000916;;77 impasse des Lilas;;76000;Rouen;FR;
CLI-0917;company;;;Entreprise Richard SA;10000000000917;contact917@entreprise-917.example.fr;0140000917;;78 allée des Tilleuls;Bât C;14000;Caen;FR;
CLI-0918;individual;Antoine;Petit;;;antoine.petit918@example.fr;;0610000918;79 rue Nationale;;29200;Brest;FR;
CLI-0919;company;;;Entreprise Durand SCI;10000000000919;contact919@entreprise-919.example.fr;0140000919;;80 cours Mirabeau;;29800;Landerneau;FR;
CLI-0920;company;;;Entreprise Leroy SAS;10000000000920;contact920@entreprise-920.example.fr;0140000920;;81 rue de la Paix;;75001;Paris;FR;
CLI-0921;individual;Claire;Moreau;;;claire.moreau921@example.fr;;0610000921;82 avenue Victor Hugo;;75002;Paris;FR;
CLI-0922;company;;;Entreprise Simon SA;10000000000922;contact922@entreprise-922.example.fr;0140000922;;83 boulevard Haussmann;;69001;Lyon;FR;
CLI-0923;company;;;Entreprise Laurent EURL;10000000000923;contact923@entreprise-923.example.fr;0140000923;;84 rue du Commerce;;69003;Lyon;FR;
CLI-0924;individual;Paul;Lefebvre;;;paul.lefebvre924@example.fr;;0610000924;85 place de la République;Bât E;13001;Marseille;FR;
CLI-0925;company;;;Entreprise Michel SAS;10000000000925;contact925@entreprise-925.example.fr;0140000925;;86 chemin des Vignes;;33000;Bordeaux;FR;
CLI-0926;company;;;Entreprise Garcia SARL;10000000000926;contact926@entreprise-926.example.fr;0140000926;;87 impasse des Lilas;;31000;Toulouse;FR;
CLI-0927;individual;Chloé;David;;;chloé.david927@example.fr;;0610000927;88 allée des Tilleuls;;44000;Nantes;FR;
CLI-0928;company;;;Entreprise Martin EURL;10000000000928;contact928@entreprise-928.example.fr;0140000928;;89 rue Nationale;;59000;Lille;FR;
CLI-0929;company;;;Entreprise Bernard SCI;10000000000929;contact929@entreprise-929.example.fr;0140000929;;90 cours Mirabeau;;67000;Strasbourg;FR;
CLI-0930;individual;Pierre;Dubois;;;pierre.dubois930@example.fr;;0610000930;91 rue de la Paix;;34000;Montpellier;FR;
CLI-0931;company;;;Entreprise Thomas SARL;10000000000931;contact931@entreprise-931.example.fr;0140000931;;92 avenue Victor Hugo;Bât B;06000;Nice;FR;
CLI-0932;company;;;Entreprise Robert SA;10000000000932;contact932@entreprise-932.example.fr;0140000932;;93 boulevard Haussmann;;35000;Rennes;FR;
CLI-0933;individual;Camille;Richard;;;camille.richard933@example.fr;;0610000933;94 rue du Commerce;;51100;Reims;FR;
CLI-0934;company;;;Entreprise Petit SCI;10000000000934;contact934@entreprise-934.example.fr;0140000934;;95 place de la République;;21000;Dijon;FR;
CLI-0935;company;;;Entreprise Durand SAS;10000000000935;contact935@entreprise-935.example.fr;0140000935;;96 chemin des Vignes;;80000;Amiens;FR;Client import test
CLI-0936;individual;Nicolas;Leroy;;;nicolas.leroy936@example.fr;;0610000936;97 impasse des Lilas;;76000;Rouen;FR;Particulier import test
CLI-0937;company;;;Entreprise Moreau SA;10000000000937;contact937@entreprise-937.example.fr;0140000937;;98 allée des Tilleuls;;14000;Caen;FR;
CLI-0938;company;;;Entreprise Simon EURL;10000000000938;contact938@entreprise-938.example.fr;0140000938;;99 rue Nationale;Bât D;29200;Brest;FR;
CLI-0939;individual;Emma;Laurent;;;emma.laurent939@example.fr;;0610000939;100 cours Mirabeau;;29800;Landerneau;FR;
CLI-0940;company;;;Entreprise Lefebvre SAS;10000000000940;contact940@entreprise-940.example.fr;0140000940;;101 rue de la Paix;;75001;Paris;FR;
CLI-0941;company;;;Entreprise Michel SARL;10000000000941;contact941@entreprise-941.example.fr;0140000941;;102 avenue Victor Hugo;;75002;Paris;FR;
CLI-0942;individual;Hugo;Garcia;;;hugo.garcia942@example.fr;;0610000942;103 boulevard Haussmann;;69001;Lyon;FR;
CLI-0943;company;;;Entreprise David EURL;10000000000943;contact943@entreprise-943.example.fr;0140000943;;104 rue du Commerce;;69003;Lyon;FR;
CLI-0944;company;;;Entreprise Martin SCI;10000000000944;contact944@entreprise-944.example.fr;0140000944;;105 place de la République;;13001;Marseille;FR;
CLI-0945;individual;Marie;Bernard;;;marie.bernard945@example.fr;;0610000945;106 chemin des Vignes;Bât A;33000;Bordeaux;FR;
CLI-0946;company;;;Entreprise Dubois SARL;10000000000946;contact946@entreprise-946.example.fr;0140000946;;107 impasse des Lilas;;31000;Toulouse;FR;Client import test
CLI-0947;company;;;Entreprise Thomas SA;10000000000947;contact947@entreprise-947.example.fr;0140000947;;108 allée des Tilleuls;;44000;Nantes;FR;
CLI-0948;individual;Luc;Robert;;;luc.robert948@example.fr;;0610000948;109 rue Nationale;;59000;Lille;FR;
CLI-0949;company;;;Entreprise Richard SCI;10000000000949;contact949@entreprise-949.example.fr;0140000949;;110 cours Mirabeau;;67000;Strasbourg;FR;
CLI-0950;company;;;Entreprise Petit SAS;10000000000950;contact950@entreprise-950.example.fr;0140000950;;111 rue de la Paix;;34000;Montpellier;FR;
CLI-0951;individual;Julie;Durand;;;julie.durand951@example.fr;;0610000951;112 avenue Victor Hugo;;06000;Nice;FR;
CLI-0952;company;;;Entreprise Leroy SA;10000000000952;contact952@entreprise-952.example.fr;0140000952;;113 boulevard Haussmann;Bât C;35000;Rennes;FR;
CLI-0953;company;;;Entreprise Moreau EURL;10000000000953;contact953@entreprise-953.example.fr;0140000953;;114 rue du Commerce;;51100;Reims;FR;
CLI-0954;individual;Thomas;Simon;;;thomas.simon954@example.fr;;0610000954;115 place de la République;;21000;Dijon;FR;
CLI-0955;company;;;Entreprise Laurent SAS;10000000000955;contact955@entreprise-955.example.fr;0140000955;;116 chemin des Vignes;;80000;Amiens;FR;
CLI-0956;company;;;Entreprise Lefebvre SARL;10000000000956;contact956@entreprise-956.example.fr;0140000956;;117 impasse des Lilas;;76000;Rouen;FR;
CLI-0957;individual;Léa;Michel;;;léa.michel957@example.fr;;0610000957;118 allée des Tilleuls;;14000;Caen;FR;
CLI-0958;company;;;Entreprise Garcia EURL;10000000000958;contact958@entreprise-958.example.fr;0140000958;;119 rue Nationale;;29200;Brest;FR;
CLI-0959;company;;;Entreprise David SCI;10000000000959;contact959@entreprise-959.example.fr;0140000959;;120 cours Mirabeau;Bât E;29800;Landerneau;FR;
CLI-0960;individual;Jean;Martin;;;jean.martin960@example.fr;;0610000960;1 rue de la Paix;;75001;Paris;FR;
CLI-0961;company;;;Entreprise Bernard SARL;10000000000961;contact961@entreprise-961.example.fr;0140000961;;2 avenue Victor Hugo;;75002;Paris;FR;
CLI-0962;company;;;Entreprise Dubois SA;10000000000962;contact962@entreprise-962.example.fr;0140000962;;3 boulevard Haussmann;;69001;Lyon;FR;
CLI-0963;individual;Sophie;Thomas;;;sophie.thomas963@example.fr;;0610000963;4 rue du Commerce;;69003;Lyon;FR;
CLI-0964;company;;;Entreprise Robert SCI;10000000000964;contact964@entreprise-964.example.fr;0140000964;;5 place de la République;;13001;Marseille;FR;
CLI-0965;company;;;Entreprise Richard SAS;10000000000965;contact965@entreprise-965.example.fr;0140000965;;6 chemin des Vignes;;33000;Bordeaux;FR;
CLI-0966;individual;Antoine;Petit;;;antoine.petit966@example.fr;;0610000966;7 impasse des Lilas;Bât B;31000;Toulouse;FR;
CLI-0967;company;;;Entreprise Durand SA;10000000000967;contact967@entreprise-967.example.fr;0140000967;;8 allée des Tilleuls;;44000;Nantes;FR;
CLI-0968;company;;;Entreprise Leroy EURL;10000000000968;contact968@entreprise-968.example.fr;0140000968;;9 rue Nationale;;59000;Lille;FR;Client import test
CLI-0969;individual;Claire;Moreau;;;claire.moreau969@example.fr;;0610000969;10 cours Mirabeau;;67000;Strasbourg;FR;
CLI-0970;company;;;Entreprise Simon SAS;10000000000970;contact970@entreprise-970.example.fr;0140000970;;11 rue de la Paix;;34000;Montpellier;FR;
CLI-0971;company;;;Entreprise Laurent SARL;10000000000971;contact971@entreprise-971.example.fr;0140000971;;12 avenue Victor Hugo;;06000;Nice;FR;
CLI-0972;individual;Paul;Lefebvre;;;paul.lefebvre972@example.fr;;0610000972;13 boulevard Haussmann;;35000;Rennes;FR;
CLI-0973;company;;;Entreprise Michel EURL;10000000000973;contact973@entreprise-973.example.fr;0140000973;;14 rue du Commerce;Bât D;51100;Reims;FR;
CLI-0974;company;;;Entreprise Garcia SCI;10000000000974;contact974@entreprise-974.example.fr;0140000974;;15 place de la République;;21000;Dijon;FR;
CLI-0975;individual;Chloé;David;;;chloé.david975@example.fr;;0610000975;16 chemin des Vignes;;80000;Amiens;FR;Particulier import test
CLI-0976;company;;;Entreprise Martin SARL;10000000000976;contact976@entreprise-976.example.fr;0140000976;;17 impasse des Lilas;;76000;Rouen;FR;
CLI-0977;company;;;Entreprise Bernard SA;10000000000977;contact977@entreprise-977.example.fr;0140000977;;18 allée des Tilleuls;;14000;Caen;FR;
CLI-0978;individual;Pierre;Dubois;;;pierre.dubois978@example.fr;;0610000978;19 rue Nationale;;29200;Brest;FR;
CLI-0979;company;;;Entreprise Thomas SCI;10000000000979;contact979@entreprise-979.example.fr;0140000979;;20 cours Mirabeau;;29800;Landerneau;FR;Client import test
CLI-0980;company;;;Entreprise Robert SAS;10000000000980;contact980@entreprise-980.example.fr;0140000980;;21 rue de la Paix;Bât A;75001;Paris;FR;
CLI-0981;individual;Camille;Richard;;;camille.richard981@example.fr;;0610000981;22 avenue Victor Hugo;;75002;Paris;FR;
CLI-0982;company;;;Entreprise Petit SA;10000000000982;contact982@entreprise-982.example.fr;0140000982;;23 boulevard Haussmann;;69001;Lyon;FR;
CLI-0983;company;;;Entreprise Durand EURL;10000000000983;contact983@entreprise-983.example.fr;0140000983;;24 rue du Commerce;;69003;Lyon;FR;
CLI-0984;individual;Nicolas;Leroy;;;nicolas.leroy984@example.fr;;0610000984;25 place de la République;;13001;Marseille;FR;
CLI-0985;company;;;Entreprise Moreau SAS;10000000000985;contact985@entreprise-985.example.fr;0140000985;;26 chemin des Vignes;;33000;Bordeaux;FR;
CLI-0986;company;;;Entreprise Simon SARL;10000000000986;contact986@entreprise-986.example.fr;0140000986;;27 impasse des Lilas;;31000;Toulouse;FR;
CLI-0987;individual;Emma;Laurent;;;emma.laurent987@example.fr;;0610000987;28 allée des Tilleuls;Bât C;44000;Nantes;FR;
CLI-0988;company;;;Entreprise Lefebvre EURL;10000000000988;contact988@entreprise-988.example.fr;0140000988;;29 rue Nationale;;59000;Lille;FR;
CLI-0989;company;;;Entreprise Michel SCI;10000000000989;contact989@entreprise-989.example.fr;0140000989;;30 cours Mirabeau;;67000;Strasbourg;FR;
CLI-0990;individual;Hugo;Garcia;;;hugo.garcia990@example.fr;;0610000990;31 rue de la Paix;;34000;Montpellier;FR;
CLI-0991;company;;;Entreprise David SARL;10000000000991;contact991@entreprise-991.example.fr;0140000991;;32 avenue Victor Hugo;;06000;Nice;FR;
CLI-0992;company;;;Entreprise Martin SA;10000000000992;contact992@entreprise-992.example.fr;0140000992;;33 boulevard Haussmann;;35000;Rennes;FR;
CLI-0993;individual;Marie;Bernard;;;marie.bernard993@example.fr;;0610000993;34 rue du Commerce;;51100;Reims;FR;
CLI-0994;company;;;Entreprise Dubois SCI;10000000000994;contact994@entreprise-994.example.fr;0140000994;;35 place de la République;Bât E;21000;Dijon;FR;
CLI-0995;company;;;Entreprise Thomas SAS;10000000000995;contact995@entreprise-995.example.fr;0140000995;;36 chemin des Vignes;;80000;Amiens;FR;
CLI-0996;individual;Luc;Robert;;;luc.robert996@example.fr;;0610000996;37 impasse des Lilas;;76000;Rouen;FR;
CLI-0997;company;;;Entreprise Richard SA;10000000000997;contact997@entreprise-997.example.fr;0140000997;;38 allée des Tilleuls;;14000;Caen;FR;
CLI-0998;company;;;Entreprise Petit EURL;10000000000998;contact998@entreprise-998.example.fr;0140000998;;39 rue Nationale;;29200;Brest;FR;
CLI-0999;individual;Julie;Durand;;;julie.durand999@example.fr;;0610000999;40 cours Mirabeau;;29800;Landerneau;FR;
CLI-1000;company;;;Entreprise Leroy SAS;10000000001000;contact1000@entreprise-1000.example.fr;0140001000;;41 rue de la Paix;;75001;Paris;FR;
