externalId;kind;firstName;lastName;companyName;legalIdentifier;email;phone;mobile;addressLine1;addressLine2;postalCode;city;country;notes
DO-0001;company;;;Assureur Bernard SARL;20000000000001;ops1@donneur-1.example.fr;0150000001;;2 rue du Commerce;;31000;Toulouse;FR;
DO-0002;company;;;Assureur Dubois SA;20000000000002;ops2@donneur-2.example.fr;0150000002;;3 place de la République;;44000;Nantes;FR;
DO-0003;company;;;Assureur Thomas EURL;20000000000003;ops3@donneur-3.example.fr;0150000003;;4 chemin des Vignes;;59000;Lille;FR;
DO-0004;individual;Camille;Petit;;;camille.petit.do4@example.fr;;0720000004;5 impasse des Lilas;;67000;Strasbourg;FR;
DO-0005;company;;;Assureur Richard SAS;20000000000005;ops5@donneur-5.example.fr;0150000005;;6 allée des Tilleuls;;34000;Montpellier;FR;
DO-0006;company;;;Assureur Petit SARL;20000000000006;ops6@donneur-6.example.fr;0150000006;;7 rue Nationale;;06000;Nice;FR;
DO-0007;company;;;Assureur Durand SA;20000000000007;ops7@donneur-7.example.fr;0150000007;;8 cours Mirabeau;;35000;Rennes;FR;
DO-0008;individual;Claire;Simon;;;claire.simon.do8@example.fr;;0720000008;9 rue de la Paix;;51100;Reims;FR;
DO-0009;company;;;Assureur Moreau SCI;20000000000009;ops9@donneur-9.example.fr;0150000009;;10 avenue Victor Hugo;;21000;Dijon;FR;
DO-0010;company;;;Assureur Simon SAS;20000000000010;ops10@donneur-10.example.fr;0150000010;;11 boulevard Haussmann;;80000;Amiens;FR;
DO-0011;company;;;Assureur Laurent SARL;20000000000011;ops11@donneur-11.example.fr;0150000011;;12 rue du Commerce;;76000;Rouen;FR;
DO-0012;individual;Léa;Garcia;;;léa.garcia.do12@example.fr;;0720000012;13 place de la République;;14000;Caen;FR;
DO-0013;company;;;Assureur Michel EURL;20000000000013;ops13@donneur-13.example.fr;0150000013;;14 chemin des Vignes;;29200;Brest;FR;
DO-0014;company;;;Assureur Garcia SCI;20000000000014;ops14@donneur-14.example.fr;0150000014;;15 impasse des Lilas;;29800;Landerneau;FR;
DO-0015;company;;;Assureur David SAS;20000000000015;ops15@donneur-15.example.fr;0150000015;;16 allée des Tilleuls;;75001;Paris;FR;
DO-0016;individual;Marie;Dubois;;;marie.dubois.do16@example.fr;;0720000016;17 rue Nationale;;75002;Paris;FR;
DO-0017;company;;;Assureur Bernard SA;20000000000017;ops17@donneur-17.example.fr;0150000017;;18 cours Mirabeau;;69001;Lyon;FR;
DO-0018;company;;;Assureur Dubois EURL;20000000000018;ops18@donneur-18.example.fr;0150000018;;19 rue de la Paix;;69003;Lyon;FR;
DO-0019;company;;;Assureur Thomas SCI;20000000000019;ops19@donneur-19.example.fr;0150000019;;20 avenue Victor Hugo;;13001;Marseille;FR;
DO-0020;individual;Camille;Petit;;;camille.petit.do20@example.fr;;0720000020;21 boulevard Haussmann;;33000;Bordeaux;FR;
DO-0021;company;;;Assureur Richard SARL;20000000000021;ops21@donneur-21.example.fr;0150000021;;22 rue du Commerce;;31000;Toulouse;FR;
DO-0022;company;;;Assureur Petit SA;20000000000022;ops22@donneur-22.example.fr;0150000022;;23 place de la République;;44000;Nantes;FR;
DO-0023;company;;;Assureur Durand EURL;20000000000023;ops23@donneur-23.example.fr;0150000023;;24 chemin des Vignes;;59000;Lille;FR;
DO-0024;individual;Claire;Simon;;;claire.simon.do24@example.fr;;0720000024;25 impasse des Lilas;;67000;Strasbourg;FR;
DO-0025;company;;;Assureur Moreau SAS;20000000000025;ops25@donneur-25.example.fr;0150000025;;26 allée des Tilleuls;;34000;Montpellier;FR;
DO-0026;company;;;Assureur Simon SARL;20000000000026;ops26@donneur-26.example.fr;0150000026;;27 rue Nationale;;06000;Nice;FR;
DO-0027;company;;;Assureur Laurent SA;20000000000027;ops27@donneur-27.example.fr;0150000027;;28 cours Mirabeau;;35000;Rennes;FR;
DO-0028;individual;Léa;Garcia;;;léa.garcia.do28@example.fr;;0720000028;29 rue de la Paix;;51100;Reims;FR;
DO-0029;company;;;Assureur Michel SCI;20000000000029;ops29@donneur-29.example.fr;0150000029;;30 avenue Victor Hugo;;21000;Dijon;FR;
DO-0030;company;;;Assureur Garcia SAS;20000000000030;ops30@donneur-30.example.fr;0150000030;;31 boulevard Haussmann;;80000;Amiens;FR;
DO-0031;company;;;Assureur David SARL;20000000000031;ops31@donneur-31.example.fr;0150000031;;32 rue du Commerce;;76000;Rouen;FR;
DO-0032;individual;Marie;Dubois;;;marie.dubois.do32@example.fr;;0720000032;33 place de la République;;14000;Caen;FR;
DO-0033;company;;;Assureur Bernard EURL;20000000000033;ops33@donneur-33.example.fr;0150000033;;34 chemin des Vignes;;29200;Brest;FR;
DO-0034;company;;;Assureur Dubois SCI;20000000000034;ops34@donneur-34.example.fr;0150000034;;35 impasse des Lilas;;29800;Landerneau;FR;
DO-0035;company;;;Assureur Thomas SAS;20000000000035;ops35@donneur-35.example.fr;0150000035;;36 allée des Tilleuls;;75001;Paris;FR;
DO-0036;individual;Camille;Petit;;;camille.petit.do36@example.fr;;0720000036;37 rue Nationale;;75002;Paris;FR;
DO-0037;company;;;Assureur Richard SA;20000000000037;ops37@donneur-37.example.fr;0150000037;;38 cours Mirabeau;;69001;Lyon;FR;
DO-0038;company;;;Assureur Petit EURL;20000000000038;ops38@donneur-38.example.fr;0150000038;;39 rue de la Paix;;69003;Lyon;FR;
DO-0039;company;;;Assureur Durand SCI;20000000000039;ops39@donneur-39.example.fr;0150000039;;40 avenue Victor Hugo;;13001;Marseille;FR;
DO-0040;individual;Claire;Simon;;;claire.simon.do40@example.fr;;0720000040;41 boulevard Haussmann;;33000;Bordeaux;FR;
DO-0041;company;;;Assureur Moreau SARL;20000000000041;ops41@donneur-41.example.fr;0150000041;;42 rue du Commerce;;31000;Toulouse;FR;
DO-0042;company;;;Assureur Simon SA;20000000000042;ops42@donneur-42.example.fr;0150000042;;43 place de la République;;44000;Nantes;FR;
DO-0043;company;;;Assureur Laurent EURL;20000000000043;ops43@donneur-43.example.fr;0150000043;;44 chemin des Vignes;;59000;Lille;FR;
DO-0044;individual;Léa;Garcia;;;léa.garcia.do44@example.fr;;0720000044;45 impasse des Lilas;;67000;Strasbourg;FR;
DO-0045;company;;;Assureur Michel SAS;20000000000045;ops45@donneur-45.example.fr;0150000045;;46 allée des Tilleuls;;34000;Montpellier;FR;
DO-0046;company;;;Assureur Garcia SARL;20000000000046;ops46@donneur-46.example.fr;0150000046;;47 rue Nationale;;06000;Nice;FR;
DO-0047;company;;;Assureur David SA;20000000000047;ops47@donneur-47.example.fr;0150000047;;48 cours Mirabeau;;35000;Rennes;FR;
DO-0048;individual;Marie;Dubois;;;marie.dubois.do48@example.fr;;0720000048;49 rue de la Paix;;51100;Reims;FR;
DO-0049;company;;;Assureur Bernard SCI;20000000000049;ops49@donneur-49.example.fr;0150000049;;50 avenue Victor Hugo;;21000;Dijon;FR;
DO-0050;company;;;Assureur Dubois SAS;20000000000050;ops50@donneur-50.example.fr;0150000050;;51 boulevard Haussmann;;80000;Amiens;FR;
DO-0051;company;;;Assureur Thomas SARL;20000000000051;ops51@donneur-51.example.fr;0150000051;;52 rue du Commerce;;76000;Rouen;FR;
DO-0052;individual;Camille;Petit;;;camille.petit.do52@example.fr;;0720000052;53 place de la République;;14000;Caen;FR;
DO-0053;company;;;Assureur Richard EURL;20000000000053;ops53@donneur-53.example.fr;0150000053;;54 chemin des Vignes;;29200;Brest;FR;
DO-0054;company;;;Assureur Petit SCI;20000000000054;ops54@donneur-54.example.fr;0150000054;;55 impasse des Lilas;;29800;Landerneau;FR;
DO-0055;company;;;Assureur Durand SAS;20000000000055;ops55@donneur-55.example.fr;0150000055;;56 allée des Tilleuls;;75001;Paris;FR;
DO-0056;individual;Claire;Simon;;;claire.simon.do56@example.fr;;0720000056;57 rue Nationale;;75002;Paris;FR;
DO-0057;company;;;Assureur Moreau SA;20000000000057;ops57@donneur-57.example.fr;0150000057;;58 cours Mirabeau;;69001;Lyon;FR;
DO-0058;company;;;Assureur Simon EURL;20000000000058;ops58@donneur-58.example.fr;0150000058;;59 rue de la Paix;;69003;Lyon;FR;
DO-0059;company;;;Assureur Laurent SCI;20000000000059;ops59@donneur-59.example.fr;0150000059;;60 avenue Victor Hugo;;13001;Marseille;FR;
DO-0060;individual;Léa;Garcia;;;léa.garcia.do60@example.fr;;0720000060;61 boulevard Haussmann;;33000;Bordeaux;FR;
DO-0061;company;;;Assureur Michel SARL;20000000000061;ops61@donneur-61.example.fr;0150000061;;62 rue du Commerce;;31000;Toulouse;FR;
DO-0062;company;;;Assureur Garcia SA;20000000000062;ops62@donneur-62.example.fr;0150000062;;63 place de la République;;44000;Nantes;FR;
DO-0063;company;;;Assureur David EURL;20000000000063;ops63@donneur-63.example.fr;0150000063;;64 chemin des Vignes;;59000;Lille;FR;
DO-0064;individual;Marie;Dubois;;;marie.dubois.do64@example.fr;;0720000064;65 impasse des Lilas;;67000;Strasbourg;FR;
DO-0065;company;;;Assureur Bernard SAS;20000000000065;ops65@donneur-65.example.fr;0150000065;;66 allée des Tilleuls;;34000;Montpellier;FR;
DO-0066;company;;;Assureur Dubois SARL;20000000000066;ops66@donneur-66.example.fr;0150000066;;67 rue Nationale;;06000;Nice;FR;
DO-0067;company;;;Assureur Thomas SA;20000000000067;ops67@donneur-67.example.fr;0150000067;;68 cours Mirabeau;;35000;Rennes;FR;
DO-0068;individual;Camille;Petit;;;camille.petit.do68@example.fr;;0720000068;69 rue de la Paix;;51100;Reims;FR;
DO-0069;company;;;Assureur Richard SCI;20000000000069;ops69@donneur-69.example.fr;0150000069;;70 avenue Victor Hugo;;21000;Dijon;FR;
DO-0070;company;;;Assureur Petit SAS;20000000000070;ops70@donneur-70.example.fr;0150000070;;71 boulevard Haussmann;;80000;Amiens;FR;
DO-0071;company;;;Assureur Durand SARL;20000000000071;ops71@donneur-71.example.fr;0150000071;;72 rue du Commerce;;76000;Rouen;FR;
DO-0072;individual;Claire;Simon;;;claire.simon.do72@example.fr;;0720000072;73 place de la République;;14000;Caen;FR;
DO-0073;company;;;Assureur Moreau EURL;20000000000073;ops73@donneur-73.example.fr;0150000073;;74 chemin des Vignes;;29200;Brest;FR;
DO-0074;company;;;Assureur Simon SCI;20000000000074;ops74@donneur-74.example.fr;0150000074;;75 impasse des Lilas;;29800;Landerneau;FR;
DO-0075;company;;;Assureur Laurent SAS;20000000000075;ops75@donneur-75.example.fr;0150000075;;76 allée des Tilleuls;;75001;Paris;FR;
DO-0076;individual;Léa;Garcia;;;léa.garcia.do76@example.fr;;0720000076;77 rue Nationale;;75002;Paris;FR;
DO-0077;company;;;Assureur Michel SA;20000000000077;ops77@donneur-77.example.fr;0150000077;;78 cours Mirabeau;;69001;Lyon;FR;
DO-0078;company;;;Assureur Garcia EURL;20000000000078;ops78@donneur-78.example.fr;0150000078;;79 rue de la Paix;;69003;Lyon;FR;
DO-0079;company;;;Assureur David SCI;20000000000079;ops79@donneur-79.example.fr;0150000079;;80 avenue Victor Hugo;;13001;Marseille;FR;
DO-0080;individual;Marie;Dubois;;;marie.dubois.do80@example.fr;;0720000080;81 boulevard Haussmann;;33000;Bordeaux;FR;
DO-0081;company;;;Assureur Bernard SARL;20000000000081;ops81@donneur-81.example.fr;0150000081;;82 rue du Commerce;;31000;Toulouse;FR;
DO-0082;company;;;Assureur Dubois SA;20000000000082;ops82@donneur-82.example.fr;0150000082;;83 place de la République;;44000;Nantes;FR;
DO-0083;company;;;Assureur Thomas EURL;20000000000083;ops83@donneur-83.example.fr;0150000083;;84 chemin des Vignes;;59000;Lille;FR;
DO-0084;individual;Camille;Petit;;;camille.petit.do84@example.fr;;0720000084;85 impasse des Lilas;;67000;Strasbourg;FR;
DO-0085;company;;;Assureur Richard SAS;20000000000085;ops85@donneur-85.example.fr;0150000085;;86 allée des Tilleuls;;34000;Montpellier;FR;
DO-0086;company;;;Assureur Petit SARL;20000000000086;ops86@donneur-86.example.fr;0150000086;;87 rue Nationale;;06000;Nice;FR;
DO-0087;company;;;Assureur Durand SA;20000000000087;ops87@donneur-87.example.fr;0150000087;;88 cours Mirabeau;;35000;Rennes;FR;
DO-0088;individual;Claire;Simon;;;claire.simon.do88@example.fr;;0720000088;89 rue de la Paix;;51100;Reims;FR;
DO-0089;company;;;Assureur Moreau SCI;20000000000089;ops89@donneur-89.example.fr;0150000089;;90 avenue Victor Hugo;;21000;Dijon;FR;
DO-0090;company;;;Assureur Simon SAS;20000000000090;ops90@donneur-90.example.fr;0150000090;;1 boulevard Haussmann;;80000;Amiens;FR;
DO-0091;company;;;Assureur Laurent SARL;20000000000091;ops91@donneur-91.example.fr;0150000091;;2 rue du Commerce;;76000;Rouen;FR;
DO-0092;individual;Léa;Garcia;;;léa.garcia.do92@example.fr;;0720000092;3 place de la République;;14000;Caen;FR;
DO-0093;company;;;Assureur Michel EURL;20000000000093;ops93@donneur-93.example.fr;0150000093;;4 chemin des Vignes;;29200;Brest;FR;
DO-0094;company;;;Assureur Garcia SCI;20000000000094;ops94@donneur-94.example.fr;0150000094;;5 impasse des Lilas;;29800;Landerneau;FR;
DO-0095;company;;;Assureur David SAS;20000000000095;ops95@donneur-95.example.fr;0150000095;;6 allée des Tilleuls;;75001;Paris;FR;
DO-0096;individual;Marie;Dubois;;;marie.dubois.do96@example.fr;;0720000096;7 rue Nationale;;75002;Paris;FR;
DO-0097;company;;;Assureur Bernard SA;20000000000097;ops97@donneur-97.example.fr;0150000097;;8 cours Mirabeau;;69001;Lyon;FR;
DO-0098;company;;;Assureur Dubois EURL;20000000000098;ops98@donneur-98.example.fr;0150000098;;9 rue de la Paix;;69003;Lyon;FR;
DO-0099;company;;;Assureur Thomas SCI;20000000000099;ops99@donneur-99.example.fr;0150000099;;10 avenue Victor Hugo;;13001;Marseille;FR;
DO-0100;individual;Camille;Petit;;;camille.petit.do100@example.fr;;0720000100;11 boulevard Haussmann;;33000;Bordeaux;FR;
DO-0101;company;;;Assureur Richard SARL;20000000000101;ops101@donneur-101.example.fr;0150000101;;12 rue du Commerce;;31000;Toulouse;FR;
DO-0102;company;;;Assureur Petit SA;20000000000102;ops102@donneur-102.example.fr;0150000102;;13 place de la République;;44000;Nantes;FR;
DO-0103;company;;;Assureur Durand EURL;20000000000103;ops103@donneur-103.example.fr;0150000103;;14 chemin des Vignes;;59000;Lille;FR;
DO-0104;individual;Claire;Simon;;;claire.simon.do104@example.fr;;0720000104;15 impasse des Lilas;;67000;Strasbourg;FR;
DO-0105;company;;;Assureur Moreau SAS;20000000000105;ops105@donneur-105.example.fr;0150000105;;16 allée des Tilleuls;;34000;Montpellier;FR;
DO-0106;company;;;Assureur Simon SARL;20000000000106;ops106@donneur-106.example.fr;0150000106;;17 rue Nationale;;06000;Nice;FR;
DO-0107;company;;;Assureur Laurent SA;20000000000107;ops107@donneur-107.example.fr;0150000107;;18 cours Mirabeau;;35000;Rennes;FR;
DO-0108;individual;Léa;Garcia;;;léa.garcia.do108@example.fr;;0720000108;19 rue de la Paix;;51100;Reims;FR;
DO-0109;company;;;Assureur Michel SCI;20000000000109;ops109@donneur-109.example.fr;0150000109;;20 avenue Victor Hugo;;21000;Dijon;FR;
DO-0110;company;;;Assureur Garcia SAS;20000000000110;ops110@donneur-110.example.fr;0150000110;;21 boulevard Haussmann;;80000;Amiens;FR;
DO-0111;company;;;Assureur David SARL;20000000000111;ops111@donneur-111.example.fr;0150000111;;22 rue du Commerce;;76000;Rouen;FR;
DO-0112;individual;Marie;Dubois;;;marie.dubois.do112@example.fr;;0720000112;23 place de la République;;14000;Caen;FR;
DO-0113;company;;;Assureur Bernard EURL;20000000000113;ops113@donneur-113.example.fr;0150000113;;24 chemin des Vignes;;29200;Brest;FR;
DO-0114;company;;;Assureur Dubois SCI;20000000000114;ops114@donneur-114.example.fr;0150000114;;25 impasse des Lilas;;29800;Landerneau;FR;
DO-0115;company;;;Assureur Thomas SAS;20000000000115;ops115@donneur-115.example.fr;0150000115;;26 allée des Tilleuls;;75001;Paris;FR;
DO-0116;individual;Camille;Petit;;;camille.petit.do116@example.fr;;0720000116;27 rue Nationale;;75002;Paris;FR;
DO-0117;company;;;Assureur Richard SA;20000000000117;ops117@donneur-117.example.fr;0150000117;;28 cours Mirabeau;;69001;Lyon;FR;
DO-0118;company;;;Assureur Petit EURL;20000000000118;ops118@donneur-118.example.fr;0150000118;;29 rue de la Paix;;69003;Lyon;FR;
DO-0119;company;;;Assureur Durand SCI;20000000000119;ops119@donneur-119.example.fr;0150000119;;30 avenue Victor Hugo;;13001;Marseille;FR;
DO-0120;individual;Claire;Simon;;;claire.simon.do120@example.fr;;0720000120;31 boulevard Haussmann;;33000;Bordeaux;FR;
DO-0121;company;;;Assureur Moreau SARL;20000000000121;ops121@donneur-121.example.fr;0150000121;;32 rue du Commerce;;31000;Toulouse;FR;
DO-0122;company;;;Assureur Simon SA;20000000000122;ops122@donneur-122.example.fr;0150000122;;33 place de la République;;44000;Nantes;FR;
DO-0123;company;;;Assureur Laurent EURL;20000000000123;ops123@donneur-123.example.fr;0150000123;;34 chemin des Vignes;;59000;Lille;FR;
DO-0124;individual;Léa;Garcia;;;léa.garcia.do124@example.fr;;0720000124;35 impasse des Lilas;;67000;Strasbourg;FR;
DO-0125;company;;;Assureur Michel SAS;20000000000125;ops125@donneur-125.example.fr;0150000125;;36 allée des Tilleuls;;34000;Montpellier;FR;
DO-0126;company;;;Assureur Garcia SARL;20000000000126;ops126@donneur-126.example.fr;0150000126;;37 rue Nationale;;06000;Nice;FR;
DO-0127;company;;;Assureur David SA;20000000000127;ops127@donneur-127.example.fr;0150000127;;38 cours Mirabeau;;35000;Rennes;FR;
DO-0128;individual;Marie;Dubois;;;marie.dubois.do128@example.fr;;0720000128;39 rue de la Paix;;51100;Reims;FR;
DO-0129;company;;;Assureur Bernard SCI;20000000000129;ops129@donneur-129.example.fr;0150000129;;40 avenue Victor Hugo;;21000;Dijon;FR;
DO-0130;company;;;Assureur Dubois SAS;20000000000130;ops130@donneur-130.example.fr;0150000130;;41 boulevard Haussmann;;80000;Amiens;FR;
DO-0131;company;;;Assureur Thomas SARL;20000000000131;ops131@donneur-131.example.fr;0150000131;;42 rue du Commerce;;76000;Rouen;FR;
DO-0132;individual;Camille;Petit;;;camille.petit.do132@example.fr;;0720000132;43 place de la République;;14000;Caen;FR;
DO-0133;company;;;Assureur Richard EURL;20000000000133;ops133@donneur-133.example.fr;0150000133;;44 chemin des Vignes;;29200;Brest;FR;
DO-0134;company;;;Assureur Petit SCI;20000000000134;ops134@donneur-134.example.fr;0150000134;;45 impasse des Lilas;;29800;Landerneau;FR;
DO-0135;company;;;Assureur Durand SAS;20000000000135;ops135@donneur-135.example.fr;0150000135;;46 allée des Tilleuls;;75001;Paris;FR;
DO-0136;individual;Claire;Simon;;;claire.simon.do136@example.fr;;0720000136;47 rue Nationale;;75002;Paris;FR;
DO-0137;company;;;Assureur Moreau SA;20000000000137;ops137@donneur-137.example.fr;0150000137;;48 cours Mirabeau;;69001;Lyon;FR;
DO-0138;company;;;Assureur Simon EURL;20000000000138;ops138@donneur-138.example.fr;0150000138;;49 rue de la Paix;;69003;Lyon;FR;
DO-0139;company;;;Assureur Laurent SCI;20000000000139;ops139@donneur-139.example.fr;0150000139;;50 avenue Victor Hugo;;13001;Marseille;FR;
DO-0140;individual;Léa;Garcia;;;léa.garcia.do140@example.fr;;0720000140;51 boulevard Haussmann;;33000;Bordeaux;FR;
DO-0141;company;;;Assureur Michel SARL;20000000000141;ops141@donneur-141.example.fr;0150000141;;52 rue du Commerce;;31000;Toulouse;FR;
DO-0142;company;;;Assureur Garcia SA;20000000000142;ops142@donneur-142.example.fr;0150000142;;53 place de la République;;44000;Nantes;FR;
DO-0143;company;;;Assureur David EURL;20000000000143;ops143@donneur-143.example.fr;0150000143;;54 chemin des Vignes;;59000;Lille;FR;
DO-0144;individual;Marie;Dubois;;;marie.dubois.do144@example.fr;;0720000144;55 impasse des Lilas;;67000;Strasbourg;FR;
DO-0145;company;;;Assureur Bernard SAS;20000000000145;ops145@donneur-145.example.fr;0150000145;;56 allée des Tilleuls;;34000;Montpellier;FR;
DO-0146;company;;;Assureur Dubois SARL;20000000000146;ops146@donneur-146.example.fr;0150000146;;57 rue Nationale;;06000;Nice;FR;
DO-0147;company;;;Assureur Thomas SA;20000000000147;ops147@donneur-147.example.fr;0150000147;;58 cours Mirabeau;;35000;Rennes;FR;
DO-0148;individual;Camille;Petit;;;camille.petit.do148@example.fr;;0720000148;59 rue de la Paix;;51100;Reims;FR;
DO-0149;company;;;Assureur Richard SCI;20000000000149;ops149@donneur-149.example.fr;0150000149;;60 avenue Victor Hugo;;21000;Dijon;FR;
DO-0150;company;;;Assureur Petit SAS;20000000000150;ops150@donneur-150.example.fr;0150000150;;61 boulevard Haussmann;;80000;Amiens;FR;
DO-0151;company;;;Assureur Durand SARL;20000000000151;ops151@donneur-151.example.fr;0150000151;;62 rue du Commerce;;76000;Rouen;FR;
DO-0152;individual;Claire;Simon;;;claire.simon.do152@example.fr;;0720000152;63 place de la République;;14000;Caen;FR;
DO-0153;company;;;Assureur Moreau EURL;20000000000153;ops153@donneur-153.example.fr;0150000153;;64 chemin des Vignes;;29200;Brest;FR;
DO-0154;company;;;Assureur Simon SCI;20000000000154;ops154@donneur-154.example.fr;0150000154;;65 impasse des Lilas;;29800;Landerneau;FR;
DO-0155;company;;;Assureur Laurent SAS;20000000000155;ops155@donneur-155.example.fr;0150000155;;66 allée des Tilleuls;;75001;Paris;FR;
DO-0156;individual;Léa;Garcia;;;léa.garcia.do156@example.fr;;0720000156;67 rue Nationale;;75002;Paris;FR;
DO-0157;company;;;Assureur Michel SA;20000000000157;ops157@donneur-157.example.fr;0150000157;;68 cours Mirabeau;;69001;Lyon;FR;
DO-0158;company;;;Assureur Garcia EURL;20000000000158;ops158@donneur-158.example.fr;0150000158;;69 rue de la Paix;;69003;Lyon;FR;
DO-0159;company;;;Assureur David SCI;20000000000159;ops159@donneur-159.example.fr;0150000159;;70 avenue Victor Hugo;;13001;Marseille;FR;
DO-0160;individual;Marie;Dubois;;;marie.dubois.do160@example.fr;;0720000160;71 boulevard Haussmann;;33000;Bordeaux;FR;
DO-0161;company;;;Assureur Bernard SARL;20000000000161;ops161@donneur-161.example.fr;0150000161;;72 rue du Commerce;;31000;Toulouse;FR;
DO-0162;company;;;Assureur Dubois SA;20000000000162;ops162@donneur-162.example.fr;0150000162;;73 place de la République;;44000;Nantes;FR;
DO-0163;company;;;Assureur Thomas EURL;20000000000163;ops163@donneur-163.example.fr;0150000163;;74 chemin des Vignes;;59000;Lille;FR;
DO-0164;individual;Camille;Petit;;;camille.petit.do164@example.fr;;0720000164;75 impasse des Lilas;;67000;Strasbourg;FR;
DO-0165;company;;;Assureur Richard SAS;20000000000165;ops165@donneur-165.example.fr;0150000165;;76 allée des Tilleuls;;34000;Montpellier;FR;
DO-0166;company;;;Assureur Petit SARL;20000000000166;ops166@donneur-166.example.fr;0150000166;;77 rue Nationale;;06000;Nice;FR;
DO-0167;company;;;Assureur Durand SA;20000000000167;ops167@donneur-167.example.fr;0150000167;;78 cours Mirabeau;;35000;Rennes;FR;
DO-0168;individual;Claire;Simon;;;claire.simon.do168@example.fr;;0720000168;79 rue de la Paix;;51100;Reims;FR;
DO-0169;company;;;Assureur Moreau SCI;20000000000169;ops169@donneur-169.example.fr;0150000169;;80 avenue Victor Hugo;;21000;Dijon;FR;
DO-0170;company;;;Assureur Simon SAS;20000000000170;ops170@donneur-170.example.fr;0150000170;;81 boulevard Haussmann;;80000;Amiens;FR;
DO-0171;company;;;Assureur Laurent SARL;20000000000171;ops171@donneur-171.example.fr;0150000171;;82 rue du Commerce;;76000;Rouen;FR;
DO-0172;individual;Léa;Garcia;;;léa.garcia.do172@example.fr;;0720000172;83 place de la République;;14000;Caen;FR;
DO-0173;company;;;Assureur Michel EURL;20000000000173;ops173@donneur-173.example.fr;0150000173;;84 chemin des Vignes;;29200;Brest;FR;
DO-0174;company;;;Assureur Garcia SCI;20000000000174;ops174@donneur-174.example.fr;0150000174;;85 impasse des Lilas;;29800;Landerneau;FR;
DO-0175;company;;;Assureur David SAS;20000000000175;ops175@donneur-175.example.fr;0150000175;;86 allée des Tilleuls;;75001;Paris;FR;
DO-0176;individual;Marie;Dubois;;;marie.dubois.do176@example.fr;;0720000176;87 rue Nationale;;75002;Paris;FR;
DO-0177;company;;;Assureur Bernard SA;20000000000177;ops177@donneur-177.example.fr;0150000177;;88 cours Mirabeau;;69001;Lyon;FR;
DO-0178;company;;;Assureur Dubois EURL;20000000000178;ops178@donneur-178.example.fr;0150000178;;89 rue de la Paix;;69003;Lyon;FR;
DO-0179;company;;;Assureur Thomas SCI;20000000000179;ops179@donneur-179.example.fr;0150000179;;90 avenue Victor Hugo;;13001;Marseille;FR;
DO-0180;individual;Camille;Petit;;;camille.petit.do180@example.fr;;0720000180;1 boulevard Haussmann;;33000;Bordeaux;FR;
DO-0181;company;;;Assureur Richard SARL;20000000000181;ops181@donneur-181.example.fr;0150000181;;2 rue du Commerce;;31000;Toulouse;FR;
DO-0182;company;;;Assureur Petit SA;20000000000182;ops182@donneur-182.example.fr;0150000182;;3 place de la République;;44000;Nantes;FR;
DO-0183;company;;;Assureur Durand EURL;20000000000183;ops183@donneur-183.example.fr;0150000183;;4 chemin des Vignes;;59000;Lille;FR;
DO-0184;individual;Claire;Simon;;;claire.simon.do184@example.fr;;0720000184;5 impasse des Lilas;;67000;Strasbourg;FR;
DO-0185;company;;;Assureur Moreau SAS;20000000000185;ops185@donneur-185.example.fr;0150000185;;6 allée des Tilleuls;;34000;Montpellier;FR;
DO-0186;company;;;Assureur Simon SARL;20000000000186;ops186@donneur-186.example.fr;0150000186;;7 rue Nationale;;06000;Nice;FR;
DO-0187;company;;;Assureur Laurent SA;20000000000187;ops187@donneur-187.example.fr;0150000187;;8 cours Mirabeau;;35000;Rennes;FR;
DO-0188;individual;Léa;Garcia;;;léa.garcia.do188@example.fr;;0720000188;9 rue de la Paix;;51100;Reims;FR;
DO-0189;company;;;Assureur Michel SCI;20000000000189;ops189@donneur-189.example.fr;0150000189;;10 avenue Victor Hugo;;21000;Dijon;FR;
DO-0190;company;;;Assureur Garcia SAS;20000000000190;ops190@donneur-190.example.fr;0150000190;;11 boulevard Haussmann;;80000;Amiens;FR;
DO-0191;company;;;Assureur David SARL;20000000000191;ops191@donneur-191.example.fr;0150000191;;12 rue du Commerce;;76000;Rouen;FR;
DO-0192;individual;Marie;Dubois;;;marie.dubois.do192@example.fr;;0720000192;13 place de la République;;14000;Caen;FR;
DO-0193;company;;;Assureur Bernard EURL;20000000000193;ops193@donneur-193.example.fr;0150000193;;14 chemin des Vignes;;29200;Brest;FR;
DO-0194;company;;;Assureur Dubois SCI;20000000000194;ops194@donneur-194.example.fr;0150000194;;15 impasse des Lilas;;29800;Landerneau;FR;
DO-0195;company;;;Assureur Thomas SAS;20000000000195;ops195@donneur-195.example.fr;0150000195;;16 allée des Tilleuls;;75001;Paris;FR;
DO-0196;individual;Camille;Petit;;;camille.petit.do196@example.fr;;0720000196;17 rue Nationale;;75002;Paris;FR;
DO-0197;company;;;Assureur Richard SA;20000000000197;ops197@donneur-197.example.fr;0150000197;;18 cours Mirabeau;;69001;Lyon;FR;
DO-0198;company;;;Assureur Petit EURL;20000000000198;ops198@donneur-198.example.fr;0150000198;;19 rue de la Paix;;69003;Lyon;FR;
DO-0199;company;;;Assureur Durand SCI;20000000000199;ops199@donneur-199.example.fr;0150000199;;20 avenue Victor Hugo;;13001;Marseille;FR;
DO-0200;individual;Claire;Simon;;;claire.simon.do200@example.fr;;0720000200;21 boulevard Haussmann;;33000;Bordeaux;FR;
DO-0201;company;;;Assureur Moreau SARL;20000000000201;ops201@donneur-201.example.fr;0150000201;;22 rue du Commerce;;31000;Toulouse;FR;
DO-0202;company;;;Assureur Simon SA;20000000000202;ops202@donneur-202.example.fr;0150000202;;23 place de la République;;44000;Nantes;FR;
DO-0203;company;;;Assureur Laurent EURL;20000000000203;ops203@donneur-203.example.fr;0150000203;;24 chemin des Vignes;;59000;Lille;FR;
DO-0204;individual;Léa;Garcia;;;léa.garcia.do204@example.fr;;0720000204;25 impasse des Lilas;;67000;Strasbourg;FR;
DO-0205;company;;;Assureur Michel SAS;20000000000205;ops205@donneur-205.example.fr;0150000205;;26 allée des Tilleuls;;34000;Montpellier;FR;
DO-0206;company;;;Assureur Garcia SARL;20000000000206;ops206@donneur-206.example.fr;0150000206;;27 rue Nationale;;06000;Nice;FR;
DO-0207;company;;;Assureur David SA;20000000000207;ops207@donneur-207.example.fr;0150000207;;28 cours Mirabeau;;35000;Rennes;FR;
DO-0208;individual;Marie;Dubois;;;marie.dubois.do208@example.fr;;0720000208;29 rue de la Paix;;51100;Reims;FR;
DO-0209;company;;;Assureur Bernard SCI;20000000000209;ops209@donneur-209.example.fr;0150000209;;30 avenue Victor Hugo;;21000;Dijon;FR;
DO-0210;company;;;Assureur Dubois SAS;20000000000210;ops210@donneur-210.example.fr;0150000210;;31 boulevard Haussmann;;80000;Amiens;FR;
DO-0211;company;;;Assureur Thomas SARL;20000000000211;ops211@donneur-211.example.fr;0150000211;;32 rue du Commerce;;76000;Rouen;FR;
DO-0212;individual;Camille;Petit;;;camille.petit.do212@example.fr;;0720000212;33 place de la République;;14000;Caen;FR;
DO-0213;company;;;Assureur Richard EURL;20000000000213;ops213@donneur-213.example.fr;0150000213;;34 chemin des Vignes;;29200;Brest;FR;
DO-0214;company;;;Assureur Petit SCI;20000000000214;ops214@donneur-214.example.fr;0150000214;;35 impasse des Lilas;;29800;Landerneau;FR;
DO-0215;company;;;Assureur Durand SAS;20000000000215;ops215@donneur-215.example.fr;0150000215;;36 allée des Tilleuls;;75001;Paris;FR;
DO-0216;individual;Claire;Simon;;;claire.simon.do216@example.fr;;0720000216;37 rue Nationale;;75002;Paris;FR;
DO-0217;company;;;Assureur Moreau SA;20000000000217;ops217@donneur-217.example.fr;0150000217;;38 cours Mirabeau;;69001;Lyon;FR;
DO-0218;company;;;Assureur Simon EURL;20000000000218;ops218@donneur-218.example.fr;0150000218;;39 rue de la Paix;;69003;Lyon;FR;
DO-0219;company;;;Assureur Laurent SCI;20000000000219;ops219@donneur-219.example.fr;0150000219;;40 avenue Victor Hugo;;13001;Marseille;FR;
DO-0220;individual;Léa;Garcia;;;léa.garcia.do220@example.fr;;0720000220;41 boulevard Haussmann;;33000;Bordeaux;FR;
DO-0221;company;;;Assureur Michel SARL;20000000000221;ops221@donneur-221.example.fr;0150000221;;42 rue du Commerce;;31000;Toulouse;FR;
DO-0222;company;;;Assureur Garcia SA;20000000000222;ops222@donneur-222.example.fr;0150000222;;43 place de la République;;44000;Nantes;FR;
DO-0223;company;;;Assureur David EURL;20000000000223;ops223@donneur-223.example.fr;0150000223;;44 chemin des Vignes;;59000;Lille;FR;
DO-0224;individual;Marie;Dubois;;;marie.dubois.do224@example.fr;;0720000224;45 impasse des Lilas;;67000;Strasbourg;FR;
DO-0225;company;;;Assureur Bernard SAS;20000000000225;ops225@donneur-225.example.fr;0150000225;;46 allée des Tilleuls;;34000;Montpellier;FR;
DO-0226;company;;;Assureur Dubois SARL;20000000000226;ops226@donneur-226.example.fr;0150000226;;47 rue Nationale;;06000;Nice;FR;
DO-0227;company;;;Assureur Thomas SA;20000000000227;ops227@donneur-227.example.fr;0150000227;;48 cours Mirabeau;;35000;Rennes;FR;
DO-0228;individual;Camille;Petit;;;camille.petit.do228@example.fr;;0720000228;49 rue de la Paix;;51100;Reims;FR;
DO-0229;company;;;Assureur Richard SCI;20000000000229;ops229@donneur-229.example.fr;0150000229;;50 avenue Victor Hugo;;21000;Dijon;FR;
DO-0230;company;;;Assureur Petit SAS;20000000000230;ops230@donneur-230.example.fr;0150000230;;51 boulevard Haussmann;;80000;Amiens;FR;
DO-0231;company;;;Assureur Durand SARL;20000000000231;ops231@donneur-231.example.fr;0150000231;;52 rue du Commerce;;76000;Rouen;FR;
DO-0232;individual;Claire;Simon;;;claire.simon.do232@example.fr;;0720000232;53 place de la République;;14000;Caen;FR;
DO-0233;company;;;Assureur Moreau EURL;20000000000233;ops233@donneur-233.example.fr;0150000233;;54 chemin des Vignes;;29200;Brest;FR;
DO-0234;company;;;Assureur Simon SCI;20000000000234;ops234@donneur-234.example.fr;0150000234;;55 impasse des Lilas;;29800;Landerneau;FR;
DO-0235;company;;;Assureur Laurent SAS;20000000000235;ops235@donneur-235.example.fr;0150000235;;56 allée des Tilleuls;;75001;Paris;FR;
DO-0236;individual;Léa;Garcia;;;léa.garcia.do236@example.fr;;0720000236;57 rue Nationale;;75002;Paris;FR;
DO-0237;company;;;Assureur Michel SA;20000000000237;ops237@donneur-237.example.fr;0150000237;;58 cours Mirabeau;;69001;Lyon;FR;
DO-0238;company;;;Assureur Garcia EURL;20000000000238;ops238@donneur-238.example.fr;0150000238;;59 rue de la Paix;;69003;Lyon;FR;
DO-0239;company;;;Assureur David SCI;20000000000239;ops239@donneur-239.example.fr;0150000239;;60 avenue Victor Hugo;;13001;Marseille;FR;
DO-0240;individual;Marie;Dubois;;;marie.dubois.do240@example.fr;;0720000240;61 boulevard Haussmann;;33000;Bordeaux;FR;
DO-0241;company;;;Assureur Bernard SARL;20000000000241;ops241@donneur-241.example.fr;0150000241;;62 rue du Commerce;;31000;Toulouse;FR;
DO-0242;company;;;Assureur Dubois SA;20000000000242;ops242@donneur-242.example.fr;0150000242;;63 place de la République;;44000;Nantes;FR;
DO-0243;company;;;Assureur Thomas EURL;20000000000243;ops243@donneur-243.example.fr;0150000243;;64 chemin des Vignes;;59000;Lille;FR;
DO-0244;individual;Camille;Petit;;;camille.petit.do244@example.fr;;0720000244;65 impasse des Lilas;;67000;Strasbourg;FR;
DO-0245;company;;;Assureur Richard SAS;20000000000245;ops245@donneur-245.example.fr;0150000245;;66 allée des Tilleuls;;34000;Montpellier;FR;
DO-0246;company;;;Assureur Petit SARL;20000000000246;ops246@donneur-246.example.fr;0150000246;;67 rue Nationale;;06000;Nice;FR;
DO-0247;company;;;Assureur Durand SA;20000000000247;ops247@donneur-247.example.fr;0150000247;;68 cours Mirabeau;;35000;Rennes;FR;
DO-0248;individual;Claire;Simon;;;claire.simon.do248@example.fr;;0720000248;69 rue de la Paix;;51100;Reims;FR;
DO-0249;company;;;Assureur Moreau SCI;20000000000249;ops249@donneur-249.example.fr;0150000249;;70 avenue Victor Hugo;;21000;Dijon;FR;
DO-0250;company;;;Assureur Simon SAS;20000000000250;ops250@donneur-250.example.fr;0150000250;;71 boulevard Haussmann;;80000;Amiens;FR;
DO-0251;company;;;Assureur Laurent SARL;20000000000251;ops251@donneur-251.example.fr;0150000251;;72 rue du Commerce;;76000;Rouen;FR;
DO-0252;individual;Léa;Garcia;;;léa.garcia.do252@example.fr;;0720000252;73 place de la République;;14000;Caen;FR;
DO-0253;company;;;Assureur Michel EURL;20000000000253;ops253@donneur-253.example.fr;0150000253;;74 chemin des Vignes;;29200;Brest;FR;
DO-0254;company;;;Assureur Garcia SCI;20000000000254;ops254@donneur-254.example.fr;0150000254;;75 impasse des Lilas;;29800;Landerneau;FR;
DO-0255;company;;;Assureur David SAS;20000000000255;ops255@donneur-255.example.fr;0150000255;;76 allée des Tilleuls;;75001;Paris;FR;
DO-0256;individual;Marie;Dubois;;;marie.dubois.do256@example.fr;;0720000256;77 rue Nationale;;75002;Paris;FR;
DO-0257;company;;;Assureur Bernard SA;20000000000257;ops257@donneur-257.example.fr;0150000257;;78 cours Mirabeau;;69001;Lyon;FR;
DO-0258;company;;;Assureur Dubois EURL;20000000000258;ops258@donneur-258.example.fr;0150000258;;79 rue de la Paix;;69003;Lyon;FR;
DO-0259;company;;;Assureur Thomas SCI;20000000000259;ops259@donneur-259.example.fr;0150000259;;80 avenue Victor Hugo;;13001;Marseille;FR;
DO-0260;individual;Camille;Petit;;;camille.petit.do260@example.fr;;0720000260;81 boulevard Haussmann;;33000;Bordeaux;FR;
DO-0261;company;;;Assureur Richard SARL;20000000000261;ops261@donneur-261.example.fr;0150000261;;82 rue du Commerce;;31000;Toulouse;FR;
DO-0262;company;;;Assureur Petit SA;20000000000262;ops262@donneur-262.example.fr;0150000262;;83 place de la République;;44000;Nantes;FR;
DO-0263;company;;;Assureur Durand EURL;20000000000263;ops263@donneur-263.example.fr;0150000263;;84 chemin des Vignes;;59000;Lille;FR;
DO-0264;individual;Claire;Simon;;;claire.simon.do264@example.fr;;0720000264;85 impasse des Lilas;;67000;Strasbourg;FR;
DO-0265;company;;;Assureur Moreau SAS;20000000000265;ops265@donneur-265.example.fr;0150000265;;86 allée des Tilleuls;;34000;Montpellier;FR;
DO-0266;company;;;Assureur Simon SARL;20000000000266;ops266@donneur-266.example.fr;0150000266;;87 rue Nationale;;06000;Nice;FR;
DO-0267;company;;;Assureur Laurent SA;20000000000267;ops267@donneur-267.example.fr;0150000267;;88 cours Mirabeau;;35000;Rennes;FR;
DO-0268;individual;Léa;Garcia;;;léa.garcia.do268@example.fr;;0720000268;89 rue de la Paix;;51100;Reims;FR;
DO-0269;company;;;Assureur Michel SCI;20000000000269;ops269@donneur-269.example.fr;0150000269;;90 avenue Victor Hugo;;21000;Dijon;FR;
DO-0270;company;;;Assureur Garcia SAS;20000000000270;ops270@donneur-270.example.fr;0150000270;;1 boulevard Haussmann;;80000;Amiens;FR;
DO-0271;company;;;Assureur David SARL;20000000000271;ops271@donneur-271.example.fr;0150000271;;2 rue du Commerce;;76000;Rouen;FR;
DO-0272;individual;Marie;Dubois;;;marie.dubois.do272@example.fr;;0720000272;3 place de la République;;14000;Caen;FR;
DO-0273;company;;;Assureur Bernard EURL;20000000000273;ops273@donneur-273.example.fr;0150000273;;4 chemin des Vignes;;29200;Brest;FR;
DO-0274;company;;;Assureur Dubois SCI;20000000000274;ops274@donneur-274.example.fr;0150000274;;5 impasse des Lilas;;29800;Landerneau;FR;
DO-0275;company;;;Assureur Thomas SAS;20000000000275;ops275@donneur-275.example.fr;0150000275;;6 allée des Tilleuls;;75001;Paris;FR;
DO-0276;individual;Camille;Petit;;;camille.petit.do276@example.fr;;0720000276;7 rue Nationale;;75002;Paris;FR;
DO-0277;company;;;Assureur Richard SA;20000000000277;ops277@donneur-277.example.fr;0150000277;;8 cours Mirabeau;;69001;Lyon;FR;
DO-0278;company;;;Assureur Petit EURL;20000000000278;ops278@donneur-278.example.fr;0150000278;;9 rue de la Paix;;69003;Lyon;FR;
DO-0279;company;;;Assureur Durand SCI;20000000000279;ops279@donneur-279.example.fr;0150000279;;10 avenue Victor Hugo;;13001;Marseille;FR;
DO-0280;individual;Claire;Simon;;;claire.simon.do280@example.fr;;0720000280;11 boulevard Haussmann;;33000;Bordeaux;FR;
DO-0281;company;;;Assureur Moreau SARL;20000000000281;ops281@donneur-281.example.fr;0150000281;;12 rue du Commerce;;31000;Toulouse;FR;
DO-0282;company;;;Assureur Simon SA;20000000000282;ops282@donneur-282.example.fr;0150000282;;13 place de la République;;44000;Nantes;FR;
DO-0283;company;;;Assureur Laurent EURL;20000000000283;ops283@donneur-283.example.fr;0150000283;;14 chemin des Vignes;;59000;Lille;FR;
DO-0284;individual;Léa;Garcia;;;léa.garcia.do284@example.fr;;0720000284;15 impasse des Lilas;;67000;Strasbourg;FR;
DO-0285;company;;;Assureur Michel SAS;20000000000285;ops285@donneur-285.example.fr;0150000285;;16 allée des Tilleuls;;34000;Montpellier;FR;
DO-0286;company;;;Assureur Garcia SARL;20000000000286;ops286@donneur-286.example.fr;0150000286;;17 rue Nationale;;06000;Nice;FR;
DO-0287;company;;;Assureur David SA;20000000000287;ops287@donneur-287.example.fr;0150000287;;18 cours Mirabeau;;35000;Rennes;FR;
DO-0288;individual;Marie;Dubois;;;marie.dubois.do288@example.fr;;0720000288;19 rue de la Paix;;51100;Reims;FR;
DO-0289;company;;;Assureur Bernard SCI;20000000000289;ops289@donneur-289.example.fr;0150000289;;20 avenue Victor Hugo;;21000;Dijon;FR;
DO-0290;company;;;Assureur Dubois SAS;20000000000290;ops290@donneur-290.example.fr;0150000290;;21 boulevard Haussmann;;80000;Amiens;FR;
DO-0291;company;;;Assureur Thomas SARL;20000000000291;ops291@donneur-291.example.fr;0150000291;;22 rue du Commerce;;76000;Rouen;FR;
DO-0292;individual;Camille;Petit;;;camille.petit.do292@example.fr;;0720000292;23 place de la République;;14000;Caen;FR;
DO-0293;company;;;Assureur Richard EURL;20000000000293;ops293@donneur-293.example.fr;0150000293;;24 chemin des Vignes;;29200;Brest;FR;
DO-0294;company;;;Assureur Petit SCI;20000000000294;ops294@donneur-294.example.fr;0150000294;;25 impasse des Lilas;;29800;Landerneau;FR;
DO-0295;company;;;Assureur Durand SAS;20000000000295;ops295@donneur-295.example.fr;0150000295;;26 allée des Tilleuls;;75001;Paris;FR;
DO-0296;individual;Claire;Simon;;;claire.simon.do296@example.fr;;0720000296;27 rue Nationale;;75002;Paris;FR;
DO-0297;company;;;Assureur Moreau SA;20000000000297;ops297@donneur-297.example.fr;0150000297;;28 cours Mirabeau;;69001;Lyon;FR;
DO-0298;company;;;Assureur Simon EURL;20000000000298;ops298@donneur-298.example.fr;0150000298;;29 rue de la Paix;;69003;Lyon;FR;
DO-0299;company;;;Assureur Laurent SCI;20000000000299;ops299@donneur-299.example.fr;0150000299;;30 avenue Victor Hugo;;13001;Marseille;FR;
DO-0300;individual;Léa;Garcia;;;léa.garcia.do300@example.fr;;0720000300;31 boulevard Haussmann;;33000;Bordeaux;FR;
DO-0301;company;;;Assureur Michel SARL;20000000000301;ops301@donneur-301.example.fr;0150000301;;32 rue du Commerce;;31000;Toulouse;FR;
DO-0302;company;;;Assureur Garcia SA;20000000000302;ops302@donneur-302.example.fr;0150000302;;33 place de la République;;44000;Nantes;FR;
DO-0303;company;;;Assureur David EURL;20000000000303;ops303@donneur-303.example.fr;0150000303;;34 chemin des Vignes;;59000;Lille;FR;
DO-0304;individual;Marie;Dubois;;;marie.dubois.do304@example.fr;;0720000304;35 impasse des Lilas;;67000;Strasbourg;FR;
DO-0305;company;;;Assureur Bernard SAS;20000000000305;ops305@donneur-305.example.fr;0150000305;;36 allée des Tilleuls;;34000;Montpellier;FR;
DO-0306;company;;;Assureur Dubois SARL;20000000000306;ops306@donneur-306.example.fr;0150000306;;37 rue Nationale;;06000;Nice;FR;
DO-0307;company;;;Assureur Thomas SA;20000000000307;ops307@donneur-307.example.fr;0150000307;;38 cours Mirabeau;;35000;Rennes;FR;
DO-0308;individual;Camille;Petit;;;camille.petit.do308@example.fr;;0720000308;39 rue de la Paix;;51100;Reims;FR;
DO-0309;company;;;Assureur Richard SCI;20000000000309;ops309@donneur-309.example.fr;0150000309;;40 avenue Victor Hugo;;21000;Dijon;FR;
DO-0310;company;;;Assureur Petit SAS;20000000000310;ops310@donneur-310.example.fr;0150000310;;41 boulevard Haussmann;;80000;Amiens;FR;
DO-0311;company;;;Assureur Durand SARL;20000000000311;ops311@donneur-311.example.fr;0150000311;;42 rue du Commerce;;76000;Rouen;FR;
DO-0312;individual;Claire;Simon;;;claire.simon.do312@example.fr;;0720000312;43 place de la République;;14000;Caen;FR;
DO-0313;company;;;Assureur Moreau EURL;20000000000313;ops313@donneur-313.example.fr;0150000313;;44 chemin des Vignes;;29200;Brest;FR;
DO-0314;company;;;Assureur Simon SCI;20000000000314;ops314@donneur-314.example.fr;0150000314;;45 impasse des Lilas;;29800;Landerneau;FR;
DO-0315;company;;;Assureur Laurent SAS;20000000000315;ops315@donneur-315.example.fr;0150000315;;46 allée des Tilleuls;;75001;Paris;FR;
DO-0316;individual;Léa;Garcia;;;léa.garcia.do316@example.fr;;0720000316;47 rue Nationale;;75002;Paris;FR;
DO-0317;company;;;Assureur Michel SA;20000000000317;ops317@donneur-317.example.fr;0150000317;;48 cours Mirabeau;;69001;Lyon;FR;
DO-0318;company;;;Assureur Garcia EURL;20000000000318;ops318@donneur-318.example.fr;0150000318;;49 rue de la Paix;;69003;Lyon;FR;
DO-0319;company;;;Assureur David SCI;20000000000319;ops319@donneur-319.example.fr;0150000319;;50 avenue Victor Hugo;;13001;Marseille;FR;
DO-0320;individual;Marie;Dubois;;;marie.dubois.do320@example.fr;;0720000320;51 boulevard Haussmann;;33000;Bordeaux;FR;
DO-0321;company;;;Assureur Bernard SARL;20000000000321;ops321@donneur-321.example.fr;0150000321;;52 rue du Commerce;;31000;Toulouse;FR;
DO-0322;company;;;Assureur Dubois SA;20000000000322;ops322@donneur-322.example.fr;0150000322;;53 place de la République;;44000;Nantes;FR;
DO-0323;company;;;Assureur Thomas EURL;20000000000323;ops323@donneur-323.example.fr;0150000323;;54 chemin des Vignes;;59000;Lille;FR;
DO-0324;individual;Camille;Petit;;;camille.petit.do324@example.fr;;0720000324;55 impasse des Lilas;;67000;Strasbourg;FR;
DO-0325;company;;;Assureur Richard SAS;20000000000325;ops325@donneur-325.example.fr;0150000325;;56 allée des Tilleuls;;34000;Montpellier;FR;
DO-0326;company;;;Assureur Petit SARL;20000000000326;ops326@donneur-326.example.fr;0150000326;;57 rue Nationale;;06000;Nice;FR;
DO-0327;company;;;Assureur Durand SA;20000000000327;ops327@donneur-327.example.fr;0150000327;;58 cours Mirabeau;;35000;Rennes;FR;
DO-0328;individual;Claire;Simon;;;claire.simon.do328@example.fr;;0720000328;59 rue de la Paix;;51100;Reims;FR;
DO-0329;company;;;Assureur Moreau SCI;20000000000329;ops329@donneur-329.example.fr;0150000329;;60 avenue Victor Hugo;;21000;Dijon;FR;
DO-0330;company;;;Assureur Simon SAS;20000000000330;ops330@donneur-330.example.fr;0150000330;;61 boulevard Haussmann;;80000;Amiens;FR;
DO-0331;company;;;Assureur Laurent SARL;20000000000331;ops331@donneur-331.example.fr;0150000331;;62 rue du Commerce;;76000;Rouen;FR;
DO-0332;individual;Léa;Garcia;;;léa.garcia.do332@example.fr;;0720000332;63 place de la République;;14000;Caen;FR;
DO-0333;company;;;Assureur Michel EURL;20000000000333;ops333@donneur-333.example.fr;0150000333;;64 chemin des Vignes;;29200;Brest;FR;
DO-0334;company;;;Assureur Garcia SCI;20000000000334;ops334@donneur-334.example.fr;0150000334;;65 impasse des Lilas;;29800;Landerneau;FR;
DO-0335;company;;;Assureur David SAS;20000000000335;ops335@donneur-335.example.fr;0150000335;;66 allée des Tilleuls;;75001;Paris;FR;
DO-0336;individual;Marie;Dubois;;;marie.dubois.do336@example.fr;;0720000336;67 rue Nationale;;75002;Paris;FR;
DO-0337;company;;;Assureur Bernard SA;20000000000337;ops337@donneur-337.example.fr;0150000337;;68 cours Mirabeau;;69001;Lyon;FR;
DO-0338;company;;;Assureur Dubois EURL;20000000000338;ops338@donneur-338.example.fr;0150000338;;69 rue de la Paix;;69003;Lyon;FR;
DO-0339;company;;;Assureur Thomas SCI;20000000000339;ops339@donneur-339.example.fr;0150000339;;70 avenue Victor Hugo;;13001;Marseille;FR;
DO-0340;individual;Camille;Petit;;;camille.petit.do340@example.fr;;0720000340;71 boulevard Haussmann;;33000;Bordeaux;FR;
DO-0341;company;;;Assureur Richard SARL;20000000000341;ops341@donneur-341.example.fr;0150000341;;72 rue du Commerce;;31000;Toulouse;FR;
DO-0342;company;;;Assureur Petit SA;20000000000342;ops342@donneur-342.example.fr;0150000342;;73 place de la République;;44000;Nantes;FR;
DO-0343;company;;;Assureur Durand EURL;20000000000343;ops343@donneur-343.example.fr;0150000343;;74 chemin des Vignes;;59000;Lille;FR;
DO-0344;individual;Claire;Simon;;;claire.simon.do344@example.fr;;0720000344;75 impasse des Lilas;;67000;Strasbourg;FR;
DO-0345;company;;;Assureur Moreau SAS;20000000000345;ops345@donneur-345.example.fr;0150000345;;76 allée des Tilleuls;;34000;Montpellier;FR;
DO-0346;company;;;Assureur Simon SARL;20000000000346;ops346@donneur-346.example.fr;0150000346;;77 rue Nationale;;06000;Nice;FR;
DO-0347;company;;;Assureur Laurent SA;20000000000347;ops347@donneur-347.example.fr;0150000347;;78 cours Mirabeau;;35000;Rennes;FR;
DO-0348;individual;Léa;Garcia;;;léa.garcia.do348@example.fr;;0720000348;79 rue de la Paix;;51100;Reims;FR;
DO-0349;company;;;Assureur Michel SCI;20000000000349;ops349@donneur-349.example.fr;0150000349;;80 avenue Victor Hugo;;21000;Dijon;FR;
DO-0350;company;;;Assureur Garcia SAS;20000000000350;ops350@donneur-350.example.fr;0150000350;;81 boulevard Haussmann;;80000;Amiens;FR;
DO-0351;company;;;Assureur David SARL;20000000000351;ops351@donneur-351.example.fr;0150000351;;82 rue du Commerce;;76000;Rouen;FR;
DO-0352;individual;Marie;Dubois;;;marie.dubois.do352@example.fr;;0720000352;83 place de la République;;14000;Caen;FR;
DO-0353;company;;;Assureur Bernard EURL;20000000000353;ops353@donneur-353.example.fr;0150000353;;84 chemin des Vignes;;29200;Brest;FR;
DO-0354;company;;;Assureur Dubois SCI;20000000000354;ops354@donneur-354.example.fr;0150000354;;85 impasse des Lilas;;29800;Landerneau;FR;
DO-0355;company;;;Assureur Thomas SAS;20000000000355;ops355@donneur-355.example.fr;0150000355;;86 allée des Tilleuls;;75001;Paris;FR;
DO-0356;individual;Camille;Petit;;;camille.petit.do356@example.fr;;0720000356;87 rue Nationale;;75002;Paris;FR;
DO-0357;company;;;Assureur Richard SA;20000000000357;ops357@donneur-357.example.fr;0150000357;;88 cours Mirabeau;;69001;Lyon;FR;
DO-0358;company;;;Assureur Petit EURL;20000000000358;ops358@donneur-358.example.fr;0150000358;;89 rue de la Paix;;69003;Lyon;FR;
DO-0359;company;;;Assureur Durand SCI;20000000000359;ops359@donneur-359.example.fr;0150000359;;90 avenue Victor Hugo;;13001;Marseille;FR;
DO-0360;individual;Claire;Simon;;;claire.simon.do360@example.fr;;0720000360;1 boulevard Haussmann;;33000;Bordeaux;FR;
DO-0361;company;;;Assureur Moreau SARL;20000000000361;ops361@donneur-361.example.fr;0150000361;;2 rue du Commerce;;31000;Toulouse;FR;
DO-0362;company;;;Assureur Simon SA;20000000000362;ops362@donneur-362.example.fr;0150000362;;3 place de la République;;44000;Nantes;FR;
DO-0363;company;;;Assureur Laurent EURL;20000000000363;ops363@donneur-363.example.fr;0150000363;;4 chemin des Vignes;;59000;Lille;FR;
DO-0364;individual;Léa;Garcia;;;léa.garcia.do364@example.fr;;0720000364;5 impasse des Lilas;;67000;Strasbourg;FR;
DO-0365;company;;;Assureur Michel SAS;20000000000365;ops365@donneur-365.example.fr;0150000365;;6 allée des Tilleuls;;34000;Montpellier;FR;
DO-0366;company;;;Assureur Garcia SARL;20000000000366;ops366@donneur-366.example.fr;0150000366;;7 rue Nationale;;06000;Nice;FR;
DO-0367;company;;;Assureur David SA;20000000000367;ops367@donneur-367.example.fr;0150000367;;8 cours Mirabeau;;35000;Rennes;FR;
DO-0368;individual;Marie;Dubois;;;marie.dubois.do368@example.fr;;0720000368;9 rue de la Paix;;51100;Reims;FR;
DO-0369;company;;;Assureur Bernard SCI;20000000000369;ops369@donneur-369.example.fr;0150000369;;10 avenue Victor Hugo;;21000;Dijon;FR;
DO-0370;company;;;Assureur Dubois SAS;20000000000370;ops370@donneur-370.example.fr;0150000370;;11 boulevard Haussmann;;80000;Amiens;FR;
DO-0371;company;;;Assureur Thomas SARL;20000000000371;ops371@donneur-371.example.fr;0150000371;;12 rue du Commerce;;76000;Rouen;FR;
DO-0372;individual;Camille;Petit;;;camille.petit.do372@example.fr;;0720000372;13 place de la République;;14000;Caen;FR;
DO-0373;company;;;Assureur Richard EURL;20000000000373;ops373@donneur-373.example.fr;0150000373;;14 chemin des Vignes;;29200;Brest;FR;
DO-0374;company;;;Assureur Petit SCI;20000000000374;ops374@donneur-374.example.fr;0150000374;;15 impasse des Lilas;;29800;Landerneau;FR;
DO-0375;company;;;Assureur Durand SAS;20000000000375;ops375@donneur-375.example.fr;0150000375;;16 allée des Tilleuls;;75001;Paris;FR;
DO-0376;individual;Claire;Simon;;;claire.simon.do376@example.fr;;0720000376;17 rue Nationale;;75002;Paris;FR;
DO-0377;company;;;Assureur Moreau SA;20000000000377;ops377@donneur-377.example.fr;0150000377;;18 cours Mirabeau;;69001;Lyon;FR;
DO-0378;company;;;Assureur Simon EURL;20000000000378;ops378@donneur-378.example.fr;0150000378;;19 rue de la Paix;;69003;Lyon;FR;
DO-0379;company;;;Assureur Laurent SCI;20000000000379;ops379@donneur-379.example.fr;0150000379;;20 avenue Victor Hugo;;13001;Marseille;FR;
DO-0380;individual;Léa;Garcia;;;léa.garcia.do380@example.fr;;0720000380;21 boulevard Haussmann;;33000;Bordeaux;FR;
DO-0381;company;;;Assureur Michel SARL;20000000000381;ops381@donneur-381.example.fr;0150000381;;22 rue du Commerce;;31000;Toulouse;FR;
DO-0382;company;;;Assureur Garcia SA;20000000000382;ops382@donneur-382.example.fr;0150000382;;23 place de la République;;44000;Nantes;FR;
DO-0383;company;;;Assureur David EURL;20000000000383;ops383@donneur-383.example.fr;0150000383;;24 chemin des Vignes;;59000;Lille;FR;
DO-0384;individual;Marie;Dubois;;;marie.dubois.do384@example.fr;;0720000384;25 impasse des Lilas;;67000;Strasbourg;FR;
DO-0385;company;;;Assureur Bernard SAS;20000000000385;ops385@donneur-385.example.fr;0150000385;;26 allée des Tilleuls;;34000;Montpellier;FR;
DO-0386;company;;;Assureur Dubois SARL;20000000000386;ops386@donneur-386.example.fr;0150000386;;27 rue Nationale;;06000;Nice;FR;
DO-0387;company;;;Assureur Thomas SA;20000000000387;ops387@donneur-387.example.fr;0150000387;;28 cours Mirabeau;;35000;Rennes;FR;
DO-0388;individual;Camille;Petit;;;camille.petit.do388@example.fr;;0720000388;29 rue de la Paix;;51100;Reims;FR;
DO-0389;company;;;Assureur Richard SCI;20000000000389;ops389@donneur-389.example.fr;0150000389;;30 avenue Victor Hugo;;21000;Dijon;FR;
DO-0390;company;;;Assureur Petit SAS;20000000000390;ops390@donneur-390.example.fr;0150000390;;31 boulevard Haussmann;;80000;Amiens;FR;
DO-0391;company;;;Assureur Durand SARL;20000000000391;ops391@donneur-391.example.fr;0150000391;;32 rue du Commerce;;76000;Rouen;FR;
DO-0392;individual;Claire;Simon;;;claire.simon.do392@example.fr;;0720000392;33 place de la République;;14000;Caen;FR;
DO-0393;company;;;Assureur Moreau EURL;20000000000393;ops393@donneur-393.example.fr;0150000393;;34 chemin des Vignes;;29200;Brest;FR;
DO-0394;company;;;Assureur Simon SCI;20000000000394;ops394@donneur-394.example.fr;0150000394;;35 impasse des Lilas;;29800;Landerneau;FR;
DO-0395;company;;;Assureur Laurent SAS;20000000000395;ops395@donneur-395.example.fr;0150000395;;36 allée des Tilleuls;;75001;Paris;FR;
DO-0396;individual;Léa;Garcia;;;léa.garcia.do396@example.fr;;0720000396;37 rue Nationale;;75002;Paris;FR;
DO-0397;company;;;Assureur Michel SA;20000000000397;ops397@donneur-397.example.fr;0150000397;;38 cours Mirabeau;;69001;Lyon;FR;
DO-0398;company;;;Assureur Garcia EURL;20000000000398;ops398@donneur-398.example.fr;0150000398;;39 rue de la Paix;;69003;Lyon;FR;
DO-0399;company;;;Assureur David SCI;20000000000399;ops399@donneur-399.example.fr;0150000399;;40 avenue Victor Hugo;;13001;Marseille;FR;
DO-0400;individual;Marie;Dubois;;;marie.dubois.do400@example.fr;;0720000400;41 boulevard Haussmann;;33000;Bordeaux;FR;
DO-0401;company;;;Assureur Bernard SARL;20000000000401;ops401@donneur-401.example.fr;0150000401;;42 rue du Commerce;;31000;Toulouse;FR;
DO-0402;company;;;Assureur Dubois SA;20000000000402;ops402@donneur-402.example.fr;0150000402;;43 place de la République;;44000;Nantes;FR;
DO-0403;company;;;Assureur Thomas EURL;20000000000403;ops403@donneur-403.example.fr;0150000403;;44 chemin des Vignes;;59000;Lille;FR;
DO-0404;individual;Camille;Petit;;;camille.petit.do404@example.fr;;0720000404;45 impasse des Lilas;;67000;Strasbourg;FR;
DO-0405;company;;;Assureur Richard SAS;20000000000405;ops405@donneur-405.example.fr;0150000405;;46 allée des Tilleuls;;34000;Montpellier;FR;
DO-0406;company;;;Assureur Petit SARL;20000000000406;ops406@donneur-406.example.fr;0150000406;;47 rue Nationale;;06000;Nice;FR;
DO-0407;company;;;Assureur Durand SA;20000000000407;ops407@donneur-407.example.fr;0150000407;;48 cours Mirabeau;;35000;Rennes;FR;
DO-0408;individual;Claire;Simon;;;claire.simon.do408@example.fr;;0720000408;49 rue de la Paix;;51100;Reims;FR;
DO-0409;company;;;Assureur Moreau SCI;20000000000409;ops409@donneur-409.example.fr;0150000409;;50 avenue Victor Hugo;;21000;Dijon;FR;
DO-0410;company;;;Assureur Simon SAS;20000000000410;ops410@donneur-410.example.fr;0150000410;;51 boulevard Haussmann;;80000;Amiens;FR;
DO-0411;company;;;Assureur Laurent SARL;20000000000411;ops411@donneur-411.example.fr;0150000411;;52 rue du Commerce;;76000;Rouen;FR;
DO-0412;individual;Léa;Garcia;;;léa.garcia.do412@example.fr;;0720000412;53 place de la République;;14000;Caen;FR;
DO-0413;company;;;Assureur Michel EURL;20000000000413;ops413@donneur-413.example.fr;0150000413;;54 chemin des Vignes;;29200;Brest;FR;
DO-0414;company;;;Assureur Garcia SCI;20000000000414;ops414@donneur-414.example.fr;0150000414;;55 impasse des Lilas;;29800;Landerneau;FR;
DO-0415;company;;;Assureur David SAS;20000000000415;ops415@donneur-415.example.fr;0150000415;;56 allée des Tilleuls;;75001;Paris;FR;
DO-0416;individual;Marie;Dubois;;;marie.dubois.do416@example.fr;;0720000416;57 rue Nationale;;75002;Paris;FR;
DO-0417;company;;;Assureur Bernard SA;20000000000417;ops417@donneur-417.example.fr;0150000417;;58 cours Mirabeau;;69001;Lyon;FR;
DO-0418;company;;;Assureur Dubois EURL;20000000000418;ops418@donneur-418.example.fr;0150000418;;59 rue de la Paix;;69003;Lyon;FR;
DO-0419;company;;;Assureur Thomas SCI;20000000000419;ops419@donneur-419.example.fr;0150000419;;60 avenue Victor Hugo;;13001;Marseille;FR;
DO-0420;individual;Camille;Petit;;;camille.petit.do420@example.fr;;0720000420;61 boulevard Haussmann;;33000;Bordeaux;FR;
DO-0421;company;;;Assureur Richard SARL;20000000000421;ops421@donneur-421.example.fr;0150000421;;62 rue du Commerce;;31000;Toulouse;FR;
DO-0422;company;;;Assureur Petit SA;20000000000422;ops422@donneur-422.example.fr;0150000422;;63 place de la République;;44000;Nantes;FR;
DO-0423;company;;;Assureur Durand EURL;20000000000423;ops423@donneur-423.example.fr;0150000423;;64 chemin des Vignes;;59000;Lille;FR;
DO-0424;individual;Claire;Simon;;;claire.simon.do424@example.fr;;0720000424;65 impasse des Lilas;;67000;Strasbourg;FR;
DO-0425;company;;;Assureur Moreau SAS;20000000000425;ops425@donneur-425.example.fr;0150000425;;66 allée des Tilleuls;;34000;Montpellier;FR;
DO-0426;company;;;Assureur Simon SARL;20000000000426;ops426@donneur-426.example.fr;0150000426;;67 rue Nationale;;06000;Nice;FR;
DO-0427;company;;;Assureur Laurent SA;20000000000427;ops427@donneur-427.example.fr;0150000427;;68 cours Mirabeau;;35000;Rennes;FR;
DO-0428;individual;Léa;Garcia;;;léa.garcia.do428@example.fr;;0720000428;69 rue de la Paix;;51100;Reims;FR;
DO-0429;company;;;Assureur Michel SCI;20000000000429;ops429@donneur-429.example.fr;0150000429;;70 avenue Victor Hugo;;21000;Dijon;FR;
DO-0430;company;;;Assureur Garcia SAS;20000000000430;ops430@donneur-430.example.fr;0150000430;;71 boulevard Haussmann;;80000;Amiens;FR;
DO-0431;company;;;Assureur David SARL;20000000000431;ops431@donneur-431.example.fr;0150000431;;72 rue du Commerce;;76000;Rouen;FR;
DO-0432;individual;Marie;Dubois;;;marie.dubois.do432@example.fr;;0720000432;73 place de la République;;14000;Caen;FR;
DO-0433;company;;;Assureur Bernard EURL;20000000000433;ops433@donneur-433.example.fr;0150000433;;74 chemin des Vignes;;29200;Brest;FR;
DO-0434;company;;;Assureur Dubois SCI;20000000000434;ops434@donneur-434.example.fr;0150000434;;75 impasse des Lilas;;29800;Landerneau;FR;
DO-0435;company;;;Assureur Thomas SAS;20000000000435;ops435@donneur-435.example.fr;0150000435;;76 allée des Tilleuls;;75001;Paris;FR;
DO-0436;individual;Camille;Petit;;;camille.petit.do436@example.fr;;0720000436;77 rue Nationale;;75002;Paris;FR;
DO-0437;company;;;Assureur Richard SA;20000000000437;ops437@donneur-437.example.fr;0150000437;;78 cours Mirabeau;;69001;Lyon;FR;
DO-0438;company;;;Assureur Petit EURL;20000000000438;ops438@donneur-438.example.fr;0150000438;;79 rue de la Paix;;69003;Lyon;FR;
DO-0439;company;;;Assureur Durand SCI;20000000000439;ops439@donneur-439.example.fr;0150000439;;80 avenue Victor Hugo;;13001;Marseille;FR;
DO-0440;individual;Claire;Simon;;;claire.simon.do440@example.fr;;0720000440;81 boulevard Haussmann;;33000;Bordeaux;FR;
DO-0441;company;;;Assureur Moreau SARL;20000000000441;ops441@donneur-441.example.fr;0150000441;;82 rue du Commerce;;31000;Toulouse;FR;
DO-0442;company;;;Assureur Simon SA;20000000000442;ops442@donneur-442.example.fr;0150000442;;83 place de la République;;44000;Nantes;FR;
DO-0443;company;;;Assureur Laurent EURL;20000000000443;ops443@donneur-443.example.fr;0150000443;;84 chemin des Vignes;;59000;Lille;FR;
DO-0444;individual;Léa;Garcia;;;léa.garcia.do444@example.fr;;0720000444;85 impasse des Lilas;;67000;Strasbourg;FR;
DO-0445;company;;;Assureur Michel SAS;20000000000445;ops445@donneur-445.example.fr;0150000445;;86 allée des Tilleuls;;34000;Montpellier;FR;
DO-0446;company;;;Assureur Garcia SARL;20000000000446;ops446@donneur-446.example.fr;0150000446;;87 rue Nationale;;06000;Nice;FR;
DO-0447;company;;;Assureur David SA;20000000000447;ops447@donneur-447.example.fr;0150000447;;88 cours Mirabeau;;35000;Rennes;FR;
DO-0448;individual;Marie;Dubois;;;marie.dubois.do448@example.fr;;0720000448;89 rue de la Paix;;51100;Reims;FR;
DO-0449;company;;;Assureur Bernard SCI;20000000000449;ops449@donneur-449.example.fr;0150000449;;90 avenue Victor Hugo;;21000;Dijon;FR;
DO-0450;company;;;Assureur Dubois SAS;20000000000450;ops450@donneur-450.example.fr;0150000450;;1 boulevard Haussmann;;80000;Amiens;FR;
DO-0451;company;;;Assureur Thomas SARL;20000000000451;ops451@donneur-451.example.fr;0150000451;;2 rue du Commerce;;76000;Rouen;FR;
DO-0452;individual;Camille;Petit;;;camille.petit.do452@example.fr;;0720000452;3 place de la République;;14000;Caen;FR;
DO-0453;company;;;Assureur Richard EURL;20000000000453;ops453@donneur-453.example.fr;0150000453;;4 chemin des Vignes;;29200;Brest;FR;
DO-0454;company;;;Assureur Petit SCI;20000000000454;ops454@donneur-454.example.fr;0150000454;;5 impasse des Lilas;;29800;Landerneau;FR;
DO-0455;company;;;Assureur Durand SAS;20000000000455;ops455@donneur-455.example.fr;0150000455;;6 allée des Tilleuls;;75001;Paris;FR;
DO-0456;individual;Claire;Simon;;;claire.simon.do456@example.fr;;0720000456;7 rue Nationale;;75002;Paris;FR;
DO-0457;company;;;Assureur Moreau SA;20000000000457;ops457@donneur-457.example.fr;0150000457;;8 cours Mirabeau;;69001;Lyon;FR;
DO-0458;company;;;Assureur Simon EURL;20000000000458;ops458@donneur-458.example.fr;0150000458;;9 rue de la Paix;;69003;Lyon;FR;
DO-0459;company;;;Assureur Laurent SCI;20000000000459;ops459@donneur-459.example.fr;0150000459;;10 avenue Victor Hugo;;13001;Marseille;FR;
DO-0460;individual;Léa;Garcia;;;léa.garcia.do460@example.fr;;0720000460;11 boulevard Haussmann;;33000;Bordeaux;FR;
DO-0461;company;;;Assureur Michel SARL;20000000000461;ops461@donneur-461.example.fr;0150000461;;12 rue du Commerce;;31000;Toulouse;FR;
DO-0462;company;;;Assureur Garcia SA;20000000000462;ops462@donneur-462.example.fr;0150000462;;13 place de la République;;44000;Nantes;FR;
DO-0463;company;;;Assureur David EURL;20000000000463;ops463@donneur-463.example.fr;0150000463;;14 chemin des Vignes;;59000;Lille;FR;
DO-0464;individual;Marie;Dubois;;;marie.dubois.do464@example.fr;;0720000464;15 impasse des Lilas;;67000;Strasbourg;FR;
DO-0465;company;;;Assureur Bernard SAS;20000000000465;ops465@donneur-465.example.fr;0150000465;;16 allée des Tilleuls;;34000;Montpellier;FR;
DO-0466;company;;;Assureur Dubois SARL;20000000000466;ops466@donneur-466.example.fr;0150000466;;17 rue Nationale;;06000;Nice;FR;
DO-0467;company;;;Assureur Thomas SA;20000000000467;ops467@donneur-467.example.fr;0150000467;;18 cours Mirabeau;;35000;Rennes;FR;
DO-0468;individual;Camille;Petit;;;camille.petit.do468@example.fr;;0720000468;19 rue de la Paix;;51100;Reims;FR;
DO-0469;company;;;Assureur Richard SCI;20000000000469;ops469@donneur-469.example.fr;0150000469;;20 avenue Victor Hugo;;21000;Dijon;FR;
DO-0470;company;;;Assureur Petit SAS;20000000000470;ops470@donneur-470.example.fr;0150000470;;21 boulevard Haussmann;;80000;Amiens;FR;
DO-0471;company;;;Assureur Durand SARL;20000000000471;ops471@donneur-471.example.fr;0150000471;;22 rue du Commerce;;76000;Rouen;FR;
DO-0472;individual;Claire;Simon;;;claire.simon.do472@example.fr;;0720000472;23 place de la République;;14000;Caen;FR;
DO-0473;company;;;Assureur Moreau EURL;20000000000473;ops473@donneur-473.example.fr;0150000473;;24 chemin des Vignes;;29200;Brest;FR;
DO-0474;company;;;Assureur Simon SCI;20000000000474;ops474@donneur-474.example.fr;0150000474;;25 impasse des Lilas;;29800;Landerneau;FR;
DO-0475;company;;;Assureur Laurent SAS;20000000000475;ops475@donneur-475.example.fr;0150000475;;26 allée des Tilleuls;;75001;Paris;FR;
DO-0476;individual;Léa;Garcia;;;léa.garcia.do476@example.fr;;0720000476;27 rue Nationale;;75002;Paris;FR;
DO-0477;company;;;Assureur Michel SA;20000000000477;ops477@donneur-477.example.fr;0150000477;;28 cours Mirabeau;;69001;Lyon;FR;
DO-0478;company;;;Assureur Garcia EURL;20000000000478;ops478@donneur-478.example.fr;0150000478;;29 rue de la Paix;;69003;Lyon;FR;
DO-0479;company;;;Assureur David SCI;20000000000479;ops479@donneur-479.example.fr;0150000479;;30 avenue Victor Hugo;;13001;Marseille;FR;
DO-0480;individual;Marie;Dubois;;;marie.dubois.do480@example.fr;;0720000480;31 boulevard Haussmann;;33000;Bordeaux;FR;
DO-0481;company;;;Assureur Bernard SARL;20000000000481;ops481@donneur-481.example.fr;0150000481;;32 rue du Commerce;;31000;Toulouse;FR;
DO-0482;company;;;Assureur Dubois SA;20000000000482;ops482@donneur-482.example.fr;0150000482;;33 place de la République;;44000;Nantes;FR;
DO-0483;company;;;Assureur Thomas EURL;20000000000483;ops483@donneur-483.example.fr;0150000483;;34 chemin des Vignes;;59000;Lille;FR;
DO-0484;individual;Camille;Petit;;;camille.petit.do484@example.fr;;0720000484;35 impasse des Lilas;;67000;Strasbourg;FR;
DO-0485;company;;;Assureur Richard SAS;20000000000485;ops485@donneur-485.example.fr;0150000485;;36 allée des Tilleuls;;34000;Montpellier;FR;
DO-0486;company;;;Assureur Petit SARL;20000000000486;ops486@donneur-486.example.fr;0150000486;;37 rue Nationale;;06000;Nice;FR;
DO-0487;company;;;Assureur Durand SA;20000000000487;ops487@donneur-487.example.fr;0150000487;;38 cours Mirabeau;;35000;Rennes;FR;
DO-0488;individual;Claire;Simon;;;claire.simon.do488@example.fr;;0720000488;39 rue de la Paix;;51100;Reims;FR;
DO-0489;company;;;Assureur Moreau SCI;20000000000489;ops489@donneur-489.example.fr;0150000489;;40 avenue Victor Hugo;;21000;Dijon;FR;
DO-0490;company;;;Assureur Simon SAS;20000000000490;ops490@donneur-490.example.fr;0150000490;;41 boulevard Haussmann;;80000;Amiens;FR;
DO-0491;company;;;Assureur Laurent SARL;20000000000491;ops491@donneur-491.example.fr;0150000491;;42 rue du Commerce;;76000;Rouen;FR;
DO-0492;individual;Léa;Garcia;;;léa.garcia.do492@example.fr;;0720000492;43 place de la République;;14000;Caen;FR;
DO-0493;company;;;Assureur Michel EURL;20000000000493;ops493@donneur-493.example.fr;0150000493;;44 chemin des Vignes;;29200;Brest;FR;
DO-0494;company;;;Assureur Garcia SCI;20000000000494;ops494@donneur-494.example.fr;0150000494;;45 impasse des Lilas;;29800;Landerneau;FR;
DO-0495;company;;;Assureur David SAS;20000000000495;ops495@donneur-495.example.fr;0150000495;;46 allée des Tilleuls;;75001;Paris;FR;
DO-0496;individual;Marie;Dubois;;;marie.dubois.do496@example.fr;;0720000496;47 rue Nationale;;75002;Paris;FR;
DO-0497;company;;;Assureur Bernard SA;20000000000497;ops497@donneur-497.example.fr;0150000497;;48 cours Mirabeau;;69001;Lyon;FR;
DO-0498;company;;;Assureur Dubois EURL;20000000000498;ops498@donneur-498.example.fr;0150000498;;49 rue de la Paix;;69003;Lyon;FR;
DO-0499;company;;;Assureur Thomas SCI;20000000000499;ops499@donneur-499.example.fr;0150000499;;50 avenue Victor Hugo;;13001;Marseille;FR;
DO-0500;individual;Camille;Petit;;;camille.petit.do500@example.fr;;0720000500;51 boulevard Haussmann;;33000;Bordeaux;FR;
DO-0501;company;;;Assureur Richard SARL;20000000000501;ops501@donneur-501.example.fr;0150000501;;52 rue du Commerce;;31000;Toulouse;FR;
DO-0502;company;;;Assureur Petit SA;20000000000502;ops502@donneur-502.example.fr;0150000502;;53 place de la République;;44000;Nantes;FR;
DO-0503;company;;;Assureur Durand EURL;20000000000503;ops503@donneur-503.example.fr;0150000503;;54 chemin des Vignes;;59000;Lille;FR;
DO-0504;individual;Claire;Simon;;;claire.simon.do504@example.fr;;0720000504;55 impasse des Lilas;;67000;Strasbourg;FR;
DO-0505;company;;;Assureur Moreau SAS;20000000000505;ops505@donneur-505.example.fr;0150000505;;56 allée des Tilleuls;;34000;Montpellier;FR;
DO-0506;company;;;Assureur Simon SARL;20000000000506;ops506@donneur-506.example.fr;0150000506;;57 rue Nationale;;06000;Nice;FR;
DO-0507;company;;;Assureur Laurent SA;20000000000507;ops507@donneur-507.example.fr;0150000507;;58 cours Mirabeau;;35000;Rennes;FR;
DO-0508;individual;Léa;Garcia;;;léa.garcia.do508@example.fr;;0720000508;59 rue de la Paix;;51100;Reims;FR;
DO-0509;company;;;Assureur Michel SCI;20000000000509;ops509@donneur-509.example.fr;0150000509;;60 avenue Victor Hugo;;21000;Dijon;FR;
DO-0510;company;;;Assureur Garcia SAS;20000000000510;ops510@donneur-510.example.fr;0150000510;;61 boulevard Haussmann;;80000;Amiens;FR;
DO-0511;company;;;Assureur David SARL;20000000000511;ops511@donneur-511.example.fr;0150000511;;62 rue du Commerce;;76000;Rouen;FR;
DO-0512;individual;Marie;Dubois;;;marie.dubois.do512@example.fr;;0720000512;63 place de la République;;14000;Caen;FR;
DO-0513;company;;;Assureur Bernard EURL;20000000000513;ops513@donneur-513.example.fr;0150000513;;64 chemin des Vignes;;29200;Brest;FR;
DO-0514;company;;;Assureur Dubois SCI;20000000000514;ops514@donneur-514.example.fr;0150000514;;65 impasse des Lilas;;29800;Landerneau;FR;
DO-0515;company;;;Assureur Thomas SAS;20000000000515;ops515@donneur-515.example.fr;0150000515;;66 allée des Tilleuls;;75001;Paris;FR;
DO-0516;individual;Camille;Petit;;;camille.petit.do516@example.fr;;0720000516;67 rue Nationale;;75002;Paris;FR;
DO-0517;company;;;Assureur Richard SA;20000000000517;ops517@donneur-517.example.fr;0150000517;;68 cours Mirabeau;;69001;Lyon;FR;
DO-0518;company;;;Assureur Petit EURL;20000000000518;ops518@donneur-518.example.fr;0150000518;;69 rue de la Paix;;69003;Lyon;FR;
DO-0519;company;;;Assureur Durand SCI;20000000000519;ops519@donneur-519.example.fr;0150000519;;70 avenue Victor Hugo;;13001;Marseille;FR;
DO-0520;individual;Claire;Simon;;;claire.simon.do520@example.fr;;0720000520;71 boulevard Haussmann;;33000;Bordeaux;FR;
DO-0521;company;;;Assureur Moreau SARL;20000000000521;ops521@donneur-521.example.fr;0150000521;;72 rue du Commerce;;31000;Toulouse;FR;
DO-0522;company;;;Assureur Simon SA;20000000000522;ops522@donneur-522.example.fr;0150000522;;73 place de la République;;44000;Nantes;FR;
DO-0523;company;;;Assureur Laurent EURL;20000000000523;ops523@donneur-523.example.fr;0150000523;;74 chemin des Vignes;;59000;Lille;FR;
DO-0524;individual;Léa;Garcia;;;léa.garcia.do524@example.fr;;0720000524;75 impasse des Lilas;;67000;Strasbourg;FR;
DO-0525;company;;;Assureur Michel SAS;20000000000525;ops525@donneur-525.example.fr;0150000525;;76 allée des Tilleuls;;34000;Montpellier;FR;
DO-0526;company;;;Assureur Garcia SARL;20000000000526;ops526@donneur-526.example.fr;0150000526;;77 rue Nationale;;06000;Nice;FR;
DO-0527;company;;;Assureur David SA;20000000000527;ops527@donneur-527.example.fr;0150000527;;78 cours Mirabeau;;35000;Rennes;FR;
DO-0528;individual;Marie;Dubois;;;marie.dubois.do528@example.fr;;0720000528;79 rue de la Paix;;51100;Reims;FR;
DO-0529;company;;;Assureur Bernard SCI;20000000000529;ops529@donneur-529.example.fr;0150000529;;80 avenue Victor Hugo;;21000;Dijon;FR;
DO-0530;company;;;Assureur Dubois SAS;20000000000530;ops530@donneur-530.example.fr;0150000530;;81 boulevard Haussmann;;80000;Amiens;FR;
DO-0531;company;;;Assureur Thomas SARL;20000000000531;ops531@donneur-531.example.fr;0150000531;;82 rue du Commerce;;76000;Rouen;FR;
DO-0532;individual;Camille;Petit;;;camille.petit.do532@example.fr;;0720000532;83 place de la République;;14000;Caen;FR;
DO-0533;company;;;Assureur Richard EURL;20000000000533;ops533@donneur-533.example.fr;0150000533;;84 chemin des Vignes;;29200;Brest;FR;
DO-0534;company;;;Assureur Petit SCI;20000000000534;ops534@donneur-534.example.fr;0150000534;;85 impasse des Lilas;;29800;Landerneau;FR;
DO-0535;company;;;Assureur Durand SAS;20000000000535;ops535@donneur-535.example.fr;0150000535;;86 allée des Tilleuls;;75001;Paris;FR;
DO-0536;individual;Claire;Simon;;;claire.simon.do536@example.fr;;0720000536;87 rue Nationale;;75002;Paris;FR;
DO-0537;company;;;Assureur Moreau SA;20000000000537;ops537@donneur-537.example.fr;0150000537;;88 cours Mirabeau;;69001;Lyon;FR;
DO-0538;company;;;Assureur Simon EURL;20000000000538;ops538@donneur-538.example.fr;0150000538;;89 rue de la Paix;;69003;Lyon;FR;
DO-0539;company;;;Assureur Laurent SCI;20000000000539;ops539@donneur-539.example.fr;0150000539;;90 avenue Victor Hugo;;13001;Marseille;FR;
DO-0540;individual;Léa;Garcia;;;léa.garcia.do540@example.fr;;0720000540;1 boulevard Haussmann;;33000;Bordeaux;FR;
DO-0541;company;;;Assureur Michel SARL;20000000000541;ops541@donneur-541.example.fr;0150000541;;2 rue du Commerce;;31000;Toulouse;FR;
DO-0542;company;;;Assureur Garcia SA;20000000000542;ops542@donneur-542.example.fr;0150000542;;3 place de la République;;44000;Nantes;FR;
DO-0543;company;;;Assureur David EURL;20000000000543;ops543@donneur-543.example.fr;0150000543;;4 chemin des Vignes;;59000;Lille;FR;
DO-0544;individual;Marie;Dubois;;;marie.dubois.do544@example.fr;;0720000544;5 impasse des Lilas;;67000;Strasbourg;FR;
DO-0545;company;;;Assureur Bernard SAS;20000000000545;ops545@donneur-545.example.fr;0150000545;;6 allée des Tilleuls;;34000;Montpellier;FR;
DO-0546;company;;;Assureur Dubois SARL;20000000000546;ops546@donneur-546.example.fr;0150000546;;7 rue Nationale;;06000;Nice;FR;
DO-0547;company;;;Assureur Thomas SA;20000000000547;ops547@donneur-547.example.fr;0150000547;;8 cours Mirabeau;;35000;Rennes;FR;
DO-0548;individual;Camille;Petit;;;camille.petit.do548@example.fr;;0720000548;9 rue de la Paix;;51100;Reims;FR;
DO-0549;company;;;Assureur Richard SCI;20000000000549;ops549@donneur-549.example.fr;0150000549;;10 avenue Victor Hugo;;21000;Dijon;FR;
DO-0550;company;;;Assureur Petit SAS;20000000000550;ops550@donneur-550.example.fr;0150000550;;11 boulevard Haussmann;;80000;Amiens;FR;
DO-0551;company;;;Assureur Durand SARL;20000000000551;ops551@donneur-551.example.fr;0150000551;;12 rue du Commerce;;76000;Rouen;FR;
DO-0552;individual;Claire;Simon;;;claire.simon.do552@example.fr;;0720000552;13 place de la République;;14000;Caen;FR;
DO-0553;company;;;Assureur Moreau EURL;20000000000553;ops553@donneur-553.example.fr;0150000553;;14 chemin des Vignes;;29200;Brest;FR;
DO-0554;company;;;Assureur Simon SCI;20000000000554;ops554@donneur-554.example.fr;0150000554;;15 impasse des Lilas;;29800;Landerneau;FR;
DO-0555;company;;;Assureur Laurent SAS;20000000000555;ops555@donneur-555.example.fr;0150000555;;16 allée des Tilleuls;;75001;Paris;FR;
DO-0556;individual;Léa;Garcia;;;léa.garcia.do556@example.fr;;0720000556;17 rue Nationale;;75002;Paris;FR;
DO-0557;company;;;Assureur Michel SA;20000000000557;ops557@donneur-557.example.fr;0150000557;;18 cours Mirabeau;;69001;Lyon;FR;
DO-0558;company;;;Assureur Garcia EURL;20000000000558;ops558@donneur-558.example.fr;0150000558;;19 rue de la Paix;;69003;Lyon;FR;
DO-0559;company;;;Assureur David SCI;20000000000559;ops559@donneur-559.example.fr;0150000559;;20 avenue Victor Hugo;;13001;Marseille;FR;
DO-0560;individual;Marie;Dubois;;;marie.dubois.do560@example.fr;;0720000560;21 boulevard Haussmann;;33000;Bordeaux;FR;
DO-0561;company;;;Assureur Bernard SARL;20000000000561;ops561@donneur-561.example.fr;0150000561;;22 rue du Commerce;;31000;Toulouse;FR;
DO-0562;company;;;Assureur Dubois SA;20000000000562;ops562@donneur-562.example.fr;0150000562;;23 place de la République;;44000;Nantes;FR;
DO-0563;company;;;Assureur Thomas EURL;20000000000563;ops563@donneur-563.example.fr;0150000563;;24 chemin des Vignes;;59000;Lille;FR;
DO-0564;individual;Camille;Petit;;;camille.petit.do564@example.fr;;0720000564;25 impasse des Lilas;;67000;Strasbourg;FR;
DO-0565;company;;;Assureur Richard SAS;20000000000565;ops565@donneur-565.example.fr;0150000565;;26 allée des Tilleuls;;34000;Montpellier;FR;
DO-0566;company;;;Assureur Petit SARL;20000000000566;ops566@donneur-566.example.fr;0150000566;;27 rue Nationale;;06000;Nice;FR;
DO-0567;company;;;Assureur Durand SA;20000000000567;ops567@donneur-567.example.fr;0150000567;;28 cours Mirabeau;;35000;Rennes;FR;
DO-0568;individual;Claire;Simon;;;claire.simon.do568@example.fr;;0720000568;29 rue de la Paix;;51100;Reims;FR;
DO-0569;company;;;Assureur Moreau SCI;20000000000569;ops569@donneur-569.example.fr;0150000569;;30 avenue Victor Hugo;;21000;Dijon;FR;
DO-0570;company;;;Assureur Simon SAS;20000000000570;ops570@donneur-570.example.fr;0150000570;;31 boulevard Haussmann;;80000;Amiens;FR;
DO-0571;company;;;Assureur Laurent SARL;20000000000571;ops571@donneur-571.example.fr;0150000571;;32 rue du Commerce;;76000;Rouen;FR;
DO-0572;individual;Léa;Garcia;;;léa.garcia.do572@example.fr;;0720000572;33 place de la République;;14000;Caen;FR;
DO-0573;company;;;Assureur Michel EURL;20000000000573;ops573@donneur-573.example.fr;0150000573;;34 chemin des Vignes;;29200;Brest;FR;
DO-0574;company;;;Assureur Garcia SCI;20000000000574;ops574@donneur-574.example.fr;0150000574;;35 impasse des Lilas;;29800;Landerneau;FR;
DO-0575;company;;;Assureur David SAS;20000000000575;ops575@donneur-575.example.fr;0150000575;;36 allée des Tilleuls;;75001;Paris;FR;
DO-0576;individual;Marie;Dubois;;;marie.dubois.do576@example.fr;;0720000576;37 rue Nationale;;75002;Paris;FR;
DO-0577;company;;;Assureur Bernard SA;20000000000577;ops577@donneur-577.example.fr;0150000577;;38 cours Mirabeau;;69001;Lyon;FR;
DO-0578;company;;;Assureur Dubois EURL;20000000000578;ops578@donneur-578.example.fr;0150000578;;39 rue de la Paix;;69003;Lyon;FR;
DO-0579;company;;;Assureur Thomas SCI;20000000000579;ops579@donneur-579.example.fr;0150000579;;40 avenue Victor Hugo;;13001;Marseille;FR;
DO-0580;individual;Camille;Petit;;;camille.petit.do580@example.fr;;0720000580;41 boulevard Haussmann;;33000;Bordeaux;FR;
DO-0581;company;;;Assureur Richard SARL;20000000000581;ops581@donneur-581.example.fr;0150000581;;42 rue du Commerce;;31000;Toulouse;FR;
DO-0582;company;;;Assureur Petit SA;20000000000582;ops582@donneur-582.example.fr;0150000582;;43 place de la République;;44000;Nantes;FR;
DO-0583;company;;;Assureur Durand EURL;20000000000583;ops583@donneur-583.example.fr;0150000583;;44 chemin des Vignes;;59000;Lille;FR;
DO-0584;individual;Claire;Simon;;;claire.simon.do584@example.fr;;0720000584;45 impasse des Lilas;;67000;Strasbourg;FR;
DO-0585;company;;;Assureur Moreau SAS;20000000000585;ops585@donneur-585.example.fr;0150000585;;46 allée des Tilleuls;;34000;Montpellier;FR;
DO-0586;company;;;Assureur Simon SARL;20000000000586;ops586@donneur-586.example.fr;0150000586;;47 rue Nationale;;06000;Nice;FR;
DO-0587;company;;;Assureur Laurent SA;20000000000587;ops587@donneur-587.example.fr;0150000587;;48 cours Mirabeau;;35000;Rennes;FR;
DO-0588;individual;Léa;Garcia;;;léa.garcia.do588@example.fr;;0720000588;49 rue de la Paix;;51100;Reims;FR;
DO-0589;company;;;Assureur Michel SCI;20000000000589;ops589@donneur-589.example.fr;0150000589;;50 avenue Victor Hugo;;21000;Dijon;FR;
DO-0590;company;;;Assureur Garcia SAS;20000000000590;ops590@donneur-590.example.fr;0150000590;;51 boulevard Haussmann;;80000;Amiens;FR;
DO-0591;company;;;Assureur David SARL;20000000000591;ops591@donneur-591.example.fr;0150000591;;52 rue du Commerce;;76000;Rouen;FR;
DO-0592;individual;Marie;Dubois;;;marie.dubois.do592@example.fr;;0720000592;53 place de la République;;14000;Caen;FR;
DO-0593;company;;;Assureur Bernard EURL;20000000000593;ops593@donneur-593.example.fr;0150000593;;54 chemin des Vignes;;29200;Brest;FR;
DO-0594;company;;;Assureur Dubois SCI;20000000000594;ops594@donneur-594.example.fr;0150000594;;55 impasse des Lilas;;29800;Landerneau;FR;
DO-0595;company;;;Assureur Thomas SAS;20000000000595;ops595@donneur-595.example.fr;0150000595;;56 allée des Tilleuls;;75001;Paris;FR;
DO-0596;individual;Camille;Petit;;;camille.petit.do596@example.fr;;0720000596;57 rue Nationale;;75002;Paris;FR;
DO-0597;company;;;Assureur Richard SA;20000000000597;ops597@donneur-597.example.fr;0150000597;;58 cours Mirabeau;;69001;Lyon;FR;
DO-0598;company;;;Assureur Petit EURL;20000000000598;ops598@donneur-598.example.fr;0150000598;;59 rue de la Paix;;69003;Lyon;FR;
DO-0599;company;;;Assureur Durand SCI;20000000000599;ops599@donneur-599.example.fr;0150000599;;60 avenue Victor Hugo;;13001;Marseille;FR;
DO-0600;individual;Claire;Simon;;;claire.simon.do600@example.fr;;0720000600;61 boulevard Haussmann;;33000;Bordeaux;FR;
DO-0601;company;;;Assureur Moreau SARL;20000000000601;ops601@donneur-601.example.fr;0150000601;;62 rue du Commerce;;31000;Toulouse;FR;
DO-0602;company;;;Assureur Simon SA;20000000000602;ops602@donneur-602.example.fr;0150000602;;63 place de la République;;44000;Nantes;FR;
DO-0603;company;;;Assureur Laurent EURL;20000000000603;ops603@donneur-603.example.fr;0150000603;;64 chemin des Vignes;;59000;Lille;FR;
DO-0604;individual;Léa;Garcia;;;léa.garcia.do604@example.fr;;0720000604;65 impasse des Lilas;;67000;Strasbourg;FR;
DO-0605;company;;;Assureur Michel SAS;20000000000605;ops605@donneur-605.example.fr;0150000605;;66 allée des Tilleuls;;34000;Montpellier;FR;
DO-0606;company;;;Assureur Garcia SARL;20000000000606;ops606@donneur-606.example.fr;0150000606;;67 rue Nationale;;06000;Nice;FR;
DO-0607;company;;;Assureur David SA;20000000000607;ops607@donneur-607.example.fr;0150000607;;68 cours Mirabeau;;35000;Rennes;FR;
DO-0608;individual;Marie;Dubois;;;marie.dubois.do608@example.fr;;0720000608;69 rue de la Paix;;51100;Reims;FR;
DO-0609;company;;;Assureur Bernard SCI;20000000000609;ops609@donneur-609.example.fr;0150000609;;70 avenue Victor Hugo;;21000;Dijon;FR;
DO-0610;company;;;Assureur Dubois SAS;20000000000610;ops610@donneur-610.example.fr;0150000610;;71 boulevard Haussmann;;80000;Amiens;FR;
DO-0611;company;;;Assureur Thomas SARL;20000000000611;ops611@donneur-611.example.fr;0150000611;;72 rue du Commerce;;76000;Rouen;FR;
DO-0612;individual;Camille;Petit;;;camille.petit.do612@example.fr;;0720000612;73 place de la République;;14000;Caen;FR;
DO-0613;company;;;Assureur Richard EURL;20000000000613;ops613@donneur-613.example.fr;0150000613;;74 chemin des Vignes;;29200;Brest;FR;
DO-0614;company;;;Assureur Petit SCI;20000000000614;ops614@donneur-614.example.fr;0150000614;;75 impasse des Lilas;;29800;Landerneau;FR;
DO-0615;company;;;Assureur Durand SAS;20000000000615;ops615@donneur-615.example.fr;0150000615;;76 allée des Tilleuls;;75001;Paris;FR;
DO-0616;individual;Claire;Simon;;;claire.simon.do616@example.fr;;0720000616;77 rue Nationale;;75002;Paris;FR;
DO-0617;company;;;Assureur Moreau SA;20000000000617;ops617@donneur-617.example.fr;0150000617;;78 cours Mirabeau;;69001;Lyon;FR;
DO-0618;company;;;Assureur Simon EURL;20000000000618;ops618@donneur-618.example.fr;0150000618;;79 rue de la Paix;;69003;Lyon;FR;
DO-0619;company;;;Assureur Laurent SCI;20000000000619;ops619@donneur-619.example.fr;0150000619;;80 avenue Victor Hugo;;13001;Marseille;FR;
DO-0620;individual;Léa;Garcia;;;léa.garcia.do620@example.fr;;0720000620;81 boulevard Haussmann;;33000;Bordeaux;FR;
DO-0621;company;;;Assureur Michel SARL;20000000000621;ops621@donneur-621.example.fr;0150000621;;82 rue du Commerce;;31000;Toulouse;FR;
DO-0622;company;;;Assureur Garcia SA;20000000000622;ops622@donneur-622.example.fr;0150000622;;83 place de la République;;44000;Nantes;FR;
DO-0623;company;;;Assureur David EURL;20000000000623;ops623@donneur-623.example.fr;0150000623;;84 chemin des Vignes;;59000;Lille;FR;
DO-0624;individual;Marie;Dubois;;;marie.dubois.do624@example.fr;;0720000624;85 impasse des Lilas;;67000;Strasbourg;FR;
DO-0625;company;;;Assureur Bernard SAS;20000000000625;ops625@donneur-625.example.fr;0150000625;;86 allée des Tilleuls;;34000;Montpellier;FR;
DO-0626;company;;;Assureur Dubois SARL;20000000000626;ops626@donneur-626.example.fr;0150000626;;87 rue Nationale;;06000;Nice;FR;
DO-0627;company;;;Assureur Thomas SA;20000000000627;ops627@donneur-627.example.fr;0150000627;;88 cours Mirabeau;;35000;Rennes;FR;
DO-0628;individual;Camille;Petit;;;camille.petit.do628@example.fr;;0720000628;89 rue de la Paix;;51100;Reims;FR;
DO-0629;company;;;Assureur Richard SCI;20000000000629;ops629@donneur-629.example.fr;0150000629;;90 avenue Victor Hugo;;21000;Dijon;FR;
DO-0630;company;;;Assureur Petit SAS;20000000000630;ops630@donneur-630.example.fr;0150000630;;1 boulevard Haussmann;;80000;Amiens;FR;
DO-0631;company;;;Assureur Durand SARL;20000000000631;ops631@donneur-631.example.fr;0150000631;;2 rue du Commerce;;76000;Rouen;FR;
DO-0632;individual;Claire;Simon;;;claire.simon.do632@example.fr;;0720000632;3 place de la République;;14000;Caen;FR;
DO-0633;company;;;Assureur Moreau EURL;20000000000633;ops633@donneur-633.example.fr;0150000633;;4 chemin des Vignes;;29200;Brest;FR;
DO-0634;company;;;Assureur Simon SCI;20000000000634;ops634@donneur-634.example.fr;0150000634;;5 impasse des Lilas;;29800;Landerneau;FR;
DO-0635;company;;;Assureur Laurent SAS;20000000000635;ops635@donneur-635.example.fr;0150000635;;6 allée des Tilleuls;;75001;Paris;FR;
DO-0636;individual;Léa;Garcia;;;léa.garcia.do636@example.fr;;0720000636;7 rue Nationale;;75002;Paris;FR;
DO-0637;company;;;Assureur Michel SA;20000000000637;ops637@donneur-637.example.fr;0150000637;;8 cours Mirabeau;;69001;Lyon;FR;
DO-0638;company;;;Assureur Garcia EURL;20000000000638;ops638@donneur-638.example.fr;0150000638;;9 rue de la Paix;;69003;Lyon;FR;
DO-0639;company;;;Assureur David SCI;20000000000639;ops639@donneur-639.example.fr;0150000639;;10 avenue Victor Hugo;;13001;Marseille;FR;
DO-0640;individual;Marie;Dubois;;;marie.dubois.do640@example.fr;;0720000640;11 boulevard Haussmann;;33000;Bordeaux;FR;
DO-0641;company;;;Assureur Bernard SARL;20000000000641;ops641@donneur-641.example.fr;0150000641;;12 rue du Commerce;;31000;Toulouse;FR;
DO-0642;company;;;Assureur Dubois SA;20000000000642;ops642@donneur-642.example.fr;0150000642;;13 place de la République;;44000;Nantes;FR;
DO-0643;company;;;Assureur Thomas EURL;20000000000643;ops643@donneur-643.example.fr;0150000643;;14 chemin des Vignes;;59000;Lille;FR;
DO-0644;individual;Camille;Petit;;;camille.petit.do644@example.fr;;0720000644;15 impasse des Lilas;;67000;Strasbourg;FR;
DO-0645;company;;;Assureur Richard SAS;20000000000645;ops645@donneur-645.example.fr;0150000645;;16 allée des Tilleuls;;34000;Montpellier;FR;
DO-0646;company;;;Assureur Petit SARL;20000000000646;ops646@donneur-646.example.fr;0150000646;;17 rue Nationale;;06000;Nice;FR;
DO-0647;company;;;Assureur Durand SA;20000000000647;ops647@donneur-647.example.fr;0150000647;;18 cours Mirabeau;;35000;Rennes;FR;
DO-0648;individual;Claire;Simon;;;claire.simon.do648@example.fr;;0720000648;19 rue de la Paix;;51100;Reims;FR;
DO-0649;company;;;Assureur Moreau SCI;20000000000649;ops649@donneur-649.example.fr;0150000649;;20 avenue Victor Hugo;;21000;Dijon;FR;
DO-0650;company;;;Assureur Simon SAS;20000000000650;ops650@donneur-650.example.fr;0150000650;;21 boulevard Haussmann;;80000;Amiens;FR;
DO-0651;company;;;Assureur Laurent SARL;20000000000651;ops651@donneur-651.example.fr;0150000651;;22 rue du Commerce;;76000;Rouen;FR;
DO-0652;individual;Léa;Garcia;;;léa.garcia.do652@example.fr;;0720000652;23 place de la République;;14000;Caen;FR;
DO-0653;company;;;Assureur Michel EURL;20000000000653;ops653@donneur-653.example.fr;0150000653;;24 chemin des Vignes;;29200;Brest;FR;
DO-0654;company;;;Assureur Garcia SCI;20000000000654;ops654@donneur-654.example.fr;0150000654;;25 impasse des Lilas;;29800;Landerneau;FR;
DO-0655;company;;;Assureur David SAS;20000000000655;ops655@donneur-655.example.fr;0150000655;;26 allée des Tilleuls;;75001;Paris;FR;
DO-0656;individual;Marie;Dubois;;;marie.dubois.do656@example.fr;;0720000656;27 rue Nationale;;75002;Paris;FR;
DO-0657;company;;;Assureur Bernard SA;20000000000657;ops657@donneur-657.example.fr;0150000657;;28 cours Mirabeau;;69001;Lyon;FR;
DO-0658;company;;;Assureur Dubois EURL;20000000000658;ops658@donneur-658.example.fr;0150000658;;29 rue de la Paix;;69003;Lyon;FR;
DO-0659;company;;;Assureur Thomas SCI;20000000000659;ops659@donneur-659.example.fr;0150000659;;30 avenue Victor Hugo;;13001;Marseille;FR;
DO-0660;individual;Camille;Petit;;;camille.petit.do660@example.fr;;0720000660;31 boulevard Haussmann;;33000;Bordeaux;FR;
DO-0661;company;;;Assureur Richard SARL;20000000000661;ops661@donneur-661.example.fr;0150000661;;32 rue du Commerce;;31000;Toulouse;FR;
DO-0662;company;;;Assureur Petit SA;20000000000662;ops662@donneur-662.example.fr;0150000662;;33 place de la République;;44000;Nantes;FR;
DO-0663;company;;;Assureur Durand EURL;20000000000663;ops663@donneur-663.example.fr;0150000663;;34 chemin des Vignes;;59000;Lille;FR;
DO-0664;individual;Claire;Simon;;;claire.simon.do664@example.fr;;0720000664;35 impasse des Lilas;;67000;Strasbourg;FR;
DO-0665;company;;;Assureur Moreau SAS;20000000000665;ops665@donneur-665.example.fr;0150000665;;36 allée des Tilleuls;;34000;Montpellier;FR;
DO-0666;company;;;Assureur Simon SARL;20000000000666;ops666@donneur-666.example.fr;0150000666;;37 rue Nationale;;06000;Nice;FR;
DO-0667;company;;;Assureur Laurent SA;20000000000667;ops667@donneur-667.example.fr;0150000667;;38 cours Mirabeau;;35000;Rennes;FR;
DO-0668;individual;Léa;Garcia;;;léa.garcia.do668@example.fr;;0720000668;39 rue de la Paix;;51100;Reims;FR;
DO-0669;company;;;Assureur Michel SCI;20000000000669;ops669@donneur-669.example.fr;0150000669;;40 avenue Victor Hugo;;21000;Dijon;FR;
DO-0670;company;;;Assureur Garcia SAS;20000000000670;ops670@donneur-670.example.fr;0150000670;;41 boulevard Haussmann;;80000;Amiens;FR;
DO-0671;company;;;Assureur David SARL;20000000000671;ops671@donneur-671.example.fr;0150000671;;42 rue du Commerce;;76000;Rouen;FR;
DO-0672;individual;Marie;Dubois;;;marie.dubois.do672@example.fr;;0720000672;43 place de la République;;14000;Caen;FR;
DO-0673;company;;;Assureur Bernard EURL;20000000000673;ops673@donneur-673.example.fr;0150000673;;44 chemin des Vignes;;29200;Brest;FR;
DO-0674;company;;;Assureur Dubois SCI;20000000000674;ops674@donneur-674.example.fr;0150000674;;45 impasse des Lilas;;29800;Landerneau;FR;
DO-0675;company;;;Assureur Thomas SAS;20000000000675;ops675@donneur-675.example.fr;0150000675;;46 allée des Tilleuls;;75001;Paris;FR;
DO-0676;individual;Camille;Petit;;;camille.petit.do676@example.fr;;0720000676;47 rue Nationale;;75002;Paris;FR;
DO-0677;company;;;Assureur Richard SA;20000000000677;ops677@donneur-677.example.fr;0150000677;;48 cours Mirabeau;;69001;Lyon;FR;
DO-0678;company;;;Assureur Petit EURL;20000000000678;ops678@donneur-678.example.fr;0150000678;;49 rue de la Paix;;69003;Lyon;FR;
DO-0679;company;;;Assureur Durand SCI;20000000000679;ops679@donneur-679.example.fr;0150000679;;50 avenue Victor Hugo;;13001;Marseille;FR;
DO-0680;individual;Claire;Simon;;;claire.simon.do680@example.fr;;0720000680;51 boulevard Haussmann;;33000;Bordeaux;FR;
DO-0681;company;;;Assureur Moreau SARL;20000000000681;ops681@donneur-681.example.fr;0150000681;;52 rue du Commerce;;31000;Toulouse;FR;
DO-0682;company;;;Assureur Simon SA;20000000000682;ops682@donneur-682.example.fr;0150000682;;53 place de la République;;44000;Nantes;FR;
DO-0683;company;;;Assureur Laurent EURL;20000000000683;ops683@donneur-683.example.fr;0150000683;;54 chemin des Vignes;;59000;Lille;FR;
DO-0684;individual;Léa;Garcia;;;léa.garcia.do684@example.fr;;0720000684;55 impasse des Lilas;;67000;Strasbourg;FR;
DO-0685;company;;;Assureur Michel SAS;20000000000685;ops685@donneur-685.example.fr;0150000685;;56 allée des Tilleuls;;34000;Montpellier;FR;
DO-0686;company;;;Assureur Garcia SARL;20000000000686;ops686@donneur-686.example.fr;0150000686;;57 rue Nationale;;06000;Nice;FR;
DO-0687;company;;;Assureur David SA;20000000000687;ops687@donneur-687.example.fr;0150000687;;58 cours Mirabeau;;35000;Rennes;FR;
DO-0688;individual;Marie;Dubois;;;marie.dubois.do688@example.fr;;0720000688;59 rue de la Paix;;51100;Reims;FR;
DO-0689;company;;;Assureur Bernard SCI;20000000000689;ops689@donneur-689.example.fr;0150000689;;60 avenue Victor Hugo;;21000;Dijon;FR;
DO-0690;company;;;Assureur Dubois SAS;20000000000690;ops690@donneur-690.example.fr;0150000690;;61 boulevard Haussmann;;80000;Amiens;FR;
DO-0691;company;;;Assureur Thomas SARL;20000000000691;ops691@donneur-691.example.fr;0150000691;;62 rue du Commerce;;76000;Rouen;FR;
DO-0692;individual;Camille;Petit;;;camille.petit.do692@example.fr;;0720000692;63 place de la République;;14000;Caen;FR;
DO-0693;company;;;Assureur Richard EURL;20000000000693;ops693@donneur-693.example.fr;0150000693;;64 chemin des Vignes;;29200;Brest;FR;
DO-0694;company;;;Assureur Petit SCI;20000000000694;ops694@donneur-694.example.fr;0150000694;;65 impasse des Lilas;;29800;Landerneau;FR;
DO-0695;company;;;Assureur Durand SAS;20000000000695;ops695@donneur-695.example.fr;0150000695;;66 allée des Tilleuls;;75001;Paris;FR;
DO-0696;individual;Claire;Simon;;;claire.simon.do696@example.fr;;0720000696;67 rue Nationale;;75002;Paris;FR;
DO-0697;company;;;Assureur Moreau SA;20000000000697;ops697@donneur-697.example.fr;0150000697;;68 cours Mirabeau;;69001;Lyon;FR;
DO-0698;company;;;Assureur Simon EURL;20000000000698;ops698@donneur-698.example.fr;0150000698;;69 rue de la Paix;;69003;Lyon;FR;
DO-0699;company;;;Assureur Laurent SCI;20000000000699;ops699@donneur-699.example.fr;0150000699;;70 avenue Victor Hugo;;13001;Marseille;FR;
DO-0700;individual;Léa;Garcia;;;léa.garcia.do700@example.fr;;0720000700;71 boulevard Haussmann;;33000;Bordeaux;FR;
DO-0701;company;;;Assureur Michel SARL;20000000000701;ops701@donneur-701.example.fr;0150000701;;72 rue du Commerce;;31000;Toulouse;FR;
DO-0702;company;;;Assureur Garcia SA;20000000000702;ops702@donneur-702.example.fr;0150000702;;73 place de la République;;44000;Nantes;FR;
DO-0703;company;;;Assureur David EURL;20000000000703;ops703@donneur-703.example.fr;0150000703;;74 chemin des Vignes;;59000;Lille;FR;
DO-0704;individual;Marie;Dubois;;;marie.dubois.do704@example.fr;;0720000704;75 impasse des Lilas;;67000;Strasbourg;FR;
DO-0705;company;;;Assureur Bernard SAS;20000000000705;ops705@donneur-705.example.fr;0150000705;;76 allée des Tilleuls;;34000;Montpellier;FR;
DO-0706;company;;;Assureur Dubois SARL;20000000000706;ops706@donneur-706.example.fr;0150000706;;77 rue Nationale;;06000;Nice;FR;
DO-0707;company;;;Assureur Thomas SA;20000000000707;ops707@donneur-707.example.fr;0150000707;;78 cours Mirabeau;;35000;Rennes;FR;
DO-0708;individual;Camille;Petit;;;camille.petit.do708@example.fr;;0720000708;79 rue de la Paix;;51100;Reims;FR;
DO-0709;company;;;Assureur Richard SCI;20000000000709;ops709@donneur-709.example.fr;0150000709;;80 avenue Victor Hugo;;21000;Dijon;FR;
DO-0710;company;;;Assureur Petit SAS;20000000000710;ops710@donneur-710.example.fr;0150000710;;81 boulevard Haussmann;;80000;Amiens;FR;
DO-0711;company;;;Assureur Durand SARL;20000000000711;ops711@donneur-711.example.fr;0150000711;;82 rue du Commerce;;76000;Rouen;FR;
DO-0712;individual;Claire;Simon;;;claire.simon.do712@example.fr;;0720000712;83 place de la République;;14000;Caen;FR;
DO-0713;company;;;Assureur Moreau EURL;20000000000713;ops713@donneur-713.example.fr;0150000713;;84 chemin des Vignes;;29200;Brest;FR;
DO-0714;company;;;Assureur Simon SCI;20000000000714;ops714@donneur-714.example.fr;0150000714;;85 impasse des Lilas;;29800;Landerneau;FR;
DO-0715;company;;;Assureur Laurent SAS;20000000000715;ops715@donneur-715.example.fr;0150000715;;86 allée des Tilleuls;;75001;Paris;FR;
DO-0716;individual;Léa;Garcia;;;léa.garcia.do716@example.fr;;0720000716;87 rue Nationale;;75002;Paris;FR;
DO-0717;company;;;Assureur Michel SA;20000000000717;ops717@donneur-717.example.fr;0150000717;;88 cours Mirabeau;;69001;Lyon;FR;
DO-0718;company;;;Assureur Garcia EURL;20000000000718;ops718@donneur-718.example.fr;0150000718;;89 rue de la Paix;;69003;Lyon;FR;
DO-0719;company;;;Assureur David SCI;20000000000719;ops719@donneur-719.example.fr;0150000719;;90 avenue Victor Hugo;;13001;Marseille;FR;
DO-0720;individual;Marie;Dubois;;;marie.dubois.do720@example.fr;;0720000720;1 boulevard Haussmann;;33000;Bordeaux;FR;
DO-0721;company;;;Assureur Bernard SARL;20000000000721;ops721@donneur-721.example.fr;0150000721;;2 rue du Commerce;;31000;Toulouse;FR;
DO-0722;company;;;Assureur Dubois SA;20000000000722;ops722@donneur-722.example.fr;0150000722;;3 place de la République;;44000;Nantes;FR;
DO-0723;company;;;Assureur Thomas EURL;20000000000723;ops723@donneur-723.example.fr;0150000723;;4 chemin des Vignes;;59000;Lille;FR;
DO-0724;individual;Camille;Petit;;;camille.petit.do724@example.fr;;0720000724;5 impasse des Lilas;;67000;Strasbourg;FR;
DO-0725;company;;;Assureur Richard SAS;20000000000725;ops725@donneur-725.example.fr;0150000725;;6 allée des Tilleuls;;34000;Montpellier;FR;
DO-0726;company;;;Assureur Petit SARL;20000000000726;ops726@donneur-726.example.fr;0150000726;;7 rue Nationale;;06000;Nice;FR;
DO-0727;company;;;Assureur Durand SA;20000000000727;ops727@donneur-727.example.fr;0150000727;;8 cours Mirabeau;;35000;Rennes;FR;
DO-0728;individual;Claire;Simon;;;claire.simon.do728@example.fr;;0720000728;9 rue de la Paix;;51100;Reims;FR;
DO-0729;company;;;Assureur Moreau SCI;20000000000729;ops729@donneur-729.example.fr;0150000729;;10 avenue Victor Hugo;;21000;Dijon;FR;
DO-0730;company;;;Assureur Simon SAS;20000000000730;ops730@donneur-730.example.fr;0150000730;;11 boulevard Haussmann;;80000;Amiens;FR;
DO-0731;company;;;Assureur Laurent SARL;20000000000731;ops731@donneur-731.example.fr;0150000731;;12 rue du Commerce;;76000;Rouen;FR;
DO-0732;individual;Léa;Garcia;;;léa.garcia.do732@example.fr;;0720000732;13 place de la République;;14000;Caen;FR;
DO-0733;company;;;Assureur Michel EURL;20000000000733;ops733@donneur-733.example.fr;0150000733;;14 chemin des Vignes;;29200;Brest;FR;
DO-0734;company;;;Assureur Garcia SCI;20000000000734;ops734@donneur-734.example.fr;0150000734;;15 impasse des Lilas;;29800;Landerneau;FR;
DO-0735;company;;;Assureur David SAS;20000000000735;ops735@donneur-735.example.fr;0150000735;;16 allée des Tilleuls;;75001;Paris;FR;
DO-0736;individual;Marie;Dubois;;;marie.dubois.do736@example.fr;;0720000736;17 rue Nationale;;75002;Paris;FR;
DO-0737;company;;;Assureur Bernard SA;20000000000737;ops737@donneur-737.example.fr;0150000737;;18 cours Mirabeau;;69001;Lyon;FR;
DO-0738;company;;;Assureur Dubois EURL;20000000000738;ops738@donneur-738.example.fr;0150000738;;19 rue de la Paix;;69003;Lyon;FR;
DO-0739;company;;;Assureur Thomas SCI;20000000000739;ops739@donneur-739.example.fr;0150000739;;20 avenue Victor Hugo;;13001;Marseille;FR;
DO-0740;individual;Camille;Petit;;;camille.petit.do740@example.fr;;0720000740;21 boulevard Haussmann;;33000;Bordeaux;FR;
DO-0741;company;;;Assureur Richard SARL;20000000000741;ops741@donneur-741.example.fr;0150000741;;22 rue du Commerce;;31000;Toulouse;FR;
DO-0742;company;;;Assureur Petit SA;20000000000742;ops742@donneur-742.example.fr;0150000742;;23 place de la République;;44000;Nantes;FR;
DO-0743;company;;;Assureur Durand EURL;20000000000743;ops743@donneur-743.example.fr;0150000743;;24 chemin des Vignes;;59000;Lille;FR;
DO-0744;individual;Claire;Simon;;;claire.simon.do744@example.fr;;0720000744;25 impasse des Lilas;;67000;Strasbourg;FR;
DO-0745;company;;;Assureur Moreau SAS;20000000000745;ops745@donneur-745.example.fr;0150000745;;26 allée des Tilleuls;;34000;Montpellier;FR;
DO-0746;company;;;Assureur Simon SARL;20000000000746;ops746@donneur-746.example.fr;0150000746;;27 rue Nationale;;06000;Nice;FR;
DO-0747;company;;;Assureur Laurent SA;20000000000747;ops747@donneur-747.example.fr;0150000747;;28 cours Mirabeau;;35000;Rennes;FR;
DO-0748;individual;Léa;Garcia;;;léa.garcia.do748@example.fr;;0720000748;29 rue de la Paix;;51100;Reims;FR;
DO-0749;company;;;Assureur Michel SCI;20000000000749;ops749@donneur-749.example.fr;0150000749;;30 avenue Victor Hugo;;21000;Dijon;FR;
DO-0750;company;;;Assureur Garcia SAS;20000000000750;ops750@donneur-750.example.fr;0150000750;;31 boulevard Haussmann;;80000;Amiens;FR;
DO-0751;company;;;Assureur David SARL;20000000000751;ops751@donneur-751.example.fr;0150000751;;32 rue du Commerce;;76000;Rouen;FR;
DO-0752;individual;Marie;Dubois;;;marie.dubois.do752@example.fr;;0720000752;33 place de la République;;14000;Caen;FR;
DO-0753;company;;;Assureur Bernard EURL;20000000000753;ops753@donneur-753.example.fr;0150000753;;34 chemin des Vignes;;29200;Brest;FR;
DO-0754;company;;;Assureur Dubois SCI;20000000000754;ops754@donneur-754.example.fr;0150000754;;35 impasse des Lilas;;29800;Landerneau;FR;
DO-0755;company;;;Assureur Thomas SAS;20000000000755;ops755@donneur-755.example.fr;0150000755;;36 allée des Tilleuls;;75001;Paris;FR;
DO-0756;individual;Camille;Petit;;;camille.petit.do756@example.fr;;0720000756;37 rue Nationale;;75002;Paris;FR;
DO-0757;company;;;Assureur Richard SA;20000000000757;ops757@donneur-757.example.fr;0150000757;;38 cours Mirabeau;;69001;Lyon;FR;
DO-0758;company;;;Assureur Petit EURL;20000000000758;ops758@donneur-758.example.fr;0150000758;;39 rue de la Paix;;69003;Lyon;FR;
DO-0759;company;;;Assureur Durand SCI;20000000000759;ops759@donneur-759.example.fr;0150000759;;40 avenue Victor Hugo;;13001;Marseille;FR;
DO-0760;individual;Claire;Simon;;;claire.simon.do760@example.fr;;0720000760;41 boulevard Haussmann;;33000;Bordeaux;FR;
DO-0761;company;;;Assureur Moreau SARL;20000000000761;ops761@donneur-761.example.fr;0150000761;;42 rue du Commerce;;31000;Toulouse;FR;
DO-0762;company;;;Assureur Simon SA;20000000000762;ops762@donneur-762.example.fr;0150000762;;43 place de la République;;44000;Nantes;FR;
DO-0763;company;;;Assureur Laurent EURL;20000000000763;ops763@donneur-763.example.fr;0150000763;;44 chemin des Vignes;;59000;Lille;FR;
DO-0764;individual;Léa;Garcia;;;léa.garcia.do764@example.fr;;0720000764;45 impasse des Lilas;;67000;Strasbourg;FR;
DO-0765;company;;;Assureur Michel SAS;20000000000765;ops765@donneur-765.example.fr;0150000765;;46 allée des Tilleuls;;34000;Montpellier;FR;
DO-0766;company;;;Assureur Garcia SARL;20000000000766;ops766@donneur-766.example.fr;0150000766;;47 rue Nationale;;06000;Nice;FR;
DO-0767;company;;;Assureur David SA;20000000000767;ops767@donneur-767.example.fr;0150000767;;48 cours Mirabeau;;35000;Rennes;FR;
DO-0768;individual;Marie;Dubois;;;marie.dubois.do768@example.fr;;0720000768;49 rue de la Paix;;51100;Reims;FR;
DO-0769;company;;;Assureur Bernard SCI;20000000000769;ops769@donneur-769.example.fr;0150000769;;50 avenue Victor Hugo;;21000;Dijon;FR;
DO-0770;company;;;Assureur Dubois SAS;20000000000770;ops770@donneur-770.example.fr;0150000770;;51 boulevard Haussmann;;80000;Amiens;FR;
DO-0771;company;;;Assureur Thomas SARL;20000000000771;ops771@donneur-771.example.fr;0150000771;;52 rue du Commerce;;76000;Rouen;FR;
DO-0772;individual;Camille;Petit;;;camille.petit.do772@example.fr;;0720000772;53 place de la République;;14000;Caen;FR;
DO-0773;company;;;Assureur Richard EURL;20000000000773;ops773@donneur-773.example.fr;0150000773;;54 chemin des Vignes;;29200;Brest;FR;
DO-0774;company;;;Assureur Petit SCI;20000000000774;ops774@donneur-774.example.fr;0150000774;;55 impasse des Lilas;;29800;Landerneau;FR;
DO-0775;company;;;Assureur Durand SAS;20000000000775;ops775@donneur-775.example.fr;0150000775;;56 allée des Tilleuls;;75001;Paris;FR;
DO-0776;individual;Claire;Simon;;;claire.simon.do776@example.fr;;0720000776;57 rue Nationale;;75002;Paris;FR;
DO-0777;company;;;Assureur Moreau SA;20000000000777;ops777@donneur-777.example.fr;0150000777;;58 cours Mirabeau;;69001;Lyon;FR;
DO-0778;company;;;Assureur Simon EURL;20000000000778;ops778@donneur-778.example.fr;0150000778;;59 rue de la Paix;;69003;Lyon;FR;
DO-0779;company;;;Assureur Laurent SCI;20000000000779;ops779@donneur-779.example.fr;0150000779;;60 avenue Victor Hugo;;13001;Marseille;FR;
DO-0780;individual;Léa;Garcia;;;léa.garcia.do780@example.fr;;0720000780;61 boulevard Haussmann;;33000;Bordeaux;FR;
DO-0781;company;;;Assureur Michel SARL;20000000000781;ops781@donneur-781.example.fr;0150000781;;62 rue du Commerce;;31000;Toulouse;FR;
DO-0782;company;;;Assureur Garcia SA;20000000000782;ops782@donneur-782.example.fr;0150000782;;63 place de la République;;44000;Nantes;FR;
DO-0783;company;;;Assureur David EURL;20000000000783;ops783@donneur-783.example.fr;0150000783;;64 chemin des Vignes;;59000;Lille;FR;
DO-0784;individual;Marie;Dubois;;;marie.dubois.do784@example.fr;;0720000784;65 impasse des Lilas;;67000;Strasbourg;FR;
DO-0785;company;;;Assureur Bernard SAS;20000000000785;ops785@donneur-785.example.fr;0150000785;;66 allée des Tilleuls;;34000;Montpellier;FR;
DO-0786;company;;;Assureur Dubois SARL;20000000000786;ops786@donneur-786.example.fr;0150000786;;67 rue Nationale;;06000;Nice;FR;
DO-0787;company;;;Assureur Thomas SA;20000000000787;ops787@donneur-787.example.fr;0150000787;;68 cours Mirabeau;;35000;Rennes;FR;
DO-0788;individual;Camille;Petit;;;camille.petit.do788@example.fr;;0720000788;69 rue de la Paix;;51100;Reims;FR;
DO-0789;company;;;Assureur Richard SCI;20000000000789;ops789@donneur-789.example.fr;0150000789;;70 avenue Victor Hugo;;21000;Dijon;FR;
DO-0790;company;;;Assureur Petit SAS;20000000000790;ops790@donneur-790.example.fr;0150000790;;71 boulevard Haussmann;;80000;Amiens;FR;
DO-0791;company;;;Assureur Durand SARL;20000000000791;ops791@donneur-791.example.fr;0150000791;;72 rue du Commerce;;76000;Rouen;FR;
DO-0792;individual;Claire;Simon;;;claire.simon.do792@example.fr;;0720000792;73 place de la République;;14000;Caen;FR;
DO-0793;company;;;Assureur Moreau EURL;20000000000793;ops793@donneur-793.example.fr;0150000793;;74 chemin des Vignes;;29200;Brest;FR;
DO-0794;company;;;Assureur Simon SCI;20000000000794;ops794@donneur-794.example.fr;0150000794;;75 impasse des Lilas;;29800;Landerneau;FR;
DO-0795;company;;;Assureur Laurent SAS;20000000000795;ops795@donneur-795.example.fr;0150000795;;76 allée des Tilleuls;;75001;Paris;FR;
DO-0796;individual;Léa;Garcia;;;léa.garcia.do796@example.fr;;0720000796;77 rue Nationale;;75002;Paris;FR;
DO-0797;company;;;Assureur Michel SA;20000000000797;ops797@donneur-797.example.fr;0150000797;;78 cours Mirabeau;;69001;Lyon;FR;
DO-0798;company;;;Assureur Garcia EURL;20000000000798;ops798@donneur-798.example.fr;0150000798;;79 rue de la Paix;;69003;Lyon;FR;
DO-0799;company;;;Assureur David SCI;20000000000799;ops799@donneur-799.example.fr;0150000799;;80 avenue Victor Hugo;;13001;Marseille;FR;
DO-0800;individual;Marie;Dubois;;;marie.dubois.do800@example.fr;;0720000800;81 boulevard Haussmann;;33000;Bordeaux;FR;
DO-0801;company;;;Assureur Bernard SARL;20000000000801;ops801@donneur-801.example.fr;0150000801;;82 rue du Commerce;;31000;Toulouse;FR;
DO-0802;company;;;Assureur Dubois SA;20000000000802;ops802@donneur-802.example.fr;0150000802;;83 place de la République;;44000;Nantes;FR;
DO-0803;company;;;Assureur Thomas EURL;20000000000803;ops803@donneur-803.example.fr;0150000803;;84 chemin des Vignes;;59000;Lille;FR;
DO-0804;individual;Camille;Petit;;;camille.petit.do804@example.fr;;0720000804;85 impasse des Lilas;;67000;Strasbourg;FR;
DO-0805;company;;;Assureur Richard SAS;20000000000805;ops805@donneur-805.example.fr;0150000805;;86 allée des Tilleuls;;34000;Montpellier;FR;
DO-0806;company;;;Assureur Petit SARL;20000000000806;ops806@donneur-806.example.fr;0150000806;;87 rue Nationale;;06000;Nice;FR;
DO-0807;company;;;Assureur Durand SA;20000000000807;ops807@donneur-807.example.fr;0150000807;;88 cours Mirabeau;;35000;Rennes;FR;
DO-0808;individual;Claire;Simon;;;claire.simon.do808@example.fr;;0720000808;89 rue de la Paix;;51100;Reims;FR;
DO-0809;company;;;Assureur Moreau SCI;20000000000809;ops809@donneur-809.example.fr;0150000809;;90 avenue Victor Hugo;;21000;Dijon;FR;
DO-0810;company;;;Assureur Simon SAS;20000000000810;ops810@donneur-810.example.fr;0150000810;;1 boulevard Haussmann;;80000;Amiens;FR;
DO-0811;company;;;Assureur Laurent SARL;20000000000811;ops811@donneur-811.example.fr;0150000811;;2 rue du Commerce;;76000;Rouen;FR;
DO-0812;individual;Léa;Garcia;;;léa.garcia.do812@example.fr;;0720000812;3 place de la République;;14000;Caen;FR;
DO-0813;company;;;Assureur Michel EURL;20000000000813;ops813@donneur-813.example.fr;0150000813;;4 chemin des Vignes;;29200;Brest;FR;
DO-0814;company;;;Assureur Garcia SCI;20000000000814;ops814@donneur-814.example.fr;0150000814;;5 impasse des Lilas;;29800;Landerneau;FR;
DO-0815;company;;;Assureur David SAS;20000000000815;ops815@donneur-815.example.fr;0150000815;;6 allée des Tilleuls;;75001;Paris;FR;
DO-0816;individual;Marie;Dubois;;;marie.dubois.do816@example.fr;;0720000816;7 rue Nationale;;75002;Paris;FR;
DO-0817;company;;;Assureur Bernard SA;20000000000817;ops817@donneur-817.example.fr;0150000817;;8 cours Mirabeau;;69001;Lyon;FR;
DO-0818;company;;;Assureur Dubois EURL;20000000000818;ops818@donneur-818.example.fr;0150000818;;9 rue de la Paix;;69003;Lyon;FR;
DO-0819;company;;;Assureur Thomas SCI;20000000000819;ops819@donneur-819.example.fr;0150000819;;10 avenue Victor Hugo;;13001;Marseille;FR;
DO-0820;individual;Camille;Petit;;;camille.petit.do820@example.fr;;0720000820;11 boulevard Haussmann;;33000;Bordeaux;FR;
DO-0821;company;;;Assureur Richard SARL;20000000000821;ops821@donneur-821.example.fr;0150000821;;12 rue du Commerce;;31000;Toulouse;FR;
DO-0822;company;;;Assureur Petit SA;20000000000822;ops822@donneur-822.example.fr;0150000822;;13 place de la République;;44000;Nantes;FR;
DO-0823;company;;;Assureur Durand EURL;20000000000823;ops823@donneur-823.example.fr;0150000823;;14 chemin des Vignes;;59000;Lille;FR;
DO-0824;individual;Claire;Simon;;;claire.simon.do824@example.fr;;0720000824;15 impasse des Lilas;;67000;Strasbourg;FR;
DO-0825;company;;;Assureur Moreau SAS;20000000000825;ops825@donneur-825.example.fr;0150000825;;16 allée des Tilleuls;;34000;Montpellier;FR;
DO-0826;company;;;Assureur Simon SARL;20000000000826;ops826@donneur-826.example.fr;0150000826;;17 rue Nationale;;06000;Nice;FR;
DO-0827;company;;;Assureur Laurent SA;20000000000827;ops827@donneur-827.example.fr;0150000827;;18 cours Mirabeau;;35000;Rennes;FR;
DO-0828;individual;Léa;Garcia;;;léa.garcia.do828@example.fr;;0720000828;19 rue de la Paix;;51100;Reims;FR;
DO-0829;company;;;Assureur Michel SCI;20000000000829;ops829@donneur-829.example.fr;0150000829;;20 avenue Victor Hugo;;21000;Dijon;FR;
DO-0830;company;;;Assureur Garcia SAS;20000000000830;ops830@donneur-830.example.fr;0150000830;;21 boulevard Haussmann;;80000;Amiens;FR;
DO-0831;company;;;Assureur David SARL;20000000000831;ops831@donneur-831.example.fr;0150000831;;22 rue du Commerce;;76000;Rouen;FR;
DO-0832;individual;Marie;Dubois;;;marie.dubois.do832@example.fr;;0720000832;23 place de la République;;14000;Caen;FR;
DO-0833;company;;;Assureur Bernard EURL;20000000000833;ops833@donneur-833.example.fr;0150000833;;24 chemin des Vignes;;29200;Brest;FR;
DO-0834;company;;;Assureur Dubois SCI;20000000000834;ops834@donneur-834.example.fr;0150000834;;25 impasse des Lilas;;29800;Landerneau;FR;
DO-0835;company;;;Assureur Thomas SAS;20000000000835;ops835@donneur-835.example.fr;0150000835;;26 allée des Tilleuls;;75001;Paris;FR;
DO-0836;individual;Camille;Petit;;;camille.petit.do836@example.fr;;0720000836;27 rue Nationale;;75002;Paris;FR;
DO-0837;company;;;Assureur Richard SA;20000000000837;ops837@donneur-837.example.fr;0150000837;;28 cours Mirabeau;;69001;Lyon;FR;
DO-0838;company;;;Assureur Petit EURL;20000000000838;ops838@donneur-838.example.fr;0150000838;;29 rue de la Paix;;69003;Lyon;FR;
DO-0839;company;;;Assureur Durand SCI;20000000000839;ops839@donneur-839.example.fr;0150000839;;30 avenue Victor Hugo;;13001;Marseille;FR;
DO-0840;individual;Claire;Simon;;;claire.simon.do840@example.fr;;0720000840;31 boulevard Haussmann;;33000;Bordeaux;FR;
DO-0841;company;;;Assureur Moreau SARL;20000000000841;ops841@donneur-841.example.fr;0150000841;;32 rue du Commerce;;31000;Toulouse;FR;
DO-0842;company;;;Assureur Simon SA;20000000000842;ops842@donneur-842.example.fr;0150000842;;33 place de la République;;44000;Nantes;FR;
DO-0843;company;;;Assureur Laurent EURL;20000000000843;ops843@donneur-843.example.fr;0150000843;;34 chemin des Vignes;;59000;Lille;FR;
DO-0844;individual;Léa;Garcia;;;léa.garcia.do844@example.fr;;0720000844;35 impasse des Lilas;;67000;Strasbourg;FR;
DO-0845;company;;;Assureur Michel SAS;20000000000845;ops845@donneur-845.example.fr;0150000845;;36 allée des Tilleuls;;34000;Montpellier;FR;
DO-0846;company;;;Assureur Garcia SARL;20000000000846;ops846@donneur-846.example.fr;0150000846;;37 rue Nationale;;06000;Nice;FR;
DO-0847;company;;;Assureur David SA;20000000000847;ops847@donneur-847.example.fr;0150000847;;38 cours Mirabeau;;35000;Rennes;FR;
DO-0848;individual;Marie;Dubois;;;marie.dubois.do848@example.fr;;0720000848;39 rue de la Paix;;51100;Reims;FR;
DO-0849;company;;;Assureur Bernard SCI;20000000000849;ops849@donneur-849.example.fr;0150000849;;40 avenue Victor Hugo;;21000;Dijon;FR;
DO-0850;company;;;Assureur Dubois SAS;20000000000850;ops850@donneur-850.example.fr;0150000850;;41 boulevard Haussmann;;80000;Amiens;FR;
DO-0851;company;;;Assureur Thomas SARL;20000000000851;ops851@donneur-851.example.fr;0150000851;;42 rue du Commerce;;76000;Rouen;FR;
DO-0852;individual;Camille;Petit;;;camille.petit.do852@example.fr;;0720000852;43 place de la République;;14000;Caen;FR;
DO-0853;company;;;Assureur Richard EURL;20000000000853;ops853@donneur-853.example.fr;0150000853;;44 chemin des Vignes;;29200;Brest;FR;
DO-0854;company;;;Assureur Petit SCI;20000000000854;ops854@donneur-854.example.fr;0150000854;;45 impasse des Lilas;;29800;Landerneau;FR;
DO-0855;company;;;Assureur Durand SAS;20000000000855;ops855@donneur-855.example.fr;0150000855;;46 allée des Tilleuls;;75001;Paris;FR;
DO-0856;individual;Claire;Simon;;;claire.simon.do856@example.fr;;0720000856;47 rue Nationale;;75002;Paris;FR;
DO-0857;company;;;Assureur Moreau SA;20000000000857;ops857@donneur-857.example.fr;0150000857;;48 cours Mirabeau;;69001;Lyon;FR;
DO-0858;company;;;Assureur Simon EURL;20000000000858;ops858@donneur-858.example.fr;0150000858;;49 rue de la Paix;;69003;Lyon;FR;
DO-0859;company;;;Assureur Laurent SCI;20000000000859;ops859@donneur-859.example.fr;0150000859;;50 avenue Victor Hugo;;13001;Marseille;FR;
DO-0860;individual;Léa;Garcia;;;léa.garcia.do860@example.fr;;0720000860;51 boulevard Haussmann;;33000;Bordeaux;FR;
DO-0861;company;;;Assureur Michel SARL;20000000000861;ops861@donneur-861.example.fr;0150000861;;52 rue du Commerce;;31000;Toulouse;FR;
DO-0862;company;;;Assureur Garcia SA;20000000000862;ops862@donneur-862.example.fr;0150000862;;53 place de la République;;44000;Nantes;FR;
DO-0863;company;;;Assureur David EURL;20000000000863;ops863@donneur-863.example.fr;0150000863;;54 chemin des Vignes;;59000;Lille;FR;
DO-0864;individual;Marie;Dubois;;;marie.dubois.do864@example.fr;;0720000864;55 impasse des Lilas;;67000;Strasbourg;FR;
DO-0865;company;;;Assureur Bernard SAS;20000000000865;ops865@donneur-865.example.fr;0150000865;;56 allée des Tilleuls;;34000;Montpellier;FR;
DO-0866;company;;;Assureur Dubois SARL;20000000000866;ops866@donneur-866.example.fr;0150000866;;57 rue Nationale;;06000;Nice;FR;
DO-0867;company;;;Assureur Thomas SA;20000000000867;ops867@donneur-867.example.fr;0150000867;;58 cours Mirabeau;;35000;Rennes;FR;
DO-0868;individual;Camille;Petit;;;camille.petit.do868@example.fr;;0720000868;59 rue de la Paix;;51100;Reims;FR;
DO-0869;company;;;Assureur Richard SCI;20000000000869;ops869@donneur-869.example.fr;0150000869;;60 avenue Victor Hugo;;21000;Dijon;FR;
DO-0870;company;;;Assureur Petit SAS;20000000000870;ops870@donneur-870.example.fr;0150000870;;61 boulevard Haussmann;;80000;Amiens;FR;
DO-0871;company;;;Assureur Durand SARL;20000000000871;ops871@donneur-871.example.fr;0150000871;;62 rue du Commerce;;76000;Rouen;FR;
DO-0872;individual;Claire;Simon;;;claire.simon.do872@example.fr;;0720000872;63 place de la République;;14000;Caen;FR;
DO-0873;company;;;Assureur Moreau EURL;20000000000873;ops873@donneur-873.example.fr;0150000873;;64 chemin des Vignes;;29200;Brest;FR;
DO-0874;company;;;Assureur Simon SCI;20000000000874;ops874@donneur-874.example.fr;0150000874;;65 impasse des Lilas;;29800;Landerneau;FR;
DO-0875;company;;;Assureur Laurent SAS;20000000000875;ops875@donneur-875.example.fr;0150000875;;66 allée des Tilleuls;;75001;Paris;FR;
DO-0876;individual;Léa;Garcia;;;léa.garcia.do876@example.fr;;0720000876;67 rue Nationale;;75002;Paris;FR;
DO-0877;company;;;Assureur Michel SA;20000000000877;ops877@donneur-877.example.fr;0150000877;;68 cours Mirabeau;;69001;Lyon;FR;
DO-0878;company;;;Assureur Garcia EURL;20000000000878;ops878@donneur-878.example.fr;0150000878;;69 rue de la Paix;;69003;Lyon;FR;
DO-0879;company;;;Assureur David SCI;20000000000879;ops879@donneur-879.example.fr;0150000879;;70 avenue Victor Hugo;;13001;Marseille;FR;
DO-0880;individual;Marie;Dubois;;;marie.dubois.do880@example.fr;;0720000880;71 boulevard Haussmann;;33000;Bordeaux;FR;
DO-0881;company;;;Assureur Bernard SARL;20000000000881;ops881@donneur-881.example.fr;0150000881;;72 rue du Commerce;;31000;Toulouse;FR;
DO-0882;company;;;Assureur Dubois SA;20000000000882;ops882@donneur-882.example.fr;0150000882;;73 place de la République;;44000;Nantes;FR;
DO-0883;company;;;Assureur Thomas EURL;20000000000883;ops883@donneur-883.example.fr;0150000883;;74 chemin des Vignes;;59000;Lille;FR;
DO-0884;individual;Camille;Petit;;;camille.petit.do884@example.fr;;0720000884;75 impasse des Lilas;;67000;Strasbourg;FR;
DO-0885;company;;;Assureur Richard SAS;20000000000885;ops885@donneur-885.example.fr;0150000885;;76 allée des Tilleuls;;34000;Montpellier;FR;
DO-0886;company;;;Assureur Petit SARL;20000000000886;ops886@donneur-886.example.fr;0150000886;;77 rue Nationale;;06000;Nice;FR;
DO-0887;company;;;Assureur Durand SA;20000000000887;ops887@donneur-887.example.fr;0150000887;;78 cours Mirabeau;;35000;Rennes;FR;
DO-0888;individual;Claire;Simon;;;claire.simon.do888@example.fr;;0720000888;79 rue de la Paix;;51100;Reims;FR;
DO-0889;company;;;Assureur Moreau SCI;20000000000889;ops889@donneur-889.example.fr;0150000889;;80 avenue Victor Hugo;;21000;Dijon;FR;
DO-0890;company;;;Assureur Simon SAS;20000000000890;ops890@donneur-890.example.fr;0150000890;;81 boulevard Haussmann;;80000;Amiens;FR;
DO-0891;company;;;Assureur Laurent SARL;20000000000891;ops891@donneur-891.example.fr;0150000891;;82 rue du Commerce;;76000;Rouen;FR;
DO-0892;individual;Léa;Garcia;;;léa.garcia.do892@example.fr;;0720000892;83 place de la République;;14000;Caen;FR;
DO-0893;company;;;Assureur Michel EURL;20000000000893;ops893@donneur-893.example.fr;0150000893;;84 chemin des Vignes;;29200;Brest;FR;
DO-0894;company;;;Assureur Garcia SCI;20000000000894;ops894@donneur-894.example.fr;0150000894;;85 impasse des Lilas;;29800;Landerneau;FR;
DO-0895;company;;;Assureur David SAS;20000000000895;ops895@donneur-895.example.fr;0150000895;;86 allée des Tilleuls;;75001;Paris;FR;
DO-0896;individual;Marie;Dubois;;;marie.dubois.do896@example.fr;;0720000896;87 rue Nationale;;75002;Paris;FR;
DO-0897;company;;;Assureur Bernard SA;20000000000897;ops897@donneur-897.example.fr;0150000897;;88 cours Mirabeau;;69001;Lyon;FR;
DO-0898;company;;;Assureur Dubois EURL;20000000000898;ops898@donneur-898.example.fr;0150000898;;89 rue de la Paix;;69003;Lyon;FR;
DO-0899;company;;;Assureur Thomas SCI;20000000000899;ops899@donneur-899.example.fr;0150000899;;90 avenue Victor Hugo;;13001;Marseille;FR;
DO-0900;individual;Camille;Petit;;;camille.petit.do900@example.fr;;0720000900;1 boulevard Haussmann;;33000;Bordeaux;FR;
DO-0901;company;;;Assureur Richard SARL;20000000000901;ops901@donneur-901.example.fr;0150000901;;2 rue du Commerce;;31000;Toulouse;FR;
DO-0902;company;;;Assureur Petit SA;20000000000902;ops902@donneur-902.example.fr;0150000902;;3 place de la République;;44000;Nantes;FR;
DO-0903;company;;;Assureur Durand EURL;20000000000903;ops903@donneur-903.example.fr;0150000903;;4 chemin des Vignes;;59000;Lille;FR;
DO-0904;individual;Claire;Simon;;;claire.simon.do904@example.fr;;0720000904;5 impasse des Lilas;;67000;Strasbourg;FR;
DO-0905;company;;;Assureur Moreau SAS;20000000000905;ops905@donneur-905.example.fr;0150000905;;6 allée des Tilleuls;;34000;Montpellier;FR;
DO-0906;company;;;Assureur Simon SARL;20000000000906;ops906@donneur-906.example.fr;0150000906;;7 rue Nationale;;06000;Nice;FR;
DO-0907;company;;;Assureur Laurent SA;20000000000907;ops907@donneur-907.example.fr;0150000907;;8 cours Mirabeau;;35000;Rennes;FR;
DO-0908;individual;Léa;Garcia;;;léa.garcia.do908@example.fr;;0720000908;9 rue de la Paix;;51100;Reims;FR;
DO-0909;company;;;Assureur Michel SCI;20000000000909;ops909@donneur-909.example.fr;0150000909;;10 avenue Victor Hugo;;21000;Dijon;FR;
DO-0910;company;;;Assureur Garcia SAS;20000000000910;ops910@donneur-910.example.fr;0150000910;;11 boulevard Haussmann;;80000;Amiens;FR;
DO-0911;company;;;Assureur David SARL;20000000000911;ops911@donneur-911.example.fr;0150000911;;12 rue du Commerce;;76000;Rouen;FR;
DO-0912;individual;Marie;Dubois;;;marie.dubois.do912@example.fr;;0720000912;13 place de la République;;14000;Caen;FR;
DO-0913;company;;;Assureur Bernard EURL;20000000000913;ops913@donneur-913.example.fr;0150000913;;14 chemin des Vignes;;29200;Brest;FR;
DO-0914;company;;;Assureur Dubois SCI;20000000000914;ops914@donneur-914.example.fr;0150000914;;15 impasse des Lilas;;29800;Landerneau;FR;
DO-0915;company;;;Assureur Thomas SAS;20000000000915;ops915@donneur-915.example.fr;0150000915;;16 allée des Tilleuls;;75001;Paris;FR;
DO-0916;individual;Camille;Petit;;;camille.petit.do916@example.fr;;0720000916;17 rue Nationale;;75002;Paris;FR;
DO-0917;company;;;Assureur Richard SA;20000000000917;ops917@donneur-917.example.fr;0150000917;;18 cours Mirabeau;;69001;Lyon;FR;
DO-0918;company;;;Assureur Petit EURL;20000000000918;ops918@donneur-918.example.fr;0150000918;;19 rue de la Paix;;69003;Lyon;FR;
DO-0919;company;;;Assureur Durand SCI;20000000000919;ops919@donneur-919.example.fr;0150000919;;20 avenue Victor Hugo;;13001;Marseille;FR;
DO-0920;individual;Claire;Simon;;;claire.simon.do920@example.fr;;0720000920;21 boulevard Haussmann;;33000;Bordeaux;FR;
DO-0921;company;;;Assureur Moreau SARL;20000000000921;ops921@donneur-921.example.fr;0150000921;;22 rue du Commerce;;31000;Toulouse;FR;
DO-0922;company;;;Assureur Simon SA;20000000000922;ops922@donneur-922.example.fr;0150000922;;23 place de la République;;44000;Nantes;FR;
DO-0923;company;;;Assureur Laurent EURL;20000000000923;ops923@donneur-923.example.fr;0150000923;;24 chemin des Vignes;;59000;Lille;FR;
DO-0924;individual;Léa;Garcia;;;léa.garcia.do924@example.fr;;0720000924;25 impasse des Lilas;;67000;Strasbourg;FR;
DO-0925;company;;;Assureur Michel SAS;20000000000925;ops925@donneur-925.example.fr;0150000925;;26 allée des Tilleuls;;34000;Montpellier;FR;
DO-0926;company;;;Assureur Garcia SARL;20000000000926;ops926@donneur-926.example.fr;0150000926;;27 rue Nationale;;06000;Nice;FR;
DO-0927;company;;;Assureur David SA;20000000000927;ops927@donneur-927.example.fr;0150000927;;28 cours Mirabeau;;35000;Rennes;FR;
DO-0928;individual;Marie;Dubois;;;marie.dubois.do928@example.fr;;0720000928;29 rue de la Paix;;51100;Reims;FR;
DO-0929;company;;;Assureur Bernard SCI;20000000000929;ops929@donneur-929.example.fr;0150000929;;30 avenue Victor Hugo;;21000;Dijon;FR;
DO-0930;company;;;Assureur Dubois SAS;20000000000930;ops930@donneur-930.example.fr;0150000930;;31 boulevard Haussmann;;80000;Amiens;FR;
DO-0931;company;;;Assureur Thomas SARL;20000000000931;ops931@donneur-931.example.fr;0150000931;;32 rue du Commerce;;76000;Rouen;FR;
DO-0932;individual;Camille;Petit;;;camille.petit.do932@example.fr;;0720000932;33 place de la République;;14000;Caen;FR;
DO-0933;company;;;Assureur Richard EURL;20000000000933;ops933@donneur-933.example.fr;0150000933;;34 chemin des Vignes;;29200;Brest;FR;
DO-0934;company;;;Assureur Petit SCI;20000000000934;ops934@donneur-934.example.fr;0150000934;;35 impasse des Lilas;;29800;Landerneau;FR;
DO-0935;company;;;Assureur Durand SAS;20000000000935;ops935@donneur-935.example.fr;0150000935;;36 allée des Tilleuls;;75001;Paris;FR;
DO-0936;individual;Claire;Simon;;;claire.simon.do936@example.fr;;0720000936;37 rue Nationale;;75002;Paris;FR;
DO-0937;company;;;Assureur Moreau SA;20000000000937;ops937@donneur-937.example.fr;0150000937;;38 cours Mirabeau;;69001;Lyon;FR;
DO-0938;company;;;Assureur Simon EURL;20000000000938;ops938@donneur-938.example.fr;0150000938;;39 rue de la Paix;;69003;Lyon;FR;
DO-0939;company;;;Assureur Laurent SCI;20000000000939;ops939@donneur-939.example.fr;0150000939;;40 avenue Victor Hugo;;13001;Marseille;FR;
DO-0940;individual;Léa;Garcia;;;léa.garcia.do940@example.fr;;0720000940;41 boulevard Haussmann;;33000;Bordeaux;FR;
DO-0941;company;;;Assureur Michel SARL;20000000000941;ops941@donneur-941.example.fr;0150000941;;42 rue du Commerce;;31000;Toulouse;FR;
DO-0942;company;;;Assureur Garcia SA;20000000000942;ops942@donneur-942.example.fr;0150000942;;43 place de la République;;44000;Nantes;FR;
DO-0943;company;;;Assureur David EURL;20000000000943;ops943@donneur-943.example.fr;0150000943;;44 chemin des Vignes;;59000;Lille;FR;
DO-0944;individual;Marie;Dubois;;;marie.dubois.do944@example.fr;;0720000944;45 impasse des Lilas;;67000;Strasbourg;FR;
DO-0945;company;;;Assureur Bernard SAS;20000000000945;ops945@donneur-945.example.fr;0150000945;;46 allée des Tilleuls;;34000;Montpellier;FR;
DO-0946;company;;;Assureur Dubois SARL;20000000000946;ops946@donneur-946.example.fr;0150000946;;47 rue Nationale;;06000;Nice;FR;
DO-0947;company;;;Assureur Thomas SA;20000000000947;ops947@donneur-947.example.fr;0150000947;;48 cours Mirabeau;;35000;Rennes;FR;
DO-0948;individual;Camille;Petit;;;camille.petit.do948@example.fr;;0720000948;49 rue de la Paix;;51100;Reims;FR;
DO-0949;company;;;Assureur Richard SCI;20000000000949;ops949@donneur-949.example.fr;0150000949;;50 avenue Victor Hugo;;21000;Dijon;FR;
DO-0950;company;;;Assureur Petit SAS;20000000000950;ops950@donneur-950.example.fr;0150000950;;51 boulevard Haussmann;;80000;Amiens;FR;
DO-0951;company;;;Assureur Durand SARL;20000000000951;ops951@donneur-951.example.fr;0150000951;;52 rue du Commerce;;76000;Rouen;FR;
DO-0952;individual;Claire;Simon;;;claire.simon.do952@example.fr;;0720000952;53 place de la République;;14000;Caen;FR;
DO-0953;company;;;Assureur Moreau EURL;20000000000953;ops953@donneur-953.example.fr;0150000953;;54 chemin des Vignes;;29200;Brest;FR;
DO-0954;company;;;Assureur Simon SCI;20000000000954;ops954@donneur-954.example.fr;0150000954;;55 impasse des Lilas;;29800;Landerneau;FR;
DO-0955;company;;;Assureur Laurent SAS;20000000000955;ops955@donneur-955.example.fr;0150000955;;56 allée des Tilleuls;;75001;Paris;FR;
DO-0956;individual;Léa;Garcia;;;léa.garcia.do956@example.fr;;0720000956;57 rue Nationale;;75002;Paris;FR;
DO-0957;company;;;Assureur Michel SA;20000000000957;ops957@donneur-957.example.fr;0150000957;;58 cours Mirabeau;;69001;Lyon;FR;
DO-0958;company;;;Assureur Garcia EURL;20000000000958;ops958@donneur-958.example.fr;0150000958;;59 rue de la Paix;;69003;Lyon;FR;
DO-0959;company;;;Assureur David SCI;20000000000959;ops959@donneur-959.example.fr;0150000959;;60 avenue Victor Hugo;;13001;Marseille;FR;
DO-0960;individual;Marie;Dubois;;;marie.dubois.do960@example.fr;;0720000960;61 boulevard Haussmann;;33000;Bordeaux;FR;
DO-0961;company;;;Assureur Bernard SARL;20000000000961;ops961@donneur-961.example.fr;0150000961;;62 rue du Commerce;;31000;Toulouse;FR;
DO-0962;company;;;Assureur Dubois SA;20000000000962;ops962@donneur-962.example.fr;0150000962;;63 place de la République;;44000;Nantes;FR;
DO-0963;company;;;Assureur Thomas EURL;20000000000963;ops963@donneur-963.example.fr;0150000963;;64 chemin des Vignes;;59000;Lille;FR;
DO-0964;individual;Camille;Petit;;;camille.petit.do964@example.fr;;0720000964;65 impasse des Lilas;;67000;Strasbourg;FR;
DO-0965;company;;;Assureur Richard SAS;20000000000965;ops965@donneur-965.example.fr;0150000965;;66 allée des Tilleuls;;34000;Montpellier;FR;
DO-0966;company;;;Assureur Petit SARL;20000000000966;ops966@donneur-966.example.fr;0150000966;;67 rue Nationale;;06000;Nice;FR;
DO-0967;company;;;Assureur Durand SA;20000000000967;ops967@donneur-967.example.fr;0150000967;;68 cours Mirabeau;;35000;Rennes;FR;
DO-0968;individual;Claire;Simon;;;claire.simon.do968@example.fr;;0720000968;69 rue de la Paix;;51100;Reims;FR;
DO-0969;company;;;Assureur Moreau SCI;20000000000969;ops969@donneur-969.example.fr;0150000969;;70 avenue Victor Hugo;;21000;Dijon;FR;
DO-0970;company;;;Assureur Simon SAS;20000000000970;ops970@donneur-970.example.fr;0150000970;;71 boulevard Haussmann;;80000;Amiens;FR;
DO-0971;company;;;Assureur Laurent SARL;20000000000971;ops971@donneur-971.example.fr;0150000971;;72 rue du Commerce;;76000;Rouen;FR;
DO-0972;individual;Léa;Garcia;;;léa.garcia.do972@example.fr;;0720000972;73 place de la République;;14000;Caen;FR;
DO-0973;company;;;Assureur Michel EURL;20000000000973;ops973@donneur-973.example.fr;0150000973;;74 chemin des Vignes;;29200;Brest;FR;
DO-0974;company;;;Assureur Garcia SCI;20000000000974;ops974@donneur-974.example.fr;0150000974;;75 impasse des Lilas;;29800;Landerneau;FR;
DO-0975;company;;;Assureur David SAS;20000000000975;ops975@donneur-975.example.fr;0150000975;;76 allée des Tilleuls;;75001;Paris;FR;
DO-0976;individual;Marie;Dubois;;;marie.dubois.do976@example.fr;;0720000976;77 rue Nationale;;75002;Paris;FR;
DO-0977;company;;;Assureur Bernard SA;20000000000977;ops977@donneur-977.example.fr;0150000977;;78 cours Mirabeau;;69001;Lyon;FR;
DO-0978;company;;;Assureur Dubois EURL;20000000000978;ops978@donneur-978.example.fr;0150000978;;79 rue de la Paix;;69003;Lyon;FR;
DO-0979;company;;;Assureur Thomas SCI;20000000000979;ops979@donneur-979.example.fr;0150000979;;80 avenue Victor Hugo;;13001;Marseille;FR;
DO-0980;individual;Camille;Petit;;;camille.petit.do980@example.fr;;0720000980;81 boulevard Haussmann;;33000;Bordeaux;FR;
DO-0981;company;;;Assureur Richard SARL;20000000000981;ops981@donneur-981.example.fr;0150000981;;82 rue du Commerce;;31000;Toulouse;FR;
DO-0982;company;;;Assureur Petit SA;20000000000982;ops982@donneur-982.example.fr;0150000982;;83 place de la République;;44000;Nantes;FR;
DO-0983;company;;;Assureur Durand EURL;20000000000983;ops983@donneur-983.example.fr;0150000983;;84 chemin des Vignes;;59000;Lille;FR;
DO-0984;individual;Claire;Simon;;;claire.simon.do984@example.fr;;0720000984;85 impasse des Lilas;;67000;Strasbourg;FR;
DO-0985;company;;;Assureur Moreau SAS;20000000000985;ops985@donneur-985.example.fr;0150000985;;86 allée des Tilleuls;;34000;Montpellier;FR;
DO-0986;company;;;Assureur Simon SARL;20000000000986;ops986@donneur-986.example.fr;0150000986;;87 rue Nationale;;06000;Nice;FR;
DO-0987;company;;;Assureur Laurent SA;20000000000987;ops987@donneur-987.example.fr;0150000987;;88 cours Mirabeau;;35000;Rennes;FR;
DO-0988;individual;Léa;Garcia;;;léa.garcia.do988@example.fr;;0720000988;89 rue de la Paix;;51100;Reims;FR;
DO-0989;company;;;Assureur Michel SCI;20000000000989;ops989@donneur-989.example.fr;0150000989;;90 avenue Victor Hugo;;21000;Dijon;FR;
DO-0990;company;;;Assureur Garcia SAS;20000000000990;ops990@donneur-990.example.fr;0150000990;;1 boulevard Haussmann;;80000;Amiens;FR;
DO-0991;company;;;Assureur David SARL;20000000000991;ops991@donneur-991.example.fr;0150000991;;2 rue du Commerce;;76000;Rouen;FR;
DO-0992;individual;Marie;Dubois;;;marie.dubois.do992@example.fr;;0720000992;3 place de la République;;14000;Caen;FR;
DO-0993;company;;;Assureur Bernard EURL;20000000000993;ops993@donneur-993.example.fr;0150000993;;4 chemin des Vignes;;29200;Brest;FR;
DO-0994;company;;;Assureur Dubois SCI;20000000000994;ops994@donneur-994.example.fr;0150000994;;5 impasse des Lilas;;29800;Landerneau;FR;
DO-0995;company;;;Assureur Thomas SAS;20000000000995;ops995@donneur-995.example.fr;0150000995;;6 allée des Tilleuls;;75001;Paris;FR;
DO-0996;individual;Camille;Petit;;;camille.petit.do996@example.fr;;0720000996;7 rue Nationale;;75002;Paris;FR;
DO-0997;company;;;Assureur Richard SA;20000000000997;ops997@donneur-997.example.fr;0150000997;;8 cours Mirabeau;;69001;Lyon;FR;
DO-0998;company;;;Assureur Petit EURL;20000000000998;ops998@donneur-998.example.fr;0150000998;;9 rue de la Paix;;69003;Lyon;FR;
DO-0999;company;;;Assureur Durand SCI;20000000000999;ops999@donneur-999.example.fr;0150000999;;10 avenue Victor Hugo;;13001;Marseille;FR;
DO-1000;individual;Claire;Simon;;;claire.simon.do1000@example.fr;;0720001000;11 boulevard Haussmann;;33000;Bordeaux;FR;
