externalId;caseExternalId;title;description;status;scheduledStart;scheduledEnd;startedAt;completedAt;typeName;typeColor;assigneeEmail;teamName;notes
INT-0001;DOS-0001;Intervention 1;;in_progress;2025-02-02T09:00:00;2025-02-02T11:00:00;2025-02-02T09:15:00;;SAV;#ea580c;;;
INT-0002;DOS-0002;Intervention 2;;completed;2026-03-03T10:00:00;2026-03-03T12:00:00;2026-03-03T10:15:00;2026-03-03T11:45:00;Entretien;#16a34a;;;
INT-0003;DOS-0003;Intervention 3;;cancelled;2024-04-04T11:00:00;2024-04-04T13:00:00;;;Diagnostic;#7c3aed;;;
INT-0004;DOS-0004;Intervention 4;;planned;2025-05-05T12:00:00;2025-05-05T14:00:00;;;Pose;#2563eb;;;
INT-0005;DOS-0005;Intervention 5;Notes terrain 5;in_progress;2026-06-06T13:00:00;2026-06-06T15:00:00;2026-06-06T13:15:00;;SAV;#ea580c;;;
INT-0006;DOS-0006;Intervention 6;;completed;2024-07-07T14:00:00;2024-07-07T16:00:00;2024-07-07T14:15:00;2024-07-07T15:45:00;Entretien;#16a34a;;;
INT-0007;DOS-0007;Intervention 7;;cancelled;2025-08-08T15:00:00;2025-08-08T17:00:00;;;Diagnostic;#7c3aed;;;
INT-0008;DOS-0008;Intervention 8;;planned;2026-09-09T08:00:00;2026-09-09T10:00:00;;;Pose;#2563eb;;;Import historique
INT-0009;DOS-0009;Intervention 9;;in_progress;2024-10-10T09:00:00;2024-10-10T11:00:00;2024-10-10T09:15:00;;SAV;#ea580c;;;
INT-0010;DOS-0010;Intervention 10;Notes terrain 10;completed;2025-11-11T10:00:00;2025-11-11T12:00:00;2025-11-11T10:15:00;2025-11-11T11:45:00;Entretien;#16a34a;;;
INT-0011;DOS-0011;Intervention 11;;cancelled;2026-12-12T11:00:00;2026-12-12T13:00:00;;;Diagnostic;#7c3aed;;Équipe Nord;
INT-0012;DOS-0012;Intervention 12;;planned;2024-01-13T12:00:00;2024-01-13T14:00:00;;;Pose;#2563eb;;;
INT-0013;DOS-0013;Intervention 13;;in_progress;2025-02-14T13:00:00;2025-02-14T15:00:00;2025-02-14T13:15:00;;SAV;#ea580c;;;
INT-0014;DOS-0014;Intervention 14;;completed;2026-03-15T14:00:00;2026-03-15T16:00:00;2026-03-15T14:15:00;2026-03-15T15:45:00;Entretien;#16a34a;;;
INT-0015;DOS-0015;Intervention 15;Notes terrain 15;cancelled;2024-04-16T15:00:00;2024-04-16T17:00:00;;;Diagnostic;#7c3aed;;;
INT-0016;DOS-0016;Intervention 16;;planned;2025-05-17T08:00:00;2025-05-17T10:00:00;;;Pose;#2563eb;;;Import historique
INT-0017;DOS-0017;Intervention 17;;in_progress;2026-06-18T09:00:00;2026-06-18T11:00:00;2026-06-18T09:15:00;;SAV;#ea580c;;;
INT-0018;DOS-0018;Intervention 18;;completed;2024-07-19T10:00:00;2024-07-19T12:00:00;2024-07-19T10:15:00;2024-07-19T11:45:00;Entretien;#16a34a;;;
INT-0019;DOS-0019;Intervention 19;;cancelled;2025-08-20T11:00:00;2025-08-20T13:00:00;;;Diagnostic;#7c3aed;;;
INT-0020;DOS-0020;Intervention 20;Notes terrain 20;planned;2026-09-21T12:00:00;2026-09-21T14:00:00;;;Pose;#2563eb;;;
INT-0021;DOS-0021;Intervention 21;;in_progress;2024-10-22T13:00:00;2024-10-22T15:00:00;2024-10-22T13:15:00;;SAV;#ea580c;;;
INT-0022;DOS-0022;Intervention 22;;completed;2025-11-23T14:00:00;2025-11-23T16:00:00;2025-11-23T14:15:00;2025-11-23T15:45:00;Entretien;#16a34a;;Équipe Nord;
INT-0023;DOS-0023;Intervention 23;;cancelled;2026-12-24T15:00:00;2026-12-24T17:00:00;;;Diagnostic;#7c3aed;;;
INT-0024;DOS-0024;Intervention 24;;planned;2024-01-25T08:00:00;2024-01-25T10:00:00;;;Pose;#2563eb;;;Import historique
INT-0025;DOS-0025;Intervention 25;Notes terrain 25;in_progress;2025-02-26T09:00:00;2025-02-26T11:00:00;2025-02-26T09:15:00;;SAV;#ea580c;;;
INT-0026;DOS-0026;Intervention 26;;completed;2026-03-27T10:00:00;2026-03-27T12:00:00;2026-03-27T10:15:00;2026-03-27T11:45:00;Entretien;#16a34a;;;
INT-0027;DOS-0027;Intervention 27;;cancelled;2024-04-01T11:00:00;2024-04-01T13:00:00;;;Diagnostic;#7c3aed;;;
INT-0028;DOS-0028;Intervention 28;;planned;2025-05-02T12:00:00;2025-05-02T14:00:00;;;Pose;#2563eb;;;
INT-0029;DOS-0029;Intervention 29;;in_progress;2026-06-03T13:00:00;2026-06-03T15:00:00;2026-06-03T13:15:00;;SAV;#ea580c;;;
INT-0030;DOS-0030;Intervention 30;Notes terrain 30;completed;2024-07-04T14:00:00;2024-07-04T16:00:00;2024-07-04T14:15:00;2024-07-04T15:45:00;Entretien;#16a34a;;;
INT-0031;DOS-0031;Intervention 31;;cancelled;2025-08-05T15:00:00;2025-08-05T17:00:00;;;Diagnostic;#7c3aed;;;
INT-0032;DOS-0032;Intervention 32;;planned;2026-09-06T08:00:00;2026-09-06T10:00:00;;;Pose;#2563eb;;;Import historique
INT-0033;DOS-0033;Intervention 33;;in_progress;2024-10-07T09:00:00;2024-10-07T11:00:00;2024-10-07T09:15:00;;SAV;#ea580c;;Équipe Nord;
INT-0034;DOS-0034;Intervention 34;;completed;2025-11-08T10:00:00;2025-11-08T12:00:00;2025-11-08T10:15:00;2025-11-08T11:45:00;Entretien;#16a34a;;;
INT-0035;DOS-0035;Intervention 35;Notes terrain 35;cancelled;2026-12-09T11:00:00;2026-12-09T13:00:00;;;Diagnostic;#7c3aed;;;
INT-0036;DOS-0036;Intervention 36;;planned;2024-01-10T12:00:00;2024-01-10T14:00:00;;;Pose;#2563eb;;;
INT-0037;DOS-0037;Intervention 37;;in_progress;2025-02-11T13:00:00;2025-02-11T15:00:00;2025-02-11T13:15:00;;SAV;#ea580c;;;
INT-0038;DOS-0038;Intervention 38;;completed;2026-03-12T14:00:00;2026-03-12T16:00:00;2026-03-12T14:15:00;2026-03-12T15:45:00;Entretien;#16a34a;;;
INT-0039;DOS-0039;Intervention 39;;cancelled;2024-04-13T15:00:00;2024-04-13T17:00:00;;;Diagnostic;#7c3aed;;;
INT-0040;DOS-0040;Intervention 40;Notes terrain 40;planned;2025-05-14T08:00:00;2025-05-14T10:00:00;;;Pose;#2563eb;;;Import historique
INT-0041;DOS-0041;Intervention 41;;in_progress;2026-06-15T09:00:00;2026-06-15T11:00:00;2026-06-15T09:15:00;;SAV;#ea580c;;;
INT-0042;DOS-0042;Intervention 42;;completed;2024-07-16T10:00:00;2024-07-16T12:00:00;2024-07-16T10:15:00;2024-07-16T11:45:00;Entretien;#16a34a;;;
INT-0043;DOS-0043;Intervention 43;;cancelled;2025-08-17T11:00:00;2025-08-17T13:00:00;;;Diagnostic;#7c3aed;;;
INT-0044;DOS-0044;Intervention 44;;planned;2026-09-18T12:00:00;2026-09-18T14:00:00;;;Pose;#2563eb;;Équipe Nord;
INT-0045;DOS-0045;Intervention 45;Notes terrain 45;in_progress;2024-10-19T13:00:00;2024-10-19T15:00:00;2024-10-19T13:15:00;;SAV;#ea580c;;;
INT-0046;DOS-0046;Intervention 46;;completed;2025-11-20T14:00:00;2025-11-20T16:00:00;2025-11-20T14:15:00;2025-11-20T15:45:00;Entretien;#16a34a;;;
INT-0047;DOS-0047;Intervention 47;;cancelled;2026-12-21T15:00:00;2026-12-21T17:00:00;;;Diagnostic;#7c3aed;;;
INT-0048;DOS-0048;Intervention 48;;planned;2024-01-22T08:00:00;2024-01-22T10:00:00;;;Pose;#2563eb;;;Import historique
INT-0049;DOS-0049;Intervention 49;;in_progress;2025-02-23T09:00:00;2025-02-23T11:00:00;2025-02-23T09:15:00;;SAV;#ea580c;;;
INT-0050;DOS-0050;Intervention 50;Notes terrain 50;completed;2026-03-24T10:00:00;2026-03-24T12:00:00;2026-03-24T10:15:00;2026-03-24T11:45:00;Entretien;#16a34a;;;
INT-0051;DOS-0051;Intervention 51;;cancelled;2024-04-25T11:00:00;2024-04-25T13:00:00;;;Diagnostic;#7c3aed;;;
INT-0052;DOS-0052;Intervention 52;;planned;2025-05-26T12:00:00;2025-05-26T14:00:00;;;Pose;#2563eb;;;
INT-0053;DOS-0053;Intervention 53;;in_progress;2026-06-27T13:00:00;2026-06-27T15:00:00;2026-06-27T13:15:00;;SAV;#ea580c;;;
INT-0054;DOS-0054;Intervention 54;;completed;2024-07-01T14:00:00;2024-07-01T16:00:00;2024-07-01T14:15:00;2024-07-01T15:45:00;Entretien;#16a34a;;;
INT-0055;DOS-0055;Intervention 55;Notes terrain 55;cancelled;2025-08-02T15:00:00;2025-08-02T17:00:00;;;Diagnostic;#7c3aed;;Équipe Nord;
INT-0056;DOS-0056;Intervention 56;;planned;2026-09-03T08:00:00;2026-09-03T10:00:00;;;Pose;#2563eb;;;Import historique
INT-0057;DOS-0057;Intervention 57;;in_progress;2024-10-04T09:00:00;2024-10-04T11:00:00;2024-10-04T09:15:00;;SAV;#ea580c;;;
INT-0058;DOS-0058;Intervention 58;;completed;2025-11-05T10:00:00;2025-11-05T12:00:00;2025-11-05T10:15:00;2025-11-05T11:45:00;Entretien;#16a34a;;;
INT-0059;DOS-0059;Intervention 59;;cancelled;2026-12-06T11:00:00;2026-12-06T13:00:00;;;Diagnostic;#7c3aed;;;
INT-0060;DOS-0060;Intervention 60;Notes terrain 60;planned;2024-01-07T12:00:00;2024-01-07T14:00:00;;;Pose;#2563eb;;;
INT-0061;DOS-0061;Intervention 61;;in_progress;2025-02-08T13:00:00;2025-02-08T15:00:00;2025-02-08T13:15:00;;SAV;#ea580c;;;
INT-0062;DOS-0062;Intervention 62;;completed;2026-03-09T14:00:00;2026-03-09T16:00:00;2026-03-09T14:15:00;2026-03-09T15:45:00;Entretien;#16a34a;;;
INT-0063;DOS-0063;Intervention 63;;cancelled;2024-04-10T15:00:00;2024-04-10T17:00:00;;;Diagnostic;#7c3aed;;;
INT-0064;DOS-0064;Intervention 64;;planned;2025-05-11T08:00:00;2025-05-11T10:00:00;;;Pose;#2563eb;;;Import historique
INT-0065;DOS-0065;Intervention 65;Notes terrain 65;in_progress;2026-06-12T09:00:00;2026-06-12T11:00:00;2026-06-12T09:15:00;;SAV;#ea580c;;;
INT-0066;DOS-0066;Intervention 66;;completed;2024-07-13T10:00:00;2024-07-13T12:00:00;2024-07-13T10:15:00;2024-07-13T11:45:00;Entretien;#16a34a;;Équipe Nord;
INT-0067;DOS-0067;Intervention 67;;cancelled;2025-08-14T11:00:00;2025-08-14T13:00:00;;;Diagnostic;#7c3aed;;;
INT-0068;DOS-0068;Intervention 68;;planned;2026-09-15T12:00:00;2026-09-15T14:00:00;;;Pose;#2563eb;;;
INT-0069;DOS-0069;Intervention 69;;in_progress;2024-10-16T13:00:00;2024-10-16T15:00:00;2024-10-16T13:15:00;;SAV;#ea580c;;;
INT-0070;DOS-0070;Intervention 70;Notes terrain 70;completed;2025-11-17T14:00:00;2025-11-17T16:00:00;2025-11-17T14:15:00;2025-11-17T15:45:00;Entretien;#16a34a;;;
INT-0071;DOS-0071;Intervention 71;;cancelled;2026-12-18T15:00:00;2026-12-18T17:00:00;;;Diagnostic;#7c3aed;;;
INT-0072;DOS-0072;Intervention 72;;planned;2024-01-19T08:00:00;2024-01-19T10:00:00;;;Pose;#2563eb;;;Import historique
INT-0073;DOS-0073;Intervention 73;;in_progress;2025-02-20T09:00:00;2025-02-20T11:00:00;2025-02-20T09:15:00;;SAV;#ea580c;;;
INT-0074;DOS-0074;Intervention 74;;completed;2026-03-21T10:00:00;2026-03-21T12:00:00;2026-03-21T10:15:00;2026-03-21T11:45:00;Entretien;#16a34a;;;
INT-0075;DOS-0075;Intervention 75;Notes terrain 75;cancelled;2024-04-22T11:00:00;2024-04-22T13:00:00;;;Diagnostic;#7c3aed;;;
INT-0076;DOS-0076;Intervention 76;;planned;2025-05-23T12:00:00;2025-05-23T14:00:00;;;Pose;#2563eb;;;
INT-0077;DOS-0077;Intervention 77;;in_progress;2026-06-24T13:00:00;2026-06-24T15:00:00;2026-06-24T13:15:00;;SAV;#ea580c;;Équipe Nord;
INT-0078;DOS-0078;Intervention 78;;completed;2024-07-25T14:00:00;2024-07-25T16:00:00;2024-07-25T14:15:00;2024-07-25T15:45:00;Entretien;#16a34a;;;
INT-0079;DOS-0079;Intervention 79;;cancelled;2025-08-26T15:00:00;2025-08-26T17:00:00;;;Diagnostic;#7c3aed;;;
INT-0080;DOS-0080;Intervention 80;Notes terrain 80;planned;2026-09-27T08:00:00;2026-09-27T10:00:00;;;Pose;#2563eb;;;Import historique
INT-0081;DOS-0081;Intervention 81;;in_progress;2024-10-01T09:00:00;2024-10-01T11:00:00;2024-10-01T09:15:00;;SAV;#ea580c;;;
INT-0082;DOS-0082;Intervention 82;;completed;2025-11-02T10:00:00;2025-11-02T12:00:00;2025-11-02T10:15:00;2025-11-02T11:45:00;Entretien;#16a34a;;;
INT-0083;DOS-0083;Intervention 83;;cancelled;2026-12-03T11:00:00;2026-12-03T13:00:00;;;Diagnostic;#7c3aed;;;
INT-0084;DOS-0084;Intervention 84;;planned;2024-01-04T12:00:00;2024-01-04T14:00:00;;;Pose;#2563eb;;;
INT-0085;DOS-0085;Intervention 85;Notes terrain 85;in_progress;2025-02-05T13:00:00;2025-02-05T15:00:00;2025-02-05T13:15:00;;SAV;#ea580c;;;
INT-0086;DOS-0086;Intervention 86;;completed;2026-03-06T14:00:00;2026-03-06T16:00:00;2026-03-06T14:15:00;2026-03-06T15:45:00;Entretien;#16a34a;;;
INT-0087;DOS-0087;Intervention 87;;cancelled;2024-04-07T15:00:00;2024-04-07T17:00:00;;;Diagnostic;#7c3aed;;;
INT-0088;DOS-0088;Intervention 88;;planned;2025-05-08T08:00:00;2025-05-08T10:00:00;;;Pose;#2563eb;;Équipe Nord;Import historique
INT-0089;DOS-0089;Intervention 89;;in_progress;2026-06-09T09:00:00;2026-06-09T11:00:00;2026-06-09T09:15:00;;SAV;#ea580c;;;
INT-0090;DOS-0090;Intervention 90;Notes terrain 90;completed;2024-07-10T10:00:00;2024-07-10T12:00:00;2024-07-10T10:15:00;2024-07-10T11:45:00;Entretien;#16a34a;;;
INT-0091;DOS-0091;Intervention 91;;cancelled;2025-08-11T11:00:00;2025-08-11T13:00:00;;;Diagnostic;#7c3aed;;;
INT-0092;DOS-0092;Intervention 92;;planned;2026-09-12T12:00:00;2026-09-12T14:00:00;;;Pose;#2563eb;;;
INT-0093;DOS-0093;Intervention 93;;in_progress;2024-10-13T13:00:00;2024-10-13T15:00:00;2024-10-13T13:15:00;;SAV;#ea580c;;;
INT-0094;DOS-0094;Intervention 94;;completed;2025-11-14T14:00:00;2025-11-14T16:00:00;2025-11-14T14:15:00;2025-11-14T15:45:00;Entretien;#16a34a;;;
INT-0095;DOS-0095;Intervention 95;Notes terrain 95;cancelled;2026-12-15T15:00:00;2026-12-15T17:00:00;;;Diagnostic;#7c3aed;;;
INT-0096;DOS-0096;Intervention 96;;planned;2024-01-16T08:00:00;2024-01-16T10:00:00;;;Pose;#2563eb;;;Import historique
INT-0097;DOS-0097;Intervention 97;;in_progress;2025-02-17T09:00:00;2025-02-17T11:00:00;2025-02-17T09:15:00;;SAV;#ea580c;;;
INT-0098;DOS-0098;Intervention 98;;completed;2026-03-18T10:00:00;2026-03-18T12:00:00;2026-03-18T10:15:00;2026-03-18T11:45:00;Entretien;#16a34a;;;
INT-0099;DOS-0099;Intervention 99;;cancelled;2024-04-19T11:00:00;2024-04-19T13:00:00;;;Diagnostic;#7c3aed;;Équipe Nord;
INT-0100;DOS-0100;Intervention 100;Notes terrain 100;planned;2025-05-20T12:00:00;2025-05-20T14:00:00;;;Pose;#2563eb;;;
INT-0101;DOS-0101;Intervention 101;;in_progress;2026-06-21T13:00:00;2026-06-21T15:00:00;2026-06-21T13:15:00;;SAV;#ea580c;;;
INT-0102;DOS-0102;Intervention 102;;completed;2024-07-22T14:00:00;2024-07-22T16:00:00;2024-07-22T14:15:00;2024-07-22T15:45:00;Entretien;#16a34a;;;
INT-0103;DOS-0103;Intervention 103;;cancelled;2025-08-23T15:00:00;2025-08-23T17:00:00;;;Diagnostic;#7c3aed;;;
INT-0104;DOS-0104;Intervention 104;;planned;2026-09-24T08:00:00;2026-09-24T10:00:00;;;Pose;#2563eb;;;Import historique
INT-0105;DOS-0105;Intervention 105;Notes terrain 105;in_progress;2024-10-25T09:00:00;2024-10-25T11:00:00;2024-10-25T09:15:00;;SAV;#ea580c;;;
INT-0106;DOS-0106;Intervention 106;;completed;2025-11-26T10:00:00;2025-11-26T12:00:00;2025-11-26T10:15:00;2025-11-26T11:45:00;Entretien;#16a34a;;;
INT-0107;DOS-0107;Intervention 107;;cancelled;2026-12-27T11:00:00;2026-12-27T13:00:00;;;Diagnostic;#7c3aed;;;
INT-0108;DOS-0108;Intervention 108;;planned;2024-01-01T12:00:00;2024-01-01T14:00:00;;;Pose;#2563eb;;;
INT-0109;DOS-0109;Intervention 109;;in_progress;2025-02-02T13:00:00;2025-02-02T15:00:00;2025-02-02T13:15:00;;SAV;#ea580c;;;
INT-0110;DOS-0110;Intervention 110;Notes terrain 110;completed;2026-03-03T14:00:00;2026-03-03T16:00:00;2026-03-03T14:15:00;2026-03-03T15:45:00;Entretien;#16a34a;;Équipe Nord;
INT-0111;DOS-0111;Intervention 111;;cancelled;2024-04-04T15:00:00;2024-04-04T17:00:00;;;Diagnostic;#7c3aed;;;
INT-0112;DOS-0112;Intervention 112;;planned;2025-05-05T08:00:00;2025-05-05T10:00:00;;;Pose;#2563eb;;;Import historique
INT-0113;DOS-0113;Intervention 113;;in_progress;2026-06-06T09:00:00;2026-06-06T11:00:00;2026-06-06T09:15:00;;SAV;#ea580c;;;
INT-0114;DOS-0114;Intervention 114;;completed;2024-07-07T10:00:00;2024-07-07T12:00:00;2024-07-07T10:15:00;2024-07-07T11:45:00;Entretien;#16a34a;;;
INT-0115;DOS-0115;Intervention 115;Notes terrain 115;cancelled;2025-08-08T11:00:00;2025-08-08T13:00:00;;;Diagnostic;#7c3aed;;;
INT-0116;DOS-0116;Intervention 116;;planned;2026-09-09T12:00:00;2026-09-09T14:00:00;;;Pose;#2563eb;;;
INT-0117;DOS-0117;Intervention 117;;in_progress;2024-10-10T13:00:00;2024-10-10T15:00:00;2024-10-10T13:15:00;;SAV;#ea580c;;;
INT-0118;DOS-0118;Intervention 118;;completed;2025-11-11T14:00:00;2025-11-11T16:00:00;2025-11-11T14:15:00;2025-11-11T15:45:00;Entretien;#16a34a;;;
INT-0119;DOS-0119;Intervention 119;;cancelled;2026-12-12T15:00:00;2026-12-12T17:00:00;;;Diagnostic;#7c3aed;;;
INT-0120;DOS-0120;Intervention 120;Notes terrain 120;planned;2024-01-13T08:00:00;2024-01-13T10:00:00;;;Pose;#2563eb;;;Import historique
INT-0121;DOS-0121;Intervention 121;;in_progress;2025-02-14T09:00:00;2025-02-14T11:00:00;2025-02-14T09:15:00;;SAV;#ea580c;;Équipe Nord;
INT-0122;DOS-0122;Intervention 122;;completed;2026-03-15T10:00:00;2026-03-15T12:00:00;2026-03-15T10:15:00;2026-03-15T11:45:00;Entretien;#16a34a;;;
INT-0123;DOS-0123;Intervention 123;;cancelled;2024-04-16T11:00:00;2024-04-16T13:00:00;;;Diagnostic;#7c3aed;;;
INT-0124;DOS-0124;Intervention 124;;planned;2025-05-17T12:00:00;2025-05-17T14:00:00;;;Pose;#2563eb;;;
INT-0125;DOS-0125;Intervention 125;Notes terrain 125;in_progress;2026-06-18T13:00:00;2026-06-18T15:00:00;2026-06-18T13:15:00;;SAV;#ea580c;;;
INT-0126;DOS-0126;Intervention 126;;completed;2024-07-19T14:00:00;2024-07-19T16:00:00;2024-07-19T14:15:00;2024-07-19T15:45:00;Entretien;#16a34a;;;
INT-0127;DOS-0127;Intervention 127;;cancelled;2025-08-20T15:00:00;2025-08-20T17:00:00;;;Diagnostic;#7c3aed;;;
INT-0128;DOS-0128;Intervention 128;;planned;2026-09-21T08:00:00;2026-09-21T10:00:00;;;Pose;#2563eb;;;Import historique
INT-0129;DOS-0129;Intervention 129;;in_progress;2024-10-22T09:00:00;2024-10-22T11:00:00;2024-10-22T09:15:00;;SAV;#ea580c;;;
INT-0130;DOS-0130;Intervention 130;Notes terrain 130;completed;2025-11-23T10:00:00;2025-11-23T12:00:00;2025-11-23T10:15:00;2025-11-23T11:45:00;Entretien;#16a34a;;;
INT-0131;DOS-0131;Intervention 131;;cancelled;2026-12-24T11:00:00;2026-12-24T13:00:00;;;Diagnostic;#7c3aed;;;
INT-0132;DOS-0132;Intervention 132;;planned;2024-01-25T12:00:00;2024-01-25T14:00:00;;;Pose;#2563eb;;Équipe Nord;
INT-0133;DOS-0133;Intervention 133;;in_progress;2025-02-26T13:00:00;2025-02-26T15:00:00;2025-02-26T13:15:00;;SAV;#ea580c;;;
INT-0134;DOS-0134;Intervention 134;;completed;2026-03-27T14:00:00;2026-03-27T16:00:00;2026-03-27T14:15:00;2026-03-27T15:45:00;Entretien;#16a34a;;;
INT-0135;DOS-0135;Intervention 135;Notes terrain 135;cancelled;2024-04-01T15:00:00;2024-04-01T17:00:00;;;Diagnostic;#7c3aed;;;
INT-0136;DOS-0136;Intervention 136;;planned;2025-05-02T08:00:00;2025-05-02T10:00:00;;;Pose;#2563eb;;;Import historique
INT-0137;DOS-0137;Intervention 137;;in_progress;2026-06-03T09:00:00;2026-06-03T11:00:00;2026-06-03T09:15:00;;SAV;#ea580c;;;
INT-0138;DOS-0138;Intervention 138;;completed;2024-07-04T10:00:00;2024-07-04T12:00:00;2024-07-04T10:15:00;2024-07-04T11:45:00;Entretien;#16a34a;;;
INT-0139;DOS-0139;Intervention 139;;cancelled;2025-08-05T11:00:00;2025-08-05T13:00:00;;;Diagnostic;#7c3aed;;;
INT-0140;DOS-0140;Intervention 140;Notes terrain 140;planned;2026-09-06T12:00:00;2026-09-06T14:00:00;;;Pose;#2563eb;;;
INT-0141;DOS-0141;Intervention 141;;in_progress;2024-10-07T13:00:00;2024-10-07T15:00:00;2024-10-07T13:15:00;;SAV;#ea580c;;;
INT-0142;DOS-0142;Intervention 142;;completed;2025-11-08T14:00:00;2025-11-08T16:00:00;2025-11-08T14:15:00;2025-11-08T15:45:00;Entretien;#16a34a;;;
INT-0143;DOS-0143;Intervention 143;;cancelled;2026-12-09T15:00:00;2026-12-09T17:00:00;;;Diagnostic;#7c3aed;;Équipe Nord;
INT-0144;DOS-0144;Intervention 144;;planned;2024-01-10T08:00:00;2024-01-10T10:00:00;;;Pose;#2563eb;;;Import historique
INT-0145;DOS-0145;Intervention 145;Notes terrain 145;in_progress;2025-02-11T09:00:00;2025-02-11T11:00:00;2025-02-11T09:15:00;;SAV;#ea580c;;;
INT-0146;DOS-0146;Intervention 146;;completed;2026-03-12T10:00:00;2026-03-12T12:00:00;2026-03-12T10:15:00;2026-03-12T11:45:00;Entretien;#16a34a;;;
INT-0147;DOS-0147;Intervention 147;;cancelled;2024-04-13T11:00:00;2024-04-13T13:00:00;;;Diagnostic;#7c3aed;;;
INT-0148;DOS-0148;Intervention 148;;planned;2025-05-14T12:00:00;2025-05-14T14:00:00;;;Pose;#2563eb;;;
INT-0149;DOS-0149;Intervention 149;;in_progress;2026-06-15T13:00:00;2026-06-15T15:00:00;2026-06-15T13:15:00;;SAV;#ea580c;;;
INT-0150;DOS-0150;Intervention 150;Notes terrain 150;completed;2024-07-16T14:00:00;2024-07-16T16:00:00;2024-07-16T14:15:00;2024-07-16T15:45:00;Entretien;#16a34a;;;
INT-0151;DOS-0151;Intervention 151;;cancelled;2025-08-17T15:00:00;2025-08-17T17:00:00;;;Diagnostic;#7c3aed;;;
INT-0152;DOS-0152;Intervention 152;;planned;2026-09-18T08:00:00;2026-09-18T10:00:00;;;Pose;#2563eb;;;Import historique
INT-0153;DOS-0153;Intervention 153;;in_progress;2024-10-19T09:00:00;2024-10-19T11:00:00;2024-10-19T09:15:00;;SAV;#ea580c;;;
INT-0154;DOS-0154;Intervention 154;;completed;2025-11-20T10:00:00;2025-11-20T12:00:00;2025-11-20T10:15:00;2025-11-20T11:45:00;Entretien;#16a34a;;Équipe Nord;
INT-0155;DOS-0155;Intervention 155;Notes terrain 155;cancelled;2026-12-21T11:00:00;2026-12-21T13:00:00;;;Diagnostic;#7c3aed;;;
INT-0156;DOS-0156;Intervention 156;;planned;2024-01-22T12:00:00;2024-01-22T14:00:00;;;Pose;#2563eb;;;
INT-0157;DOS-0157;Intervention 157;;in_progress;2025-02-23T13:00:00;2025-02-23T15:00:00;2025-02-23T13:15:00;;SAV;#ea580c;;;
INT-0158;DOS-0158;Intervention 158;;completed;2026-03-24T14:00:00;2026-03-24T16:00:00;2026-03-24T14:15:00;2026-03-24T15:45:00;Entretien;#16a34a;;;
INT-0159;DOS-0159;Intervention 159;;cancelled;2024-04-25T15:00:00;2024-04-25T17:00:00;;;Diagnostic;#7c3aed;;;
INT-0160;DOS-0160;Intervention 160;Notes terrain 160;planned;2025-05-26T08:00:00;2025-05-26T10:00:00;;;Pose;#2563eb;;;Import historique
INT-0161;DOS-0161;Intervention 161;;in_progress;2026-06-27T09:00:00;2026-06-27T11:00:00;2026-06-27T09:15:00;;SAV;#ea580c;;;
INT-0162;DOS-0162;Intervention 162;;completed;2024-07-01T10:00:00;2024-07-01T12:00:00;2024-07-01T10:15:00;2024-07-01T11:45:00;Entretien;#16a34a;;;
INT-0163;DOS-0163;Intervention 163;;cancelled;2025-08-02T11:00:00;2025-08-02T13:00:00;;;Diagnostic;#7c3aed;;;
INT-0164;DOS-0164;Intervention 164;;planned;2026-09-03T12:00:00;2026-09-03T14:00:00;;;Pose;#2563eb;;;
INT-0165;DOS-0165;Intervention 165;Notes terrain 165;in_progress;2024-10-04T13:00:00;2024-10-04T15:00:00;2024-10-04T13:15:00;;SAV;#ea580c;;Équipe Nord;
INT-0166;DOS-0166;Intervention 166;;completed;2025-11-05T14:00:00;2025-11-05T16:00:00;2025-11-05T14:15:00;2025-11-05T15:45:00;Entretien;#16a34a;;;
INT-0167;DOS-0167;Intervention 167;;cancelled;2026-12-06T15:00:00;2026-12-06T17:00:00;;;Diagnostic;#7c3aed;;;
INT-0168;DOS-0168;Intervention 168;;planned;2024-01-07T08:00:00;2024-01-07T10:00:00;;;Pose;#2563eb;;;Import historique
INT-0169;DOS-0169;Intervention 169;;in_progress;2025-02-08T09:00:00;2025-02-08T11:00:00;2025-02-08T09:15:00;;SAV;#ea580c;;;
INT-0170;DOS-0170;Intervention 170;Notes terrain 170;completed;2026-03-09T10:00:00;2026-03-09T12:00:00;2026-03-09T10:15:00;2026-03-09T11:45:00;Entretien;#16a34a;;;
INT-0171;DOS-0171;Intervention 171;;cancelled;2024-04-10T11:00:00;2024-04-10T13:00:00;;;Diagnostic;#7c3aed;;;
INT-0172;DOS-0172;Intervention 172;;planned;2025-05-11T12:00:00;2025-05-11T14:00:00;;;Pose;#2563eb;;;
INT-0173;DOS-0173;Intervention 173;;in_progress;2026-06-12T13:00:00;2026-06-12T15:00:00;2026-06-12T13:15:00;;SAV;#ea580c;;;
INT-0174;DOS-0174;Intervention 174;;completed;2024-07-13T14:00:00;2024-07-13T16:00:00;2024-07-13T14:15:00;2024-07-13T15:45:00;Entretien;#16a34a;;;
INT-0175;DOS-0175;Intervention 175;Notes terrain 175;cancelled;2025-08-14T15:00:00;2025-08-14T17:00:00;;;Diagnostic;#7c3aed;;;
INT-0176;DOS-0176;Intervention 176;;planned;2026-09-15T08:00:00;2026-09-15T10:00:00;;;Pose;#2563eb;;Équipe Nord;Import historique
INT-0177;DOS-0177;Intervention 177;;in_progress;2024-10-16T09:00:00;2024-10-16T11:00:00;2024-10-16T09:15:00;;SAV;#ea580c;;;
INT-0178;DOS-0178;Intervention 178;;completed;2025-11-17T10:00:00;2025-11-17T12:00:00;2025-11-17T10:15:00;2025-11-17T11:45:00;Entretien;#16a34a;;;
INT-0179;DOS-0179;Intervention 179;;cancelled;2026-12-18T11:00:00;2026-12-18T13:00:00;;;Diagnostic;#7c3aed;;;
INT-0180;DOS-0180;Intervention 180;Notes terrain 180;planned;2024-01-19T12:00:00;2024-01-19T14:00:00;;;Pose;#2563eb;;;
INT-0181;DOS-0181;Intervention 181;;in_progress;2025-02-20T13:00:00;2025-02-20T15:00:00;2025-02-20T13:15:00;;SAV;#ea580c;;;
INT-0182;DOS-0182;Intervention 182;;completed;2026-03-21T14:00:00;2026-03-21T16:00:00;2026-03-21T14:15:00;2026-03-21T15:45:00;Entretien;#16a34a;;;
INT-0183;DOS-0183;Intervention 183;;cancelled;2024-04-22T15:00:00;2024-04-22T17:00:00;;;Diagnostic;#7c3aed;;;
INT-0184;DOS-0184;Intervention 184;;planned;2025-05-23T08:00:00;2025-05-23T10:00:00;;;Pose;#2563eb;;;Import historique
INT-0185;DOS-0185;Intervention 185;Notes terrain 185;in_progress;2026-06-24T09:00:00;2026-06-24T11:00:00;2026-06-24T09:15:00;;SAV;#ea580c;;;
INT-0186;DOS-0186;Intervention 186;;completed;2024-07-25T10:00:00;2024-07-25T12:00:00;2024-07-25T10:15:00;2024-07-25T11:45:00;Entretien;#16a34a;;;
INT-0187;DOS-0187;Intervention 187;;cancelled;2025-08-26T11:00:00;2025-08-26T13:00:00;;;Diagnostic;#7c3aed;;Équipe Nord;
INT-0188;DOS-0188;Intervention 188;;planned;2026-09-27T12:00:00;2026-09-27T14:00:00;;;Pose;#2563eb;;;
INT-0189;DOS-0189;Intervention 189;;in_progress;2024-10-01T13:00:00;2024-10-01T15:00:00;2024-10-01T13:15:00;;SAV;#ea580c;;;
INT-0190;DOS-0190;Intervention 190;Notes terrain 190;completed;2025-11-02T14:00:00;2025-11-02T16:00:00;2025-11-02T14:15:00;2025-11-02T15:45:00;Entretien;#16a34a;;;
INT-0191;DOS-0191;Intervention 191;;cancelled;2026-12-03T15:00:00;2026-12-03T17:00:00;;;Diagnostic;#7c3aed;;;
INT-0192;DOS-0192;Intervention 192;;planned;2024-01-04T08:00:00;2024-01-04T10:00:00;;;Pose;#2563eb;;;Import historique
INT-0193;DOS-0193;Intervention 193;;in_progress;2025-02-05T09:00:00;2025-02-05T11:00:00;2025-02-05T09:15:00;;SAV;#ea580c;;;
INT-0194;DOS-0194;Intervention 194;;completed;2026-03-06T10:00:00;2026-03-06T12:00:00;2026-03-06T10:15:00;2026-03-06T11:45:00;Entretien;#16a34a;;;
INT-0195;DOS-0195;Intervention 195;Notes terrain 195;cancelled;2024-04-07T11:00:00;2024-04-07T13:00:00;;;Diagnostic;#7c3aed;;;
INT-0196;DOS-0196;Intervention 196;;planned;2025-05-08T12:00:00;2025-05-08T14:00:00;;;Pose;#2563eb;;;
INT-0197;DOS-0197;Intervention 197;;in_progress;2026-06-09T13:00:00;2026-06-09T15:00:00;2026-06-09T13:15:00;;SAV;#ea580c;;;
INT-0198;DOS-0198;Intervention 198;;completed;2024-07-10T14:00:00;2024-07-10T16:00:00;2024-07-10T14:15:00;2024-07-10T15:45:00;Entretien;#16a34a;;Équipe Nord;
INT-0199;DOS-0199;Intervention 199;;cancelled;2025-08-11T15:00:00;2025-08-11T17:00:00;;;Diagnostic;#7c3aed;;;
INT-0200;DOS-0200;Intervention 200;Notes terrain 200;planned;2026-09-12T08:00:00;2026-09-12T10:00:00;;;Pose;#2563eb;;;Import historique
INT-0201;DOS-0201;Intervention 201;;in_progress;2024-10-13T09:00:00;2024-10-13T11:00:00;2024-10-13T09:15:00;;SAV;#ea580c;;;
INT-0202;DOS-0202;Intervention 202;;completed;2025-11-14T10:00:00;2025-11-14T12:00:00;2025-11-14T10:15:00;2025-11-14T11:45:00;Entretien;#16a34a;;;
INT-0203;DOS-0203;Intervention 203;;cancelled;2026-12-15T11:00:00;2026-12-15T13:00:00;;;Diagnostic;#7c3aed;;;
INT-0204;DOS-0204;Intervention 204;;planned;2024-01-16T12:00:00;2024-01-16T14:00:00;;;Pose;#2563eb;;;
INT-0205;DOS-0205;Intervention 205;Notes terrain 205;in_progress;2025-02-17T13:00:00;2025-02-17T15:00:00;2025-02-17T13:15:00;;SAV;#ea580c;;;
INT-0206;DOS-0206;Intervention 206;;completed;2026-03-18T14:00:00;2026-03-18T16:00:00;2026-03-18T14:15:00;2026-03-18T15:45:00;Entretien;#16a34a;;;
INT-0207;DOS-0207;Intervention 207;;cancelled;2024-04-19T15:00:00;2024-04-19T17:00:00;;;Diagnostic;#7c3aed;;;
INT-0208;DOS-0208;Intervention 208;;planned;2025-05-20T08:00:00;2025-05-20T10:00:00;;;Pose;#2563eb;;;Import historique
INT-0209;DOS-0209;Intervention 209;;in_progress;2026-06-21T09:00:00;2026-06-21T11:00:00;2026-06-21T09:15:00;;SAV;#ea580c;;Équipe Nord;
INT-0210;DOS-0210;Intervention 210;Notes terrain 210;completed;2024-07-22T10:00:00;2024-07-22T12:00:00;2024-07-22T10:15:00;2024-07-22T11:45:00;Entretien;#16a34a;;;
INT-0211;DOS-0211;Intervention 211;;cancelled;2025-08-23T11:00:00;2025-08-23T13:00:00;;;Diagnostic;#7c3aed;;;
INT-0212;DOS-0212;Intervention 212;;planned;2026-09-24T12:00:00;2026-09-24T14:00:00;;;Pose;#2563eb;;;
INT-0213;DOS-0213;Intervention 213;;in_progress;2024-10-25T13:00:00;2024-10-25T15:00:00;2024-10-25T13:15:00;;SAV;#ea580c;;;
INT-0214;DOS-0214;Intervention 214;;completed;2025-11-26T14:00:00;2025-11-26T16:00:00;2025-11-26T14:15:00;2025-11-26T15:45:00;Entretien;#16a34a;;;
INT-0215;DOS-0215;Intervention 215;Notes terrain 215;cancelled;2026-12-27T15:00:00;2026-12-27T17:00:00;;;Diagnostic;#7c3aed;;;
INT-0216;DOS-0216;Intervention 216;;planned;2024-01-01T08:00:00;2024-01-01T10:00:00;;;Pose;#2563eb;;;Import historique
INT-0217;DOS-0217;Intervention 217;;in_progress;2025-02-02T09:00:00;2025-02-02T11:00:00;2025-02-02T09:15:00;;SAV;#ea580c;;;
INT-0218;DOS-0218;Intervention 218;;completed;2026-03-03T10:00:00;2026-03-03T12:00:00;2026-03-03T10:15:00;2026-03-03T11:45:00;Entretien;#16a34a;;;
INT-0219;DOS-0219;Intervention 219;;cancelled;2024-04-04T11:00:00;2024-04-04T13:00:00;;;Diagnostic;#7c3aed;;;
INT-0220;DOS-0220;Intervention 220;Notes terrain 220;planned;2025-05-05T12:00:00;2025-05-05T14:00:00;;;Pose;#2563eb;;Équipe Nord;
INT-0221;DOS-0221;Intervention 221;;in_progress;2026-06-06T13:00:00;2026-06-06T15:00:00;2026-06-06T13:15:00;;SAV;#ea580c;;;
INT-0222;DOS-0222;Intervention 222;;completed;2024-07-07T14:00:00;2024-07-07T16:00:00;2024-07-07T14:15:00;2024-07-07T15:45:00;Entretien;#16a34a;;;
INT-0223;DOS-0223;Intervention 223;;cancelled;2025-08-08T15:00:00;2025-08-08T17:00:00;;;Diagnostic;#7c3aed;;;
INT-0224;DOS-0224;Intervention 224;;planned;2026-09-09T08:00:00;2026-09-09T10:00:00;;;Pose;#2563eb;;;Import historique
INT-0225;DOS-0225;Intervention 225;Notes terrain 225;in_progress;2024-10-10T09:00:00;2024-10-10T11:00:00;2024-10-10T09:15:00;;SAV;#ea580c;;;
INT-0226;DOS-0226;Intervention 226;;completed;2025-11-11T10:00:00;2025-11-11T12:00:00;2025-11-11T10:15:00;2025-11-11T11:45:00;Entretien;#16a34a;;;
INT-0227;DOS-0227;Intervention 227;;cancelled;2026-12-12T11:00:00;2026-12-12T13:00:00;;;Diagnostic;#7c3aed;;;
INT-0228;DOS-0228;Intervention 228;;planned;2024-01-13T12:00:00;2024-01-13T14:00:00;;;Pose;#2563eb;;;
INT-0229;DOS-0229;Intervention 229;;in_progress;2025-02-14T13:00:00;2025-02-14T15:00:00;2025-02-14T13:15:00;;SAV;#ea580c;;;
INT-0230;DOS-0230;Intervention 230;Notes terrain 230;completed;2026-03-15T14:00:00;2026-03-15T16:00:00;2026-03-15T14:15:00;2026-03-15T15:45:00;Entretien;#16a34a;;;
INT-0231;DOS-0231;Intervention 231;;cancelled;2024-04-16T15:00:00;2024-04-16T17:00:00;;;Diagnostic;#7c3aed;;Équipe Nord;
INT-0232;DOS-0232;Intervention 232;;planned;2025-05-17T08:00:00;2025-05-17T10:00:00;;;Pose;#2563eb;;;Import historique
INT-0233;DOS-0233;Intervention 233;;in_progress;2026-06-18T09:00:00;2026-06-18T11:00:00;2026-06-18T09:15:00;;SAV;#ea580c;;;
INT-0234;DOS-0234;Intervention 234;;completed;2024-07-19T10:00:00;2024-07-19T12:00:00;2024-07-19T10:15:00;2024-07-19T11:45:00;Entretien;#16a34a;;;
INT-0235;DOS-0235;Intervention 235;Notes terrain 235;cancelled;2025-08-20T11:00:00;2025-08-20T13:00:00;;;Diagnostic;#7c3aed;;;
INT-0236;DOS-0236;Intervention 236;;planned;2026-09-21T12:00:00;2026-09-21T14:00:00;;;Pose;#2563eb;;;
INT-0237;DOS-0237;Intervention 237;;in_progress;2024-10-22T13:00:00;2024-10-22T15:00:00;2024-10-22T13:15:00;;SAV;#ea580c;;;
INT-0238;DOS-0238;Intervention 238;;completed;2025-11-23T14:00:00;2025-11-23T16:00:00;2025-11-23T14:15:00;2025-11-23T15:45:00;Entretien;#16a34a;;;
INT-0239;DOS-0239;Intervention 239;;cancelled;2026-12-24T15:00:00;2026-12-24T17:00:00;;;Diagnostic;#7c3aed;;;
INT-0240;DOS-0240;Intervention 240;Notes terrain 240;planned;2024-01-25T08:00:00;2024-01-25T10:00:00;;;Pose;#2563eb;;;Import historique
INT-0241;DOS-0241;Intervention 241;;in_progress;2025-02-26T09:00:00;2025-02-26T11:00:00;2025-02-26T09:15:00;;SAV;#ea580c;;;
INT-0242;DOS-0242;Intervention 242;;completed;2026-03-27T10:00:00;2026-03-27T12:00:00;2026-03-27T10:15:00;2026-03-27T11:45:00;Entretien;#16a34a;;Équipe Nord;
INT-0243;DOS-0243;Intervention 243;;cancelled;2024-04-01T11:00:00;2024-04-01T13:00:00;;;Diagnostic;#7c3aed;;;
INT-0244;DOS-0244;Intervention 244;;planned;2025-05-02T12:00:00;2025-05-02T14:00:00;;;Pose;#2563eb;;;
INT-0245;DOS-0245;Intervention 245;Notes terrain 245;in_progress;2026-06-03T13:00:00;2026-06-03T15:00:00;2026-06-03T13:15:00;;SAV;#ea580c;;;
INT-0246;DOS-0246;Intervention 246;;completed;2024-07-04T14:00:00;2024-07-04T16:00:00;2024-07-04T14:15:00;2024-07-04T15:45:00;Entretien;#16a34a;;;
INT-0247;DOS-0247;Intervention 247;;cancelled;2025-08-05T15:00:00;2025-08-05T17:00:00;;;Diagnostic;#7c3aed;;;
INT-0248;DOS-0248;Intervention 248;;planned;2026-09-06T08:00:00;2026-09-06T10:00:00;;;Pose;#2563eb;;;Import historique
INT-0249;DOS-0249;Intervention 249;;in_progress;2024-10-07T09:00:00;2024-10-07T11:00:00;2024-10-07T09:15:00;;SAV;#ea580c;;;
INT-0250;DOS-0250;Intervention 250;Notes terrain 250;completed;2025-11-08T10:00:00;2025-11-08T12:00:00;2025-11-08T10:15:00;2025-11-08T11:45:00;Entretien;#16a34a;;;
INT-0251;DOS-0251;Intervention 251;;cancelled;2026-12-09T11:00:00;2026-12-09T13:00:00;;;Diagnostic;#7c3aed;;;
INT-0252;DOS-0252;Intervention 252;;planned;2024-01-10T12:00:00;2024-01-10T14:00:00;;;Pose;#2563eb;;;
INT-0253;DOS-0253;Intervention 253;;in_progress;2025-02-11T13:00:00;2025-02-11T15:00:00;2025-02-11T13:15:00;;SAV;#ea580c;;Équipe Nord;
INT-0254;DOS-0254;Intervention 254;;completed;2026-03-12T14:00:00;2026-03-12T16:00:00;2026-03-12T14:15:00;2026-03-12T15:45:00;Entretien;#16a34a;;;
INT-0255;DOS-0255;Intervention 255;Notes terrain 255;cancelled;2024-04-13T15:00:00;2024-04-13T17:00:00;;;Diagnostic;#7c3aed;;;
INT-0256;DOS-0256;Intervention 256;;planned;2025-05-14T08:00:00;2025-05-14T10:00:00;;;Pose;#2563eb;;;Import historique
INT-0257;DOS-0257;Intervention 257;;in_progress;2026-06-15T09:00:00;2026-06-15T11:00:00;2026-06-15T09:15:00;;SAV;#ea580c;;;
INT-0258;DOS-0258;Intervention 258;;completed;2024-07-16T10:00:00;2024-07-16T12:00:00;2024-07-16T10:15:00;2024-07-16T11:45:00;Entretien;#16a34a;;;
INT-0259;DOS-0259;Intervention 259;;cancelled;2025-08-17T11:00:00;2025-08-17T13:00:00;;;Diagnostic;#7c3aed;;;
INT-0260;DOS-0260;Intervention 260;Notes terrain 260;planned;2026-09-18T12:00:00;2026-09-18T14:00:00;;;Pose;#2563eb;;;
INT-0261;DOS-0261;Intervention 261;;in_progress;2024-10-19T13:00:00;2024-10-19T15:00:00;2024-10-19T13:15:00;;SAV;#ea580c;;;
INT-0262;DOS-0262;Intervention 262;;completed;2025-11-20T14:00:00;2025-11-20T16:00:00;2025-11-20T14:15:00;2025-11-20T15:45:00;Entretien;#16a34a;;;
INT-0263;DOS-0263;Intervention 263;;cancelled;2026-12-21T15:00:00;2026-12-21T17:00:00;;;Diagnostic;#7c3aed;;;
INT-0264;DOS-0264;Intervention 264;;planned;2024-01-22T08:00:00;2024-01-22T10:00:00;;;Pose;#2563eb;;Équipe Nord;Import historique
INT-0265;DOS-0265;Intervention 265;Notes terrain 265;in_progress;2025-02-23T09:00:00;2025-02-23T11:00:00;2025-02-23T09:15:00;;SAV;#ea580c;;;
INT-0266;DOS-0266;Intervention 266;;completed;2026-03-24T10:00:00;2026-03-24T12:00:00;2026-03-24T10:15:00;2026-03-24T11:45:00;Entretien;#16a34a;;;
INT-0267;DOS-0267;Intervention 267;;cancelled;2024-04-25T11:00:00;2024-04-25T13:00:00;;;Diagnostic;#7c3aed;;;
INT-0268;DOS-0268;Intervention 268;;planned;2025-05-26T12:00:00;2025-05-26T14:00:00;;;Pose;#2563eb;;;
INT-0269;DOS-0269;Intervention 269;;in_progress;2026-06-27T13:00:00;2026-06-27T15:00:00;2026-06-27T13:15:00;;SAV;#ea580c;;;
INT-0270;DOS-0270;Intervention 270;Notes terrain 270;completed;2024-07-01T14:00:00;2024-07-01T16:00:00;2024-07-01T14:15:00;2024-07-01T15:45:00;Entretien;#16a34a;;;
INT-0271;DOS-0271;Intervention 271;;cancelled;2025-08-02T15:00:00;2025-08-02T17:00:00;;;Diagnostic;#7c3aed;;;
INT-0272;DOS-0272;Intervention 272;;planned;2026-09-03T08:00:00;2026-09-03T10:00:00;;;Pose;#2563eb;;;Import historique
INT-0273;DOS-0273;Intervention 273;;in_progress;2024-10-04T09:00:00;2024-10-04T11:00:00;2024-10-04T09:15:00;;SAV;#ea580c;;;
INT-0274;DOS-0274;Intervention 274;;completed;2025-11-05T10:00:00;2025-11-05T12:00:00;2025-11-05T10:15:00;2025-11-05T11:45:00;Entretien;#16a34a;;;
INT-0275;DOS-0275;Intervention 275;Notes terrain 275;cancelled;2026-12-06T11:00:00;2026-12-06T13:00:00;;;Diagnostic;#7c3aed;;Équipe Nord;
INT-0276;DOS-0276;Intervention 276;;planned;2024-01-07T12:00:00;2024-01-07T14:00:00;;;Pose;#2563eb;;;
INT-0277;DOS-0277;Intervention 277;;in_progress;2025-02-08T13:00:00;2025-02-08T15:00:00;2025-02-08T13:15:00;;SAV;#ea580c;;;
INT-0278;DOS-0278;Intervention 278;;completed;2026-03-09T14:00:00;2026-03-09T16:00:00;2026-03-09T14:15:00;2026-03-09T15:45:00;Entretien;#16a34a;;;
INT-0279;DOS-0279;Intervention 279;;cancelled;2024-04-10T15:00:00;2024-04-10T17:00:00;;;Diagnostic;#7c3aed;;;
INT-0280;DOS-0280;Intervention 280;Notes terrain 280;planned;2025-05-11T08:00:00;2025-05-11T10:00:00;;;Pose;#2563eb;;;Import historique
INT-0281;DOS-0281;Intervention 281;;in_progress;2026-06-12T09:00:00;2026-06-12T11:00:00;2026-06-12T09:15:00;;SAV;#ea580c;;;
INT-0282;DOS-0282;Intervention 282;;completed;2024-07-13T10:00:00;2024-07-13T12:00:00;2024-07-13T10:15:00;2024-07-13T11:45:00;Entretien;#16a34a;;;
INT-0283;DOS-0283;Intervention 283;;cancelled;2025-08-14T11:00:00;2025-08-14T13:00:00;;;Diagnostic;#7c3aed;;;
INT-0284;DOS-0284;Intervention 284;;planned;2026-09-15T12:00:00;2026-09-15T14:00:00;;;Pose;#2563eb;;;
INT-0285;DOS-0285;Intervention 285;Notes terrain 285;in_progress;2024-10-16T13:00:00;2024-10-16T15:00:00;2024-10-16T13:15:00;;SAV;#ea580c;;;
INT-0286;DOS-0286;Intervention 286;;completed;2025-11-17T14:00:00;2025-11-17T16:00:00;2025-11-17T14:15:00;2025-11-17T15:45:00;Entretien;#16a34a;;Équipe Nord;
INT-0287;DOS-0287;Intervention 287;;cancelled;2026-12-18T15:00:00;2026-12-18T17:00:00;;;Diagnostic;#7c3aed;;;
INT-0288;DOS-0288;Intervention 288;;planned;2024-01-19T08:00:00;2024-01-19T10:00:00;;;Pose;#2563eb;;;Import historique
INT-0289;DOS-0289;Intervention 289;;in_progress;2025-02-20T09:00:00;2025-02-20T11:00:00;2025-02-20T09:15:00;;SAV;#ea580c;;;
INT-0290;DOS-0290;Intervention 290;Notes terrain 290;completed;2026-03-21T10:00:00;2026-03-21T12:00:00;2026-03-21T10:15:00;2026-03-21T11:45:00;Entretien;#16a34a;;;
INT-0291;DOS-0291;Intervention 291;;cancelled;2024-04-22T11:00:00;2024-04-22T13:00:00;;;Diagnostic;#7c3aed;;;
INT-0292;DOS-0292;Intervention 292;;planned;2025-05-23T12:00:00;2025-05-23T14:00:00;;;Pose;#2563eb;;;
INT-0293;DOS-0293;Intervention 293;;in_progress;2026-06-24T13:00:00;2026-06-24T15:00:00;2026-06-24T13:15:00;;SAV;#ea580c;;;
INT-0294;DOS-0294;Intervention 294;;completed;2024-07-25T14:00:00;2024-07-25T16:00:00;2024-07-25T14:15:00;2024-07-25T15:45:00;Entretien;#16a34a;;;
INT-0295;DOS-0295;Intervention 295;Notes terrain 295;cancelled;2025-08-26T15:00:00;2025-08-26T17:00:00;;;Diagnostic;#7c3aed;;;
INT-0296;DOS-0296;Intervention 296;;planned;2026-09-27T08:00:00;2026-09-27T10:00:00;;;Pose;#2563eb;;;Import historique
INT-0297;DOS-0297;Intervention 297;;in_progress;2024-10-01T09:00:00;2024-10-01T11:00:00;2024-10-01T09:15:00;;SAV;#ea580c;;Équipe Nord;
INT-0298;DOS-0298;Intervention 298;;completed;2025-11-02T10:00:00;2025-11-02T12:00:00;2025-11-02T10:15:00;2025-11-02T11:45:00;Entretien;#16a34a;;;
INT-0299;DOS-0299;Intervention 299;;cancelled;2026-12-03T11:00:00;2026-12-03T13:00:00;;;Diagnostic;#7c3aed;;;
INT-0300;DOS-0300;Intervention 300;Notes terrain 300;planned;2024-01-04T12:00:00;2024-01-04T14:00:00;;;Pose;#2563eb;;;
INT-0301;DOS-0301;Intervention 301;;in_progress;2025-02-05T13:00:00;2025-02-05T15:00:00;2025-02-05T13:15:00;;SAV;#ea580c;;;
INT-0302;DOS-0302;Intervention 302;;completed;2026-03-06T14:00:00;2026-03-06T16:00:00;2026-03-06T14:15:00;2026-03-06T15:45:00;Entretien;#16a34a;;;
INT-0303;DOS-0303;Intervention 303;;cancelled;2024-04-07T15:00:00;2024-04-07T17:00:00;;;Diagnostic;#7c3aed;;;
INT-0304;DOS-0304;Intervention 304;;planned;2025-05-08T08:00:00;2025-05-08T10:00:00;;;Pose;#2563eb;;;Import historique
INT-0305;DOS-0305;Intervention 305;Notes terrain 305;in_progress;2026-06-09T09:00:00;2026-06-09T11:00:00;2026-06-09T09:15:00;;SAV;#ea580c;;;
INT-0306;DOS-0306;Intervention 306;;completed;2024-07-10T10:00:00;2024-07-10T12:00:00;2024-07-10T10:15:00;2024-07-10T11:45:00;Entretien;#16a34a;;;
INT-0307;DOS-0307;Intervention 307;;cancelled;2025-08-11T11:00:00;2025-08-11T13:00:00;;;Diagnostic;#7c3aed;;;
INT-0308;DOS-0308;Intervention 308;;planned;2026-09-12T12:00:00;2026-09-12T14:00:00;;;Pose;#2563eb;;Équipe Nord;
INT-0309;DOS-0309;Intervention 309;;in_progress;2024-10-13T13:00:00;2024-10-13T15:00:00;2024-10-13T13:15:00;;SAV;#ea580c;;;
INT-0310;DOS-0310;Intervention 310;Notes terrain 310;completed;2025-11-14T14:00:00;2025-11-14T16:00:00;2025-11-14T14:15:00;2025-11-14T15:45:00;Entretien;#16a34a;;;
INT-0311;DOS-0311;Intervention 311;;cancelled;2026-12-15T15:00:00;2026-12-15T17:00:00;;;Diagnostic;#7c3aed;;;
INT-0312;DOS-0312;Intervention 312;;planned;2024-01-16T08:00:00;2024-01-16T10:00:00;;;Pose;#2563eb;;;Import historique
INT-0313;DOS-0313;Intervention 313;;in_progress;2025-02-17T09:00:00;2025-02-17T11:00:00;2025-02-17T09:15:00;;SAV;#ea580c;;;
INT-0314;DOS-0314;Intervention 314;;completed;2026-03-18T10:00:00;2026-03-18T12:00:00;2026-03-18T10:15:00;2026-03-18T11:45:00;Entretien;#16a34a;;;
INT-0315;DOS-0315;Intervention 315;Notes terrain 315;cancelled;2024-04-19T11:00:00;2024-04-19T13:00:00;;;Diagnostic;#7c3aed;;;
INT-0316;DOS-0316;Intervention 316;;planned;2025-05-20T12:00:00;2025-05-20T14:00:00;;;Pose;#2563eb;;;
INT-0317;DOS-0317;Intervention 317;;in_progress;2026-06-21T13:00:00;2026-06-21T15:00:00;2026-06-21T13:15:00;;SAV;#ea580c;;;
INT-0318;DOS-0318;Intervention 318;;completed;2024-07-22T14:00:00;2024-07-22T16:00:00;2024-07-22T14:15:00;2024-07-22T15:45:00;Entretien;#16a34a;;;
INT-0319;DOS-0319;Intervention 319;;cancelled;2025-08-23T15:00:00;2025-08-23T17:00:00;;;Diagnostic;#7c3aed;;Équipe Nord;
INT-0320;DOS-0320;Intervention 320;Notes terrain 320;planned;2026-09-24T08:00:00;2026-09-24T10:00:00;;;Pose;#2563eb;;;Import historique
INT-0321;DOS-0321;Intervention 321;;in_progress;2024-10-25T09:00:00;2024-10-25T11:00:00;2024-10-25T09:15:00;;SAV;#ea580c;;;
INT-0322;DOS-0322;Intervention 322;;completed;2025-11-26T10:00:00;2025-11-26T12:00:00;2025-11-26T10:15:00;2025-11-26T11:45:00;Entretien;#16a34a;;;
INT-0323;DOS-0323;Intervention 323;;cancelled;2026-12-27T11:00:00;2026-12-27T13:00:00;;;Diagnostic;#7c3aed;;;
INT-0324;DOS-0324;Intervention 324;;planned;2024-01-01T12:00:00;2024-01-01T14:00:00;;;Pose;#2563eb;;;
INT-0325;DOS-0325;Intervention 325;Notes terrain 325;in_progress;2025-02-02T13:00:00;2025-02-02T15:00:00;2025-02-02T13:15:00;;SAV;#ea580c;;;
INT-0326;DOS-0326;Intervention 326;;completed;2026-03-03T14:00:00;2026-03-03T16:00:00;2026-03-03T14:15:00;2026-03-03T15:45:00;Entretien;#16a34a;;;
INT-0327;DOS-0327;Intervention 327;;cancelled;2024-04-04T15:00:00;2024-04-04T17:00:00;;;Diagnostic;#7c3aed;;;
INT-0328;DOS-0328;Intervention 328;;planned;2025-05-05T08:00:00;2025-05-05T10:00:00;;;Pose;#2563eb;;;Import historique
INT-0329;DOS-0329;Intervention 329;;in_progress;2026-06-06T09:00:00;2026-06-06T11:00:00;2026-06-06T09:15:00;;SAV;#ea580c;;;
INT-0330;DOS-0330;Intervention 330;Notes terrain 330;completed;2024-07-07T10:00:00;2024-07-07T12:00:00;2024-07-07T10:15:00;2024-07-07T11:45:00;Entretien;#16a34a;;Équipe Nord;
INT-0331;DOS-0331;Intervention 331;;cancelled;2025-08-08T11:00:00;2025-08-08T13:00:00;;;Diagnostic;#7c3aed;;;
INT-0332;DOS-0332;Intervention 332;;planned;2026-09-09T12:00:00;2026-09-09T14:00:00;;;Pose;#2563eb;;;
INT-0333;DOS-0333;Intervention 333;;in_progress;2024-10-10T13:00:00;2024-10-10T15:00:00;2024-10-10T13:15:00;;SAV;#ea580c;;;
INT-0334;DOS-0334;Intervention 334;;completed;2025-11-11T14:00:00;2025-11-11T16:00:00;2025-11-11T14:15:00;2025-11-11T15:45:00;Entretien;#16a34a;;;
INT-0335;DOS-0335;Intervention 335;Notes terrain 335;cancelled;2026-12-12T15:00:00;2026-12-12T17:00:00;;;Diagnostic;#7c3aed;;;
INT-0336;DOS-0336;Intervention 336;;planned;2024-01-13T08:00:00;2024-01-13T10:00:00;;;Pose;#2563eb;;;Import historique
INT-0337;DOS-0337;Intervention 337;;in_progress;2025-02-14T09:00:00;2025-02-14T11:00:00;2025-02-14T09:15:00;;SAV;#ea580c;;;
INT-0338;DOS-0338;Intervention 338;;completed;2026-03-15T10:00:00;2026-03-15T12:00:00;2026-03-15T10:15:00;2026-03-15T11:45:00;Entretien;#16a34a;;;
INT-0339;DOS-0339;Intervention 339;;cancelled;2024-04-16T11:00:00;2024-04-16T13:00:00;;;Diagnostic;#7c3aed;;;
INT-0340;DOS-0340;Intervention 340;Notes terrain 340;planned;2025-05-17T12:00:00;2025-05-17T14:00:00;;;Pose;#2563eb;;;
INT-0341;DOS-0341;Intervention 341;;in_progress;2026-06-18T13:00:00;2026-06-18T15:00:00;2026-06-18T13:15:00;;SAV;#ea580c;;Équipe Nord;
INT-0342;DOS-0342;Intervention 342;;completed;2024-07-19T14:00:00;2024-07-19T16:00:00;2024-07-19T14:15:00;2024-07-19T15:45:00;Entretien;#16a34a;;;
INT-0343;DOS-0343;Intervention 343;;cancelled;2025-08-20T15:00:00;2025-08-20T17:00:00;;;Diagnostic;#7c3aed;;;
INT-0344;DOS-0344;Intervention 344;;planned;2026-09-21T08:00:00;2026-09-21T10:00:00;;;Pose;#2563eb;;;Import historique
INT-0345;DOS-0345;Intervention 345;Notes terrain 345;in_progress;2024-10-22T09:00:00;2024-10-22T11:00:00;2024-10-22T09:15:00;;SAV;#ea580c;;;
INT-0346;DOS-0346;Intervention 346;;completed;2025-11-23T10:00:00;2025-11-23T12:00:00;2025-11-23T10:15:00;2025-11-23T11:45:00;Entretien;#16a34a;;;
INT-0347;DOS-0347;Intervention 347;;cancelled;2026-12-24T11:00:00;2026-12-24T13:00:00;;;Diagnostic;#7c3aed;;;
INT-0348;DOS-0348;Intervention 348;;planned;2024-01-25T12:00:00;2024-01-25T14:00:00;;;Pose;#2563eb;;;
INT-0349;DOS-0349;Intervention 349;;in_progress;2025-02-26T13:00:00;2025-02-26T15:00:00;2025-02-26T13:15:00;;SAV;#ea580c;;;
INT-0350;DOS-0350;Intervention 350;Notes terrain 350;completed;2026-03-27T14:00:00;2026-03-27T16:00:00;2026-03-27T14:15:00;2026-03-27T15:45:00;Entretien;#16a34a;;;
INT-0351;DOS-0351;Intervention 351;;cancelled;2024-04-01T15:00:00;2024-04-01T17:00:00;;;Diagnostic;#7c3aed;;;
INT-0352;DOS-0352;Intervention 352;;planned;2025-05-02T08:00:00;2025-05-02T10:00:00;;;Pose;#2563eb;;Équipe Nord;Import historique
INT-0353;DOS-0353;Intervention 353;;in_progress;2026-06-03T09:00:00;2026-06-03T11:00:00;2026-06-03T09:15:00;;SAV;#ea580c;;;
INT-0354;DOS-0354;Intervention 354;;completed;2024-07-04T10:00:00;2024-07-04T12:00:00;2024-07-04T10:15:00;2024-07-04T11:45:00;Entretien;#16a34a;;;
INT-0355;DOS-0355;Intervention 355;Notes terrain 355;cancelled;2025-08-05T11:00:00;2025-08-05T13:00:00;;;Diagnostic;#7c3aed;;;
INT-0356;DOS-0356;Intervention 356;;planned;2026-09-06T12:00:00;2026-09-06T14:00:00;;;Pose;#2563eb;;;
INT-0357;DOS-0357;Intervention 357;;in_progress;2024-10-07T13:00:00;2024-10-07T15:00:00;2024-10-07T13:15:00;;SAV;#ea580c;;;
INT-0358;DOS-0358;Intervention 358;;completed;2025-11-08T14:00:00;2025-11-08T16:00:00;2025-11-08T14:15:00;2025-11-08T15:45:00;Entretien;#16a34a;;;
INT-0359;DOS-0359;Intervention 359;;cancelled;2026-12-09T15:00:00;2026-12-09T17:00:00;;;Diagnostic;#7c3aed;;;
INT-0360;DOS-0360;Intervention 360;Notes terrain 360;planned;2024-01-10T08:00:00;2024-01-10T10:00:00;;;Pose;#2563eb;;;Import historique
INT-0361;DOS-0361;Intervention 361;;in_progress;2025-02-11T09:00:00;2025-02-11T11:00:00;2025-02-11T09:15:00;;SAV;#ea580c;;;
INT-0362;DOS-0362;Intervention 362;;completed;2026-03-12T10:00:00;2026-03-12T12:00:00;2026-03-12T10:15:00;2026-03-12T11:45:00;Entretien;#16a34a;;;
INT-0363;DOS-0363;Intervention 363;;cancelled;2024-04-13T11:00:00;2024-04-13T13:00:00;;;Diagnostic;#7c3aed;;Équipe Nord;
INT-0364;DOS-0364;Intervention 364;;planned;2025-05-14T12:00:00;2025-05-14T14:00:00;;;Pose;#2563eb;;;
INT-0365;DOS-0365;Intervention 365;Notes terrain 365;in_progress;2026-06-15T13:00:00;2026-06-15T15:00:00;2026-06-15T13:15:00;;SAV;#ea580c;;;
INT-0366;DOS-0366;Intervention 366;;completed;2024-07-16T14:00:00;2024-07-16T16:00:00;2024-07-16T14:15:00;2024-07-16T15:45:00;Entretien;#16a34a;;;
INT-0367;DOS-0367;Intervention 367;;cancelled;2025-08-17T15:00:00;2025-08-17T17:00:00;;;Diagnostic;#7c3aed;;;
INT-0368;DOS-0368;Intervention 368;;planned;2026-09-18T08:00:00;2026-09-18T10:00:00;;;Pose;#2563eb;;;Import historique
INT-0369;DOS-0369;Intervention 369;;in_progress;2024-10-19T09:00:00;2024-10-19T11:00:00;2024-10-19T09:15:00;;SAV;#ea580c;;;
INT-0370;DOS-0370;Intervention 370;Notes terrain 370;completed;2025-11-20T10:00:00;2025-11-20T12:00:00;2025-11-20T10:15:00;2025-11-20T11:45:00;Entretien;#16a34a;;;
INT-0371;DOS-0371;Intervention 371;;cancelled;2026-12-21T11:00:00;2026-12-21T13:00:00;;;Diagnostic;#7c3aed;;;
INT-0372;DOS-0372;Intervention 372;;planned;2024-01-22T12:00:00;2024-01-22T14:00:00;;;Pose;#2563eb;;;
INT-0373;DOS-0373;Intervention 373;;in_progress;2025-02-23T13:00:00;2025-02-23T15:00:00;2025-02-23T13:15:00;;SAV;#ea580c;;;
INT-0374;DOS-0374;Intervention 374;;completed;2026-03-24T14:00:00;2026-03-24T16:00:00;2026-03-24T14:15:00;2026-03-24T15:45:00;Entretien;#16a34a;;Équipe Nord;
INT-0375;DOS-0375;Intervention 375;Notes terrain 375;cancelled;2024-04-25T15:00:00;2024-04-25T17:00:00;;;Diagnostic;#7c3aed;;;
INT-0376;DOS-0376;Intervention 376;;planned;2025-05-26T08:00:00;2025-05-26T10:00:00;;;Pose;#2563eb;;;Import historique
INT-0377;DOS-0377;Intervention 377;;in_progress;2026-06-27T09:00:00;2026-06-27T11:00:00;2026-06-27T09:15:00;;SAV;#ea580c;;;
INT-0378;DOS-0378;Intervention 378;;completed;2024-07-01T10:00:00;2024-07-01T12:00:00;2024-07-01T10:15:00;2024-07-01T11:45:00;Entretien;#16a34a;;;
INT-0379;DOS-0379;Intervention 379;;cancelled;2025-08-02T11:00:00;2025-08-02T13:00:00;;;Diagnostic;#7c3aed;;;
INT-0380;DOS-0380;Intervention 380;Notes terrain 380;planned;2026-09-03T12:00:00;2026-09-03T14:00:00;;;Pose;#2563eb;;;
INT-0381;DOS-0381;Intervention 381;;in_progress;2024-10-04T13:00:00;2024-10-04T15:00:00;2024-10-04T13:15:00;;SAV;#ea580c;;;
INT-0382;DOS-0382;Intervention 382;;completed;2025-11-05T14:00:00;2025-11-05T16:00:00;2025-11-05T14:15:00;2025-11-05T15:45:00;Entretien;#16a34a;;;
INT-0383;DOS-0383;Intervention 383;;cancelled;2026-12-06T15:00:00;2026-12-06T17:00:00;;;Diagnostic;#7c3aed;;;
INT-0384;DOS-0384;Intervention 384;;planned;2024-01-07T08:00:00;2024-01-07T10:00:00;;;Pose;#2563eb;;;Import historique
INT-0385;DOS-0385;Intervention 385;Notes terrain 385;in_progress;2025-02-08T09:00:00;2025-02-08T11:00:00;2025-02-08T09:15:00;;SAV;#ea580c;;Équipe Nord;
INT-0386;DOS-0386;Intervention 386;;completed;2026-03-09T10:00:00;2026-03-09T12:00:00;2026-03-09T10:15:00;2026-03-09T11:45:00;Entretien;#16a34a;;;
INT-0387;DOS-0387;Intervention 387;;cancelled;2024-04-10T11:00:00;2024-04-10T13:00:00;;;Diagnostic;#7c3aed;;;
INT-0388;DOS-0388;Intervention 388;;planned;2025-05-11T12:00:00;2025-05-11T14:00:00;;;Pose;#2563eb;;;
INT-0389;DOS-0389;Intervention 389;;in_progress;2026-06-12T13:00:00;2026-06-12T15:00:00;2026-06-12T13:15:00;;SAV;#ea580c;;;
INT-0390;DOS-0390;Intervention 390;Notes terrain 390;completed;2024-07-13T14:00:00;2024-07-13T16:00:00;2024-07-13T14:15:00;2024-07-13T15:45:00;Entretien;#16a34a;;;
INT-0391;DOS-0391;Intervention 391;;cancelled;2025-08-14T15:00:00;2025-08-14T17:00:00;;;Diagnostic;#7c3aed;;;
INT-0392;DOS-0392;Intervention 392;;planned;2026-09-15T08:00:00;2026-09-15T10:00:00;;;Pose;#2563eb;;;Import historique
INT-0393;DOS-0393;Intervention 393;;in_progress;2024-10-16T09:00:00;2024-10-16T11:00:00;2024-10-16T09:15:00;;SAV;#ea580c;;;
INT-0394;DOS-0394;Intervention 394;;completed;2025-11-17T10:00:00;2025-11-17T12:00:00;2025-11-17T10:15:00;2025-11-17T11:45:00;Entretien;#16a34a;;;
INT-0395;DOS-0395;Intervention 395;Notes terrain 395;cancelled;2026-12-18T11:00:00;2026-12-18T13:00:00;;;Diagnostic;#7c3aed;;;
INT-0396;DOS-0396;Intervention 396;;planned;2024-01-19T12:00:00;2024-01-19T14:00:00;;;Pose;#2563eb;;Équipe Nord;
INT-0397;DOS-0397;Intervention 397;;in_progress;2025-02-20T13:00:00;2025-02-20T15:00:00;2025-02-20T13:15:00;;SAV;#ea580c;;;
INT-0398;DOS-0398;Intervention 398;;completed;2026-03-21T14:00:00;2026-03-21T16:00:00;2026-03-21T14:15:00;2026-03-21T15:45:00;Entretien;#16a34a;;;
INT-0399;DOS-0399;Intervention 399;;cancelled;2024-04-22T15:00:00;2024-04-22T17:00:00;;;Diagnostic;#7c3aed;;;
INT-0400;DOS-0400;Intervention 400;Notes terrain 400;planned;2025-05-23T08:00:00;2025-05-23T10:00:00;;;Pose;#2563eb;;;Import historique
INT-0401;DOS-0401;Intervention 401;;in_progress;2026-06-24T09:00:00;2026-06-24T11:00:00;2026-06-24T09:15:00;;SAV;#ea580c;;;
INT-0402;DOS-0402;Intervention 402;;completed;2024-07-25T10:00:00;2024-07-25T12:00:00;2024-07-25T10:15:00;2024-07-25T11:45:00;Entretien;#16a34a;;;
INT-0403;DOS-0403;Intervention 403;;cancelled;2025-08-26T11:00:00;2025-08-26T13:00:00;;;Diagnostic;#7c3aed;;;
INT-0404;DOS-0404;Intervention 404;;planned;2026-09-27T12:00:00;2026-09-27T14:00:00;;;Pose;#2563eb;;;
INT-0405;DOS-0405;Intervention 405;Notes terrain 405;in_progress;2024-10-01T13:00:00;2024-10-01T15:00:00;2024-10-01T13:15:00;;SAV;#ea580c;;;
INT-0406;DOS-0406;Intervention 406;;completed;2025-11-02T14:00:00;2025-11-02T16:00:00;2025-11-02T14:15:00;2025-11-02T15:45:00;Entretien;#16a34a;;;
INT-0407;DOS-0407;Intervention 407;;cancelled;2026-12-03T15:00:00;2026-12-03T17:00:00;;;Diagnostic;#7c3aed;;Équipe Nord;
INT-0408;DOS-0408;Intervention 408;;planned;2024-01-04T08:00:00;2024-01-04T10:00:00;;;Pose;#2563eb;;;Import historique
INT-0409;DOS-0409;Intervention 409;;in_progress;2025-02-05T09:00:00;2025-02-05T11:00:00;2025-02-05T09:15:00;;SAV;#ea580c;;;
INT-0410;DOS-0410;Intervention 410;Notes terrain 410;completed;2026-03-06T10:00:00;2026-03-06T12:00:00;2026-03-06T10:15:00;2026-03-06T11:45:00;Entretien;#16a34a;;;
INT-0411;DOS-0411;Intervention 411;;cancelled;2024-04-07T11:00:00;2024-04-07T13:00:00;;;Diagnostic;#7c3aed;;;
INT-0412;DOS-0412;Intervention 412;;planned;2025-05-08T12:00:00;2025-05-08T14:00:00;;;Pose;#2563eb;;;
INT-0413;DOS-0413;Intervention 413;;in_progress;2026-06-09T13:00:00;2026-06-09T15:00:00;2026-06-09T13:15:00;;SAV;#ea580c;;;
INT-0414;DOS-0414;Intervention 414;;completed;2024-07-10T14:00:00;2024-07-10T16:00:00;2024-07-10T14:15:00;2024-07-10T15:45:00;Entretien;#16a34a;;;
INT-0415;DOS-0415;Intervention 415;Notes terrain 415;cancelled;2025-08-11T15:00:00;2025-08-11T17:00:00;;;Diagnostic;#7c3aed;;;
INT-0416;DOS-0416;Intervention 416;;planned;2026-09-12T08:00:00;2026-09-12T10:00:00;;;Pose;#2563eb;;;Import historique
INT-0417;DOS-0417;Intervention 417;;in_progress;2024-10-13T09:00:00;2024-10-13T11:00:00;2024-10-13T09:15:00;;SAV;#ea580c;;;
INT-0418;DOS-0418;Intervention 418;;completed;2025-11-14T10:00:00;2025-11-14T12:00:00;2025-11-14T10:15:00;2025-11-14T11:45:00;Entretien;#16a34a;;Équipe Nord;
INT-0419;DOS-0419;Intervention 419;;cancelled;2026-12-15T11:00:00;2026-12-15T13:00:00;;;Diagnostic;#7c3aed;;;
INT-0420;DOS-0420;Intervention 420;Notes terrain 420;planned;2024-01-16T12:00:00;2024-01-16T14:00:00;;;Pose;#2563eb;;;
INT-0421;DOS-0421;Intervention 421;;in_progress;2025-02-17T13:00:00;2025-02-17T15:00:00;2025-02-17T13:15:00;;SAV;#ea580c;;;
INT-0422;DOS-0422;Intervention 422;;completed;2026-03-18T14:00:00;2026-03-18T16:00:00;2026-03-18T14:15:00;2026-03-18T15:45:00;Entretien;#16a34a;;;
INT-0423;DOS-0423;Intervention 423;;cancelled;2024-04-19T15:00:00;2024-04-19T17:00:00;;;Diagnostic;#7c3aed;;;
INT-0424;DOS-0424;Intervention 424;;planned;2025-05-20T08:00:00;2025-05-20T10:00:00;;;Pose;#2563eb;;;Import historique
INT-0425;DOS-0425;Intervention 425;Notes terrain 425;in_progress;2026-06-21T09:00:00;2026-06-21T11:00:00;2026-06-21T09:15:00;;SAV;#ea580c;;;
INT-0426;DOS-0426;Intervention 426;;completed;2024-07-22T10:00:00;2024-07-22T12:00:00;2024-07-22T10:15:00;2024-07-22T11:45:00;Entretien;#16a34a;;;
INT-0427;DOS-0427;Intervention 427;;cancelled;2025-08-23T11:00:00;2025-08-23T13:00:00;;;Diagnostic;#7c3aed;;;
INT-0428;DOS-0428;Intervention 428;;planned;2026-09-24T12:00:00;2026-09-24T14:00:00;;;Pose;#2563eb;;;
INT-0429;DOS-0429;Intervention 429;;in_progress;2024-10-25T13:00:00;2024-10-25T15:00:00;2024-10-25T13:15:00;;SAV;#ea580c;;Équipe Nord;
INT-0430;DOS-0430;Intervention 430;Notes terrain 430;completed;2025-11-26T14:00:00;2025-11-26T16:00:00;2025-11-26T14:15:00;2025-11-26T15:45:00;Entretien;#16a34a;;;
INT-0431;DOS-0431;Intervention 431;;cancelled;2026-12-27T15:00:00;2026-12-27T17:00:00;;;Diagnostic;#7c3aed;;;
INT-0432;DOS-0432;Intervention 432;;planned;2024-01-01T08:00:00;2024-01-01T10:00:00;;;Pose;#2563eb;;;Import historique
INT-0433;DOS-0433;Intervention 433;;in_progress;2025-02-02T09:00:00;2025-02-02T11:00:00;2025-02-02T09:15:00;;SAV;#ea580c;;;
INT-0434;DOS-0434;Intervention 434;;completed;2026-03-03T10:00:00;2026-03-03T12:00:00;2026-03-03T10:15:00;2026-03-03T11:45:00;Entretien;#16a34a;;;
INT-0435;DOS-0435;Intervention 435;Notes terrain 435;cancelled;2024-04-04T11:00:00;2024-04-04T13:00:00;;;Diagnostic;#7c3aed;;;
INT-0436;DOS-0436;Intervention 436;;planned;2025-05-05T12:00:00;2025-05-05T14:00:00;;;Pose;#2563eb;;;
INT-0437;DOS-0437;Intervention 437;;in_progress;2026-06-06T13:00:00;2026-06-06T15:00:00;2026-06-06T13:15:00;;SAV;#ea580c;;;
INT-0438;DOS-0438;Intervention 438;;completed;2024-07-07T14:00:00;2024-07-07T16:00:00;2024-07-07T14:15:00;2024-07-07T15:45:00;Entretien;#16a34a;;;
INT-0439;DOS-0439;Intervention 439;;cancelled;2025-08-08T15:00:00;2025-08-08T17:00:00;;;Diagnostic;#7c3aed;;;
INT-0440;DOS-0440;Intervention 440;Notes terrain 440;planned;2026-09-09T08:00:00;2026-09-09T10:00:00;;;Pose;#2563eb;;Équipe Nord;Import historique
INT-0441;DOS-0441;Intervention 441;;in_progress;2024-10-10T09:00:00;2024-10-10T11:00:00;2024-10-10T09:15:00;;SAV;#ea580c;;;
INT-0442;DOS-0442;Intervention 442;;completed;2025-11-11T10:00:00;2025-11-11T12:00:00;2025-11-11T10:15:00;2025-11-11T11:45:00;Entretien;#16a34a;;;
INT-0443;DOS-0443;Intervention 443;;cancelled;2026-12-12T11:00:00;2026-12-12T13:00:00;;;Diagnostic;#7c3aed;;;
INT-0444;DOS-0444;Intervention 444;;planned;2024-01-13T12:00:00;2024-01-13T14:00:00;;;Pose;#2563eb;;;
INT-0445;DOS-0445;Intervention 445;Notes terrain 445;in_progress;2025-02-14T13:00:00;2025-02-14T15:00:00;2025-02-14T13:15:00;;SAV;#ea580c;;;
INT-0446;DOS-0446;Intervention 446;;completed;2026-03-15T14:00:00;2026-03-15T16:00:00;2026-03-15T14:15:00;2026-03-15T15:45:00;Entretien;#16a34a;;;
INT-0447;DOS-0447;Intervention 447;;cancelled;2024-04-16T15:00:00;2024-04-16T17:00:00;;;Diagnostic;#7c3aed;;;
INT-0448;DOS-0448;Intervention 448;;planned;2025-05-17T08:00:00;2025-05-17T10:00:00;;;Pose;#2563eb;;;Import historique
INT-0449;DOS-0449;Intervention 449;;in_progress;2026-06-18T09:00:00;2026-06-18T11:00:00;2026-06-18T09:15:00;;SAV;#ea580c;;;
INT-0450;DOS-0450;Intervention 450;Notes terrain 450;completed;2024-07-19T10:00:00;2024-07-19T12:00:00;2024-07-19T10:15:00;2024-07-19T11:45:00;Entretien;#16a34a;;;
INT-0451;DOS-0451;Intervention 451;;cancelled;2025-08-20T11:00:00;2025-08-20T13:00:00;;;Diagnostic;#7c3aed;;Équipe Nord;
INT-0452;DOS-0452;Intervention 452;;planned;2026-09-21T12:00:00;2026-09-21T14:00:00;;;Pose;#2563eb;;;
INT-0453;DOS-0453;Intervention 453;;in_progress;2024-10-22T13:00:00;2024-10-22T15:00:00;2024-10-22T13:15:00;;SAV;#ea580c;;;
INT-0454;DOS-0454;Intervention 454;;completed;2025-11-23T14:00:00;2025-11-23T16:00:00;2025-11-23T14:15:00;2025-11-23T15:45:00;Entretien;#16a34a;;;
INT-0455;DOS-0455;Intervention 455;Notes terrain 455;cancelled;2026-12-24T15:00:00;2026-12-24T17:00:00;;;Diagnostic;#7c3aed;;;
INT-0456;DOS-0456;Intervention 456;;planned;2024-01-25T08:00:00;2024-01-25T10:00:00;;;Pose;#2563eb;;;Import historique
INT-0457;DOS-0457;Intervention 457;;in_progress;2025-02-26T09:00:00;2025-02-26T11:00:00;2025-02-26T09:15:00;;SAV;#ea580c;;;
INT-0458;DOS-0458;Intervention 458;;completed;2026-03-27T10:00:00;2026-03-27T12:00:00;2026-03-27T10:15:00;2026-03-27T11:45:00;Entretien;#16a34a;;;
INT-0459;DOS-0459;Intervention 459;;cancelled;2024-04-01T11:00:00;2024-04-01T13:00:00;;;Diagnostic;#7c3aed;;;
INT-0460;DOS-0460;Intervention 460;Notes terrain 460;planned;2025-05-02T12:00:00;2025-05-02T14:00:00;;;Pose;#2563eb;;;
INT-0461;DOS-0461;Intervention 461;;in_progress;2026-06-03T13:00:00;2026-06-03T15:00:00;2026-06-03T13:15:00;;SAV;#ea580c;;;
INT-0462;DOS-0462;Intervention 462;;completed;2024-07-04T14:00:00;2024-07-04T16:00:00;2024-07-04T14:15:00;2024-07-04T15:45:00;Entretien;#16a34a;;Équipe Nord;
INT-0463;DOS-0463;Intervention 463;;cancelled;2025-08-05T15:00:00;2025-08-05T17:00:00;;;Diagnostic;#7c3aed;;;
INT-0464;DOS-0464;Intervention 464;;planned;2026-09-06T08:00:00;2026-09-06T10:00:00;;;Pose;#2563eb;;;Import historique
INT-0465;DOS-0465;Intervention 465;Notes terrain 465;in_progress;2024-10-07T09:00:00;2024-10-07T11:00:00;2024-10-07T09:15:00;;SAV;#ea580c;;;
INT-0466;DOS-0466;Intervention 466;;completed;2025-11-08T10:00:00;2025-11-08T12:00:00;2025-11-08T10:15:00;2025-11-08T11:45:00;Entretien;#16a34a;;;
INT-0467;DOS-0467;Intervention 467;;cancelled;2026-12-09T11:00:00;2026-12-09T13:00:00;;;Diagnostic;#7c3aed;;;
INT-0468;DOS-0468;Intervention 468;;planned;2024-01-10T12:00:00;2024-01-10T14:00:00;;;Pose;#2563eb;;;
INT-0469;DOS-0469;Intervention 469;;in_progress;2025-02-11T13:00:00;2025-02-11T15:00:00;2025-02-11T13:15:00;;SAV;#ea580c;;;
INT-0470;DOS-0470;Intervention 470;Notes terrain 470;completed;2026-03-12T14:00:00;2026-03-12T16:00:00;2026-03-12T14:15:00;2026-03-12T15:45:00;Entretien;#16a34a;;;
INT-0471;DOS-0471;Intervention 471;;cancelled;2024-04-13T15:00:00;2024-04-13T17:00:00;;;Diagnostic;#7c3aed;;;
INT-0472;DOS-0472;Intervention 472;;planned;2025-05-14T08:00:00;2025-05-14T10:00:00;;;Pose;#2563eb;;;Import historique
INT-0473;DOS-0473;Intervention 473;;in_progress;2026-06-15T09:00:00;2026-06-15T11:00:00;2026-06-15T09:15:00;;SAV;#ea580c;;Équipe Nord;
INT-0474;DOS-0474;Intervention 474;;completed;2024-07-16T10:00:00;2024-07-16T12:00:00;2024-07-16T10:15:00;2024-07-16T11:45:00;Entretien;#16a34a;;;
INT-0475;DOS-0475;Intervention 475;Notes terrain 475;cancelled;2025-08-17T11:00:00;2025-08-17T13:00:00;;;Diagnostic;#7c3aed;;;
INT-0476;DOS-0476;Intervention 476;;planned;2026-09-18T12:00:00;2026-09-18T14:00:00;;;Pose;#2563eb;;;
INT-0477;DOS-0477;Intervention 477;;in_progress;2024-10-19T13:00:00;2024-10-19T15:00:00;2024-10-19T13:15:00;;SAV;#ea580c;;;
INT-0478;DOS-0478;Intervention 478;;completed;2025-11-20T14:00:00;2025-11-20T16:00:00;2025-11-20T14:15:00;2025-11-20T15:45:00;Entretien;#16a34a;;;
INT-0479;DOS-0479;Intervention 479;;cancelled;2026-12-21T15:00:00;2026-12-21T17:00:00;;;Diagnostic;#7c3aed;;;
INT-0480;DOS-0480;Intervention 480;Notes terrain 480;planned;2024-01-22T08:00:00;2024-01-22T10:00:00;;;Pose;#2563eb;;;Import historique
INT-0481;DOS-0481;Intervention 481;;in_progress;2025-02-23T09:00:00;2025-02-23T11:00:00;2025-02-23T09:15:00;;SAV;#ea580c;;;
INT-0482;DOS-0482;Intervention 482;;completed;2026-03-24T10:00:00;2026-03-24T12:00:00;2026-03-24T10:15:00;2026-03-24T11:45:00;Entretien;#16a34a;;;
INT-0483;DOS-0483;Intervention 483;;cancelled;2024-04-25T11:00:00;2024-04-25T13:00:00;;;Diagnostic;#7c3aed;;;
INT-0484;DOS-0484;Intervention 484;;planned;2025-05-26T12:00:00;2025-05-26T14:00:00;;;Pose;#2563eb;;Équipe Nord;
INT-0485;DOS-0485;Intervention 485;Notes terrain 485;in_progress;2026-06-27T13:00:00;2026-06-27T15:00:00;2026-06-27T13:15:00;;SAV;#ea580c;;;
INT-0486;DOS-0486;Intervention 486;;completed;2024-07-01T14:00:00;2024-07-01T16:00:00;2024-07-01T14:15:00;2024-07-01T15:45:00;Entretien;#16a34a;;;
INT-0487;DOS-0487;Intervention 487;;cancelled;2025-08-02T15:00:00;2025-08-02T17:00:00;;;Diagnostic;#7c3aed;;;
INT-0488;DOS-0488;Intervention 488;;planned;2026-09-03T08:00:00;2026-09-03T10:00:00;;;Pose;#2563eb;;;Import historique
INT-0489;DOS-0489;Intervention 489;;in_progress;2024-10-04T09:00:00;2024-10-04T11:00:00;2024-10-04T09:15:00;;SAV;#ea580c;;;
INT-0490;DOS-0490;Intervention 490;Notes terrain 490;completed;2025-11-05T10:00:00;2025-11-05T12:00:00;2025-11-05T10:15:00;2025-11-05T11:45:00;Entretien;#16a34a;;;
INT-0491;DOS-0491;Intervention 491;;cancelled;2026-12-06T11:00:00;2026-12-06T13:00:00;;;Diagnostic;#7c3aed;;;
INT-0492;DOS-0492;Intervention 492;;planned;2024-01-07T12:00:00;2024-01-07T14:00:00;;;Pose;#2563eb;;;
INT-0493;DOS-0493;Intervention 493;;in_progress;2025-02-08T13:00:00;2025-02-08T15:00:00;2025-02-08T13:15:00;;SAV;#ea580c;;;
INT-0494;DOS-0494;Intervention 494;;completed;2026-03-09T14:00:00;2026-03-09T16:00:00;2026-03-09T14:15:00;2026-03-09T15:45:00;Entretien;#16a34a;;;
INT-0495;DOS-0495;Intervention 495;Notes terrain 495;cancelled;2024-04-10T15:00:00;2024-04-10T17:00:00;;;Diagnostic;#7c3aed;;Équipe Nord;
INT-0496;DOS-0496;Intervention 496;;planned;2025-05-11T08:00:00;2025-05-11T10:00:00;;;Pose;#2563eb;;;Import historique
INT-0497;DOS-0497;Intervention 497;;in_progress;2026-06-12T09:00:00;2026-06-12T11:00:00;2026-06-12T09:15:00;;SAV;#ea580c;;;
INT-0498;DOS-0498;Intervention 498;;completed;2024-07-13T10:00:00;2024-07-13T12:00:00;2024-07-13T10:15:00;2024-07-13T11:45:00;Entretien;#16a34a;;;
INT-0499;DOS-0499;Intervention 499;;cancelled;2025-08-14T11:00:00;2025-08-14T13:00:00;;;Diagnostic;#7c3aed;;;
INT-0500;DOS-0500;Intervention 500;Notes terrain 500;planned;2026-09-15T12:00:00;2026-09-15T14:00:00;;;Pose;#2563eb;;;
INT-0501;DOS-0501;Intervention 501;;in_progress;2024-10-16T13:00:00;2024-10-16T15:00:00;2024-10-16T13:15:00;;SAV;#ea580c;;;
INT-0502;DOS-0502;Intervention 502;;completed;2025-11-17T14:00:00;2025-11-17T16:00:00;2025-11-17T14:15:00;2025-11-17T15:45:00;Entretien;#16a34a;;;
INT-0503;DOS-0503;Intervention 503;;cancelled;2026-12-18T15:00:00;2026-12-18T17:00:00;;;Diagnostic;#7c3aed;;;
INT-0504;DOS-0504;Intervention 504;;planned;2024-01-19T08:00:00;2024-01-19T10:00:00;;;Pose;#2563eb;;;Import historique
INT-0505;DOS-0505;Intervention 505;Notes terrain 505;in_progress;2025-02-20T09:00:00;2025-02-20T11:00:00;2025-02-20T09:15:00;;SAV;#ea580c;;;
INT-0506;DOS-0506;Intervention 506;;completed;2026-03-21T10:00:00;2026-03-21T12:00:00;2026-03-21T10:15:00;2026-03-21T11:45:00;Entretien;#16a34a;;Équipe Nord;
INT-0507;DOS-0507;Intervention 507;;cancelled;2024-04-22T11:00:00;2024-04-22T13:00:00;;;Diagnostic;#7c3aed;;;
INT-0508;DOS-0508;Intervention 508;;planned;2025-05-23T12:00:00;2025-05-23T14:00:00;;;Pose;#2563eb;;;
INT-0509;DOS-0509;Intervention 509;;in_progress;2026-06-24T13:00:00;2026-06-24T15:00:00;2026-06-24T13:15:00;;SAV;#ea580c;;;
INT-0510;DOS-0510;Intervention 510;Notes terrain 510;completed;2024-07-25T14:00:00;2024-07-25T16:00:00;2024-07-25T14:15:00;2024-07-25T15:45:00;Entretien;#16a34a;;;
INT-0511;DOS-0511;Intervention 511;;cancelled;2025-08-26T15:00:00;2025-08-26T17:00:00;;;Diagnostic;#7c3aed;;;
INT-0512;DOS-0512;Intervention 512;;planned;2026-09-27T08:00:00;2026-09-27T10:00:00;;;Pose;#2563eb;;;Import historique
INT-0513;DOS-0513;Intervention 513;;in_progress;2024-10-01T09:00:00;2024-10-01T11:00:00;2024-10-01T09:15:00;;SAV;#ea580c;;;
INT-0514;DOS-0514;Intervention 514;;completed;2025-11-02T10:00:00;2025-11-02T12:00:00;2025-11-02T10:15:00;2025-11-02T11:45:00;Entretien;#16a34a;;;
INT-0515;DOS-0515;Intervention 515;Notes terrain 515;cancelled;2026-12-03T11:00:00;2026-12-03T13:00:00;;;Diagnostic;#7c3aed;;;
INT-0516;DOS-0516;Intervention 516;;planned;2024-01-04T12:00:00;2024-01-04T14:00:00;;;Pose;#2563eb;;;
INT-0517;DOS-0517;Intervention 517;;in_progress;2025-02-05T13:00:00;2025-02-05T15:00:00;2025-02-05T13:15:00;;SAV;#ea580c;;Équipe Nord;
INT-0518;DOS-0518;Intervention 518;;completed;2026-03-06T14:00:00;2026-03-06T16:00:00;2026-03-06T14:15:00;2026-03-06T15:45:00;Entretien;#16a34a;;;
INT-0519;DOS-0519;Intervention 519;;cancelled;2024-04-07T15:00:00;2024-04-07T17:00:00;;;Diagnostic;#7c3aed;;;
INT-0520;DOS-0520;Intervention 520;Notes terrain 520;planned;2025-05-08T08:00:00;2025-05-08T10:00:00;;;Pose;#2563eb;;;Import historique
INT-0521;DOS-0521;Intervention 521;;in_progress;2026-06-09T09:00:00;2026-06-09T11:00:00;2026-06-09T09:15:00;;SAV;#ea580c;;;
INT-0522;DOS-0522;Intervention 522;;completed;2024-07-10T10:00:00;2024-07-10T12:00:00;2024-07-10T10:15:00;2024-07-10T11:45:00;Entretien;#16a34a;;;
INT-0523;DOS-0523;Intervention 523;;cancelled;2025-08-11T11:00:00;2025-08-11T13:00:00;;;Diagnostic;#7c3aed;;;
INT-0524;DOS-0524;Intervention 524;;planned;2026-09-12T12:00:00;2026-09-12T14:00:00;;;Pose;#2563eb;;;
INT-0525;DOS-0525;Intervention 525;Notes terrain 525;in_progress;2024-10-13T13:00:00;2024-10-13T15:00:00;2024-10-13T13:15:00;;SAV;#ea580c;;;
INT-0526;DOS-0526;Intervention 526;;completed;2025-11-14T14:00:00;2025-11-14T16:00:00;2025-11-14T14:15:00;2025-11-14T15:45:00;Entretien;#16a34a;;;
INT-0527;DOS-0527;Intervention 527;;cancelled;2026-12-15T15:00:00;2026-12-15T17:00:00;;;Diagnostic;#7c3aed;;;
INT-0528;DOS-0528;Intervention 528;;planned;2024-01-16T08:00:00;2024-01-16T10:00:00;;;Pose;#2563eb;;Équipe Nord;Import historique
INT-0529;DOS-0529;Intervention 529;;in_progress;2025-02-17T09:00:00;2025-02-17T11:00:00;2025-02-17T09:15:00;;SAV;#ea580c;;;
INT-0530;DOS-0530;Intervention 530;Notes terrain 530;completed;2026-03-18T10:00:00;2026-03-18T12:00:00;2026-03-18T10:15:00;2026-03-18T11:45:00;Entretien;#16a34a;;;
INT-0531;DOS-0531;Intervention 531;;cancelled;2024-04-19T11:00:00;2024-04-19T13:00:00;;;Diagnostic;#7c3aed;;;
INT-0532;DOS-0532;Intervention 532;;planned;2025-05-20T12:00:00;2025-05-20T14:00:00;;;Pose;#2563eb;;;
INT-0533;DOS-0533;Intervention 533;;in_progress;2026-06-21T13:00:00;2026-06-21T15:00:00;2026-06-21T13:15:00;;SAV;#ea580c;;;
INT-0534;DOS-0534;Intervention 534;;completed;2024-07-22T14:00:00;2024-07-22T16:00:00;2024-07-22T14:15:00;2024-07-22T15:45:00;Entretien;#16a34a;;;
INT-0535;DOS-0535;Intervention 535;Notes terrain 535;cancelled;2025-08-23T15:00:00;2025-08-23T17:00:00;;;Diagnostic;#7c3aed;;;
INT-0536;DOS-0536;Intervention 536;;planned;2026-09-24T08:00:00;2026-09-24T10:00:00;;;Pose;#2563eb;;;Import historique
INT-0537;DOS-0537;Intervention 537;;in_progress;2024-10-25T09:00:00;2024-10-25T11:00:00;2024-10-25T09:15:00;;SAV;#ea580c;;;
INT-0538;DOS-0538;Intervention 538;;completed;2025-11-26T10:00:00;2025-11-26T12:00:00;2025-11-26T10:15:00;2025-11-26T11:45:00;Entretien;#16a34a;;;
INT-0539;DOS-0539;Intervention 539;;cancelled;2026-12-27T11:00:00;2026-12-27T13:00:00;;;Diagnostic;#7c3aed;;Équipe Nord;
INT-0540;DOS-0540;Intervention 540;Notes terrain 540;planned;2024-01-01T12:00:00;2024-01-01T14:00:00;;;Pose;#2563eb;;;
INT-0541;DOS-0541;Intervention 541;;in_progress;2025-02-02T13:00:00;2025-02-02T15:00:00;2025-02-02T13:15:00;;SAV;#ea580c;;;
INT-0542;DOS-0542;Intervention 542;;completed;2026-03-03T14:00:00;2026-03-03T16:00:00;2026-03-03T14:15:00;2026-03-03T15:45:00;Entretien;#16a34a;;;
INT-0543;DOS-0543;Intervention 543;;cancelled;2024-04-04T15:00:00;2024-04-04T17:00:00;;;Diagnostic;#7c3aed;;;
INT-0544;DOS-0544;Intervention 544;;planned;2025-05-05T08:00:00;2025-05-05T10:00:00;;;Pose;#2563eb;;;Import historique
INT-0545;DOS-0545;Intervention 545;Notes terrain 545;in_progress;2026-06-06T09:00:00;2026-06-06T11:00:00;2026-06-06T09:15:00;;SAV;#ea580c;;;
INT-0546;DOS-0546;Intervention 546;;completed;2024-07-07T10:00:00;2024-07-07T12:00:00;2024-07-07T10:15:00;2024-07-07T11:45:00;Entretien;#16a34a;;;
INT-0547;DOS-0547;Intervention 547;;cancelled;2025-08-08T11:00:00;2025-08-08T13:00:00;;;Diagnostic;#7c3aed;;;
INT-0548;DOS-0548;Intervention 548;;planned;2026-09-09T12:00:00;2026-09-09T14:00:00;;;Pose;#2563eb;;;
INT-0549;DOS-0549;Intervention 549;;in_progress;2024-10-10T13:00:00;2024-10-10T15:00:00;2024-10-10T13:15:00;;SAV;#ea580c;;;
INT-0550;DOS-0550;Intervention 550;Notes terrain 550;completed;2025-11-11T14:00:00;2025-11-11T16:00:00;2025-11-11T14:15:00;2025-11-11T15:45:00;Entretien;#16a34a;;Équipe Nord;
INT-0551;DOS-0551;Intervention 551;;cancelled;2026-12-12T15:00:00;2026-12-12T17:00:00;;;Diagnostic;#7c3aed;;;
INT-0552;DOS-0552;Intervention 552;;planned;2024-01-13T08:00:00;2024-01-13T10:00:00;;;Pose;#2563eb;;;Import historique
INT-0553;DOS-0553;Intervention 553;;in_progress;2025-02-14T09:00:00;2025-02-14T11:00:00;2025-02-14T09:15:00;;SAV;#ea580c;;;
INT-0554;DOS-0554;Intervention 554;;completed;2026-03-15T10:00:00;2026-03-15T12:00:00;2026-03-15T10:15:00;2026-03-15T11:45:00;Entretien;#16a34a;;;
INT-0555;DOS-0555;Intervention 555;Notes terrain 555;cancelled;2024-04-16T11:00:00;2024-04-16T13:00:00;;;Diagnostic;#7c3aed;;;
INT-0556;DOS-0556;Intervention 556;;planned;2025-05-17T12:00:00;2025-05-17T14:00:00;;;Pose;#2563eb;;;
INT-0557;DOS-0557;Intervention 557;;in_progress;2026-06-18T13:00:00;2026-06-18T15:00:00;2026-06-18T13:15:00;;SAV;#ea580c;;;
INT-0558;DOS-0558;Intervention 558;;completed;2024-07-19T14:00:00;2024-07-19T16:00:00;2024-07-19T14:15:00;2024-07-19T15:45:00;Entretien;#16a34a;;;
INT-0559;DOS-0559;Intervention 559;;cancelled;2025-08-20T15:00:00;2025-08-20T17:00:00;;;Diagnostic;#7c3aed;;;
INT-0560;DOS-0560;Intervention 560;Notes terrain 560;planned;2026-09-21T08:00:00;2026-09-21T10:00:00;;;Pose;#2563eb;;;Import historique
INT-0561;DOS-0561;Intervention 561;;in_progress;2024-10-22T09:00:00;2024-10-22T11:00:00;2024-10-22T09:15:00;;SAV;#ea580c;;Équipe Nord;
INT-0562;DOS-0562;Intervention 562;;completed;2025-11-23T10:00:00;2025-11-23T12:00:00;2025-11-23T10:15:00;2025-11-23T11:45:00;Entretien;#16a34a;;;
INT-0563;DOS-0563;Intervention 563;;cancelled;2026-12-24T11:00:00;2026-12-24T13:00:00;;;Diagnostic;#7c3aed;;;
INT-0564;DOS-0564;Intervention 564;;planned;2024-01-25T12:00:00;2024-01-25T14:00:00;;;Pose;#2563eb;;;
INT-0565;DOS-0565;Intervention 565;Notes terrain 565;in_progress;2025-02-26T13:00:00;2025-02-26T15:00:00;2025-02-26T13:15:00;;SAV;#ea580c;;;
INT-0566;DOS-0566;Intervention 566;;completed;2026-03-27T14:00:00;2026-03-27T16:00:00;2026-03-27T14:15:00;2026-03-27T15:45:00;Entretien;#16a34a;;;
INT-0567;DOS-0567;Intervention 567;;cancelled;2024-04-01T15:00:00;2024-04-01T17:00:00;;;Diagnostic;#7c3aed;;;
INT-0568;DOS-0568;Intervention 568;;planned;2025-05-02T08:00:00;2025-05-02T10:00:00;;;Pose;#2563eb;;;Import historique
INT-0569;DOS-0569;Intervention 569;;in_progress;2026-06-03T09:00:00;2026-06-03T11:00:00;2026-06-03T09:15:00;;SAV;#ea580c;;;
INT-0570;DOS-0570;Intervention 570;Notes terrain 570;completed;2024-07-04T10:00:00;2024-07-04T12:00:00;2024-07-04T10:15:00;2024-07-04T11:45:00;Entretien;#16a34a;;;
INT-0571;DOS-0571;Intervention 571;;cancelled;2025-08-05T11:00:00;2025-08-05T13:00:00;;;Diagnostic;#7c3aed;;;
INT-0572;DOS-0572;Intervention 572;;planned;2026-09-06T12:00:00;2026-09-06T14:00:00;;;Pose;#2563eb;;Équipe Nord;
INT-0573;DOS-0573;Intervention 573;;in_progress;2024-10-07T13:00:00;2024-10-07T15:00:00;2024-10-07T13:15:00;;SAV;#ea580c;;;
INT-0574;DOS-0574;Intervention 574;;completed;2025-11-08T14:00:00;2025-11-08T16:00:00;2025-11-08T14:15:00;2025-11-08T15:45:00;Entretien;#16a34a;;;
INT-0575;DOS-0575;Intervention 575;Notes terrain 575;cancelled;2026-12-09T15:00:00;2026-12-09T17:00:00;;;Diagnostic;#7c3aed;;;
INT-0576;DOS-0576;Intervention 576;;planned;2024-01-10T08:00:00;2024-01-10T10:00:00;;;Pose;#2563eb;;;Import historique
INT-0577;DOS-0577;Intervention 577;;in_progress;2025-02-11T09:00:00;2025-02-11T11:00:00;2025-02-11T09:15:00;;SAV;#ea580c;;;
INT-0578;DOS-0578;Intervention 578;;completed;2026-03-12T10:00:00;2026-03-12T12:00:00;2026-03-12T10:15:00;2026-03-12T11:45:00;Entretien;#16a34a;;;
INT-0579;DOS-0579;Intervention 579;;cancelled;2024-04-13T11:00:00;2024-04-13T13:00:00;;;Diagnostic;#7c3aed;;;
INT-0580;DOS-0580;Intervention 580;Notes terrain 580;planned;2025-05-14T12:00:00;2025-05-14T14:00:00;;;Pose;#2563eb;;;
INT-0581;DOS-0581;Intervention 581;;in_progress;2026-06-15T13:00:00;2026-06-15T15:00:00;2026-06-15T13:15:00;;SAV;#ea580c;;;
INT-0582;DOS-0582;Intervention 582;;completed;2024-07-16T14:00:00;2024-07-16T16:00:00;2024-07-16T14:15:00;2024-07-16T15:45:00;Entretien;#16a34a;;;
INT-0583;DOS-0583;Intervention 583;;cancelled;2025-08-17T15:00:00;2025-08-17T17:00:00;;;Diagnostic;#7c3aed;;Équipe Nord;
INT-0584;DOS-0584;Intervention 584;;planned;2026-09-18T08:00:00;2026-09-18T10:00:00;;;Pose;#2563eb;;;Import historique
INT-0585;DOS-0585;Intervention 585;Notes terrain 585;in_progress;2024-10-19T09:00:00;2024-10-19T11:00:00;2024-10-19T09:15:00;;SAV;#ea580c;;;
INT-0586;DOS-0586;Intervention 586;;completed;2025-11-20T10:00:00;2025-11-20T12:00:00;2025-11-20T10:15:00;2025-11-20T11:45:00;Entretien;#16a34a;;;
INT-0587;DOS-0587;Intervention 587;;cancelled;2026-12-21T11:00:00;2026-12-21T13:00:00;;;Diagnostic;#7c3aed;;;
INT-0588;DOS-0588;Intervention 588;;planned;2024-01-22T12:00:00;2024-01-22T14:00:00;;;Pose;#2563eb;;;
INT-0589;DOS-0589;Intervention 589;;in_progress;2025-02-23T13:00:00;2025-02-23T15:00:00;2025-02-23T13:15:00;;SAV;#ea580c;;;
INT-0590;DOS-0590;Intervention 590;Notes terrain 590;completed;2026-03-24T14:00:00;2026-03-24T16:00:00;2026-03-24T14:15:00;2026-03-24T15:45:00;Entretien;#16a34a;;;
INT-0591;DOS-0591;Intervention 591;;cancelled;2024-04-25T15:00:00;2024-04-25T17:00:00;;;Diagnostic;#7c3aed;;;
INT-0592;DOS-0592;Intervention 592;;planned;2025-05-26T08:00:00;2025-05-26T10:00:00;;;Pose;#2563eb;;;Import historique
INT-0593;DOS-0593;Intervention 593;;in_progress;2026-06-27T09:00:00;2026-06-27T11:00:00;2026-06-27T09:15:00;;SAV;#ea580c;;;
INT-0594;DOS-0594;Intervention 594;;completed;2024-07-01T10:00:00;2024-07-01T12:00:00;2024-07-01T10:15:00;2024-07-01T11:45:00;Entretien;#16a34a;;Équipe Nord;
INT-0595;DOS-0595;Intervention 595;Notes terrain 595;cancelled;2025-08-02T11:00:00;2025-08-02T13:00:00;;;Diagnostic;#7c3aed;;;
INT-0596;DOS-0596;Intervention 596;;planned;2026-09-03T12:00:00;2026-09-03T14:00:00;;;Pose;#2563eb;;;
INT-0597;DOS-0597;Intervention 597;;in_progress;2024-10-04T13:00:00;2024-10-04T15:00:00;2024-10-04T13:15:00;;SAV;#ea580c;;;
INT-0598;DOS-0598;Intervention 598;;completed;2025-11-05T14:00:00;2025-11-05T16:00:00;2025-11-05T14:15:00;2025-11-05T15:45:00;Entretien;#16a34a;;;
INT-0599;DOS-0599;Intervention 599;;cancelled;2026-12-06T15:00:00;2026-12-06T17:00:00;;;Diagnostic;#7c3aed;;;
INT-0600;DOS-0600;Intervention 600;Notes terrain 600;planned;2024-01-07T08:00:00;2024-01-07T10:00:00;;;Pose;#2563eb;;;Import historique
INT-0601;DOS-0601;Intervention 601;;in_progress;2025-02-08T09:00:00;2025-02-08T11:00:00;2025-02-08T09:15:00;;SAV;#ea580c;;;
INT-0602;DOS-0602;Intervention 602;;completed;2026-03-09T10:00:00;2026-03-09T12:00:00;2026-03-09T10:15:00;2026-03-09T11:45:00;Entretien;#16a34a;;;
INT-0603;DOS-0603;Intervention 603;;cancelled;2024-04-10T11:00:00;2024-04-10T13:00:00;;;Diagnostic;#7c3aed;;;
INT-0604;DOS-0604;Intervention 604;;planned;2025-05-11T12:00:00;2025-05-11T14:00:00;;;Pose;#2563eb;;;
INT-0605;DOS-0605;Intervention 605;Notes terrain 605;in_progress;2026-06-12T13:00:00;2026-06-12T15:00:00;2026-06-12T13:15:00;;SAV;#ea580c;;Équipe Nord;
INT-0606;DOS-0606;Intervention 606;;completed;2024-07-13T14:00:00;2024-07-13T16:00:00;2024-07-13T14:15:00;2024-07-13T15:45:00;Entretien;#16a34a;;;
INT-0607;DOS-0607;Intervention 607;;cancelled;2025-08-14T15:00:00;2025-08-14T17:00:00;;;Diagnostic;#7c3aed;;;
INT-0608;DOS-0608;Intervention 608;;planned;2026-09-15T08:00:00;2026-09-15T10:00:00;;;Pose;#2563eb;;;Import historique
INT-0609;DOS-0609;Intervention 609;;in_progress;2024-10-16T09:00:00;2024-10-16T11:00:00;2024-10-16T09:15:00;;SAV;#ea580c;;;
INT-0610;DOS-0610;Intervention 610;Notes terrain 610;completed;2025-11-17T10:00:00;2025-11-17T12:00:00;2025-11-17T10:15:00;2025-11-17T11:45:00;Entretien;#16a34a;;;
INT-0611;DOS-0611;Intervention 611;;cancelled;2026-12-18T11:00:00;2026-12-18T13:00:00;;;Diagnostic;#7c3aed;;;
INT-0612;DOS-0612;Intervention 612;;planned;2024-01-19T12:00:00;2024-01-19T14:00:00;;;Pose;#2563eb;;;
INT-0613;DOS-0613;Intervention 613;;in_progress;2025-02-20T13:00:00;2025-02-20T15:00:00;2025-02-20T13:15:00;;SAV;#ea580c;;;
INT-0614;DOS-0614;Intervention 614;;completed;2026-03-21T14:00:00;2026-03-21T16:00:00;2026-03-21T14:15:00;2026-03-21T15:45:00;Entretien;#16a34a;;;
INT-0615;DOS-0615;Intervention 615;Notes terrain 615;cancelled;2024-04-22T15:00:00;2024-04-22T17:00:00;;;Diagnostic;#7c3aed;;;
INT-0616;DOS-0616;Intervention 616;;planned;2025-05-23T08:00:00;2025-05-23T10:00:00;;;Pose;#2563eb;;Équipe Nord;Import historique
INT-0617;DOS-0617;Intervention 617;;in_progress;2026-06-24T09:00:00;2026-06-24T11:00:00;2026-06-24T09:15:00;;SAV;#ea580c;;;
INT-0618;DOS-0618;Intervention 618;;completed;2024-07-25T10:00:00;2024-07-25T12:00:00;2024-07-25T10:15:00;2024-07-25T11:45:00;Entretien;#16a34a;;;
INT-0619;DOS-0619;Intervention 619;;cancelled;2025-08-26T11:00:00;2025-08-26T13:00:00;;;Diagnostic;#7c3aed;;;
INT-0620;DOS-0620;Intervention 620;Notes terrain 620;planned;2026-09-27T12:00:00;2026-09-27T14:00:00;;;Pose;#2563eb;;;
INT-0621;DOS-0621;Intervention 621;;in_progress;2024-10-01T13:00:00;2024-10-01T15:00:00;2024-10-01T13:15:00;;SAV;#ea580c;;;
INT-0622;DOS-0622;Intervention 622;;completed;2025-11-02T14:00:00;2025-11-02T16:00:00;2025-11-02T14:15:00;2025-11-02T15:45:00;Entretien;#16a34a;;;
INT-0623;DOS-0623;Intervention 623;;cancelled;2026-12-03T15:00:00;2026-12-03T17:00:00;;;Diagnostic;#7c3aed;;;
INT-0624;DOS-0624;Intervention 624;;planned;2024-01-04T08:00:00;2024-01-04T10:00:00;;;Pose;#2563eb;;;Import historique
INT-0625;DOS-0625;Intervention 625;Notes terrain 625;in_progress;2025-02-05T09:00:00;2025-02-05T11:00:00;2025-02-05T09:15:00;;SAV;#ea580c;;;
INT-0626;DOS-0626;Intervention 626;;completed;2026-03-06T10:00:00;2026-03-06T12:00:00;2026-03-06T10:15:00;2026-03-06T11:45:00;Entretien;#16a34a;;;
INT-0627;DOS-0627;Intervention 627;;cancelled;2024-04-07T11:00:00;2024-04-07T13:00:00;;;Diagnostic;#7c3aed;;Équipe Nord;
INT-0628;DOS-0628;Intervention 628;;planned;2025-05-08T12:00:00;2025-05-08T14:00:00;;;Pose;#2563eb;;;
INT-0629;DOS-0629;Intervention 629;;in_progress;2026-06-09T13:00:00;2026-06-09T15:00:00;2026-06-09T13:15:00;;SAV;#ea580c;;;
INT-0630;DOS-0630;Intervention 630;Notes terrain 630;completed;2024-07-10T14:00:00;2024-07-10T16:00:00;2024-07-10T14:15:00;2024-07-10T15:45:00;Entretien;#16a34a;;;
INT-0631;DOS-0631;Intervention 631;;cancelled;2025-08-11T15:00:00;2025-08-11T17:00:00;;;Diagnostic;#7c3aed;;;
INT-0632;DOS-0632;Intervention 632;;planned;2026-09-12T08:00:00;2026-09-12T10:00:00;;;Pose;#2563eb;;;Import historique
INT-0633;DOS-0633;Intervention 633;;in_progress;2024-10-13T09:00:00;2024-10-13T11:00:00;2024-10-13T09:15:00;;SAV;#ea580c;;;
INT-0634;DOS-0634;Intervention 634;;completed;2025-11-14T10:00:00;2025-11-14T12:00:00;2025-11-14T10:15:00;2025-11-14T11:45:00;Entretien;#16a34a;;;
INT-0635;DOS-0635;Intervention 635;Notes terrain 635;cancelled;2026-12-15T11:00:00;2026-12-15T13:00:00;;;Diagnostic;#7c3aed;;;
INT-0636;DOS-0636;Intervention 636;;planned;2024-01-16T12:00:00;2024-01-16T14:00:00;;;Pose;#2563eb;;;
INT-0637;DOS-0637;Intervention 637;;in_progress;2025-02-17T13:00:00;2025-02-17T15:00:00;2025-02-17T13:15:00;;SAV;#ea580c;;;
INT-0638;DOS-0638;Intervention 638;;completed;2026-03-18T14:00:00;2026-03-18T16:00:00;2026-03-18T14:15:00;2026-03-18T15:45:00;Entretien;#16a34a;;Équipe Nord;
INT-0639;DOS-0639;Intervention 639;;cancelled;2024-04-19T15:00:00;2024-04-19T17:00:00;;;Diagnostic;#7c3aed;;;
INT-0640;DOS-0640;Intervention 640;Notes terrain 640;planned;2025-05-20T08:00:00;2025-05-20T10:00:00;;;Pose;#2563eb;;;Import historique
INT-0641;DOS-0641;Intervention 641;;in_progress;2026-06-21T09:00:00;2026-06-21T11:00:00;2026-06-21T09:15:00;;SAV;#ea580c;;;
INT-0642;DOS-0642;Intervention 642;;completed;2024-07-22T10:00:00;2024-07-22T12:00:00;2024-07-22T10:15:00;2024-07-22T11:45:00;Entretien;#16a34a;;;
INT-0643;DOS-0643;Intervention 643;;cancelled;2025-08-23T11:00:00;2025-08-23T13:00:00;;;Diagnostic;#7c3aed;;;
INT-0644;DOS-0644;Intervention 644;;planned;2026-09-24T12:00:00;2026-09-24T14:00:00;;;Pose;#2563eb;;;
INT-0645;DOS-0645;Intervention 645;Notes terrain 645;in_progress;2024-10-25T13:00:00;2024-10-25T15:00:00;2024-10-25T13:15:00;;SAV;#ea580c;;;
INT-0646;DOS-0646;Intervention 646;;completed;2025-11-26T14:00:00;2025-11-26T16:00:00;2025-11-26T14:15:00;2025-11-26T15:45:00;Entretien;#16a34a;;;
INT-0647;DOS-0647;Intervention 647;;cancelled;2026-12-27T15:00:00;2026-12-27T17:00:00;;;Diagnostic;#7c3aed;;;
INT-0648;DOS-0648;Intervention 648;;planned;2024-01-01T08:00:00;2024-01-01T10:00:00;;;Pose;#2563eb;;;Import historique
INT-0649;DOS-0649;Intervention 649;;in_progress;2025-02-02T09:00:00;2025-02-02T11:00:00;2025-02-02T09:15:00;;SAV;#ea580c;;Équipe Nord;
INT-0650;DOS-0650;Intervention 650;Notes terrain 650;completed;2026-03-03T10:00:00;2026-03-03T12:00:00;2026-03-03T10:15:00;2026-03-03T11:45:00;Entretien;#16a34a;;;
INT-0651;DOS-0651;Intervention 651;;cancelled;2024-04-04T11:00:00;2024-04-04T13:00:00;;;Diagnostic;#7c3aed;;;
INT-0652;DOS-0652;Intervention 652;;planned;2025-05-05T12:00:00;2025-05-05T14:00:00;;;Pose;#2563eb;;;
INT-0653;DOS-0653;Intervention 653;;in_progress;2026-06-06T13:00:00;2026-06-06T15:00:00;2026-06-06T13:15:00;;SAV;#ea580c;;;
INT-0654;DOS-0654;Intervention 654;;completed;2024-07-07T14:00:00;2024-07-07T16:00:00;2024-07-07T14:15:00;2024-07-07T15:45:00;Entretien;#16a34a;;;
INT-0655;DOS-0655;Intervention 655;Notes terrain 655;cancelled;2025-08-08T15:00:00;2025-08-08T17:00:00;;;Diagnostic;#7c3aed;;;
INT-0656;DOS-0656;Intervention 656;;planned;2026-09-09T08:00:00;2026-09-09T10:00:00;;;Pose;#2563eb;;;Import historique
INT-0657;DOS-0657;Intervention 657;;in_progress;2024-10-10T09:00:00;2024-10-10T11:00:00;2024-10-10T09:15:00;;SAV;#ea580c;;;
INT-0658;DOS-0658;Intervention 658;;completed;2025-11-11T10:00:00;2025-11-11T12:00:00;2025-11-11T10:15:00;2025-11-11T11:45:00;Entretien;#16a34a;;;
INT-0659;DOS-0659;Intervention 659;;cancelled;2026-12-12T11:00:00;2026-12-12T13:00:00;;;Diagnostic;#7c3aed;;;
INT-0660;DOS-0660;Intervention 660;Notes terrain 660;planned;2024-01-13T12:00:00;2024-01-13T14:00:00;;;Pose;#2563eb;;Équipe Nord;
INT-0661;DOS-0661;Intervention 661;;in_progress;2025-02-14T13:00:00;2025-02-14T15:00:00;2025-02-14T13:15:00;;SAV;#ea580c;;;
INT-0662;DOS-0662;Intervention 662;;completed;2026-03-15T14:00:00;2026-03-15T16:00:00;2026-03-15T14:15:00;2026-03-15T15:45:00;Entretien;#16a34a;;;
INT-0663;DOS-0663;Intervention 663;;cancelled;2024-04-16T15:00:00;2024-04-16T17:00:00;;;Diagnostic;#7c3aed;;;
INT-0664;DOS-0664;Intervention 664;;planned;2025-05-17T08:00:00;2025-05-17T10:00:00;;;Pose;#2563eb;;;Import historique
INT-0665;DOS-0665;Intervention 665;Notes terrain 665;in_progress;2026-06-18T09:00:00;2026-06-18T11:00:00;2026-06-18T09:15:00;;SAV;#ea580c;;;
INT-0666;DOS-0666;Intervention 666;;completed;2024-07-19T10:00:00;2024-07-19T12:00:00;2024-07-19T10:15:00;2024-07-19T11:45:00;Entretien;#16a34a;;;
INT-0667;DOS-0667;Intervention 667;;cancelled;2025-08-20T11:00:00;2025-08-20T13:00:00;;;Diagnostic;#7c3aed;;;
INT-0668;DOS-0668;Intervention 668;;planned;2026-09-21T12:00:00;2026-09-21T14:00:00;;;Pose;#2563eb;;;
INT-0669;DOS-0669;Intervention 669;;in_progress;2024-10-22T13:00:00;2024-10-22T15:00:00;2024-10-22T13:15:00;;SAV;#ea580c;;;
INT-0670;DOS-0670;Intervention 670;Notes terrain 670;completed;2025-11-23T14:00:00;2025-11-23T16:00:00;2025-11-23T14:15:00;2025-11-23T15:45:00;Entretien;#16a34a;;;
INT-0671;DOS-0671;Intervention 671;;cancelled;2026-12-24T15:00:00;2026-12-24T17:00:00;;;Diagnostic;#7c3aed;;Équipe Nord;
INT-0672;DOS-0672;Intervention 672;;planned;2024-01-25T08:00:00;2024-01-25T10:00:00;;;Pose;#2563eb;;;Import historique
INT-0673;DOS-0673;Intervention 673;;in_progress;2025-02-26T09:00:00;2025-02-26T11:00:00;2025-02-26T09:15:00;;SAV;#ea580c;;;
INT-0674;DOS-0674;Intervention 674;;completed;2026-03-27T10:00:00;2026-03-27T12:00:00;2026-03-27T10:15:00;2026-03-27T11:45:00;Entretien;#16a34a;;;
INT-0675;DOS-0675;Intervention 675;Notes terrain 675;cancelled;2024-04-01T11:00:00;2024-04-01T13:00:00;;;Diagnostic;#7c3aed;;;
INT-0676;DOS-0676;Intervention 676;;planned;2025-05-02T12:00:00;2025-05-02T14:00:00;;;Pose;#2563eb;;;
INT-0677;DOS-0677;Intervention 677;;in_progress;2026-06-03T13:00:00;2026-06-03T15:00:00;2026-06-03T13:15:00;;SAV;#ea580c;;;
INT-0678;DOS-0678;Intervention 678;;completed;2024-07-04T14:00:00;2024-07-04T16:00:00;2024-07-04T14:15:00;2024-07-04T15:45:00;Entretien;#16a34a;;;
INT-0679;DOS-0679;Intervention 679;;cancelled;2025-08-05T15:00:00;2025-08-05T17:00:00;;;Diagnostic;#7c3aed;;;
INT-0680;DOS-0680;Intervention 680;Notes terrain 680;planned;2026-09-06T08:00:00;2026-09-06T10:00:00;;;Pose;#2563eb;;;Import historique
INT-0681;DOS-0681;Intervention 681;;in_progress;2024-10-07T09:00:00;2024-10-07T11:00:00;2024-10-07T09:15:00;;SAV;#ea580c;;;
INT-0682;DOS-0682;Intervention 682;;completed;2025-11-08T10:00:00;2025-11-08T12:00:00;2025-11-08T10:15:00;2025-11-08T11:45:00;Entretien;#16a34a;;Équipe Nord;
INT-0683;DOS-0683;Intervention 683;;cancelled;2026-12-09T11:00:00;2026-12-09T13:00:00;;;Diagnostic;#7c3aed;;;
INT-0684;DOS-0684;Intervention 684;;planned;2024-01-10T12:00:00;2024-01-10T14:00:00;;;Pose;#2563eb;;;
INT-0685;DOS-0685;Intervention 685;Notes terrain 685;in_progress;2025-02-11T13:00:00;2025-02-11T15:00:00;2025-02-11T13:15:00;;SAV;#ea580c;;;
INT-0686;DOS-0686;Intervention 686;;completed;2026-03-12T14:00:00;2026-03-12T16:00:00;2026-03-12T14:15:00;2026-03-12T15:45:00;Entretien;#16a34a;;;
INT-0687;DOS-0687;Intervention 687;;cancelled;2024-04-13T15:00:00;2024-04-13T17:00:00;;;Diagnostic;#7c3aed;;;
INT-0688;DOS-0688;Intervention 688;;planned;2025-05-14T08:00:00;2025-05-14T10:00:00;;;Pose;#2563eb;;;Import historique
INT-0689;DOS-0689;Intervention 689;;in_progress;2026-06-15T09:00:00;2026-06-15T11:00:00;2026-06-15T09:15:00;;SAV;#ea580c;;;
INT-0690;DOS-0690;Intervention 690;Notes terrain 690;completed;2024-07-16T10:00:00;2024-07-16T12:00:00;2024-07-16T10:15:00;2024-07-16T11:45:00;Entretien;#16a34a;;;
INT-0691;DOS-0691;Intervention 691;;cancelled;2025-08-17T11:00:00;2025-08-17T13:00:00;;;Diagnostic;#7c3aed;;;
INT-0692;DOS-0692;Intervention 692;;planned;2026-09-18T12:00:00;2026-09-18T14:00:00;;;Pose;#2563eb;;;
INT-0693;DOS-0693;Intervention 693;;in_progress;2024-10-19T13:00:00;2024-10-19T15:00:00;2024-10-19T13:15:00;;SAV;#ea580c;;Équipe Nord;
INT-0694;DOS-0694;Intervention 694;;completed;2025-11-20T14:00:00;2025-11-20T16:00:00;2025-11-20T14:15:00;2025-11-20T15:45:00;Entretien;#16a34a;;;
INT-0695;DOS-0695;Intervention 695;Notes terrain 695;cancelled;2026-12-21T15:00:00;2026-12-21T17:00:00;;;Diagnostic;#7c3aed;;;
INT-0696;DOS-0696;Intervention 696;;planned;2024-01-22T08:00:00;2024-01-22T10:00:00;;;Pose;#2563eb;;;Import historique
INT-0697;DOS-0697;Intervention 697;;in_progress;2025-02-23T09:00:00;2025-02-23T11:00:00;2025-02-23T09:15:00;;SAV;#ea580c;;;
INT-0698;DOS-0698;Intervention 698;;completed;2026-03-24T10:00:00;2026-03-24T12:00:00;2026-03-24T10:15:00;2026-03-24T11:45:00;Entretien;#16a34a;;;
INT-0699;DOS-0699;Intervention 699;;cancelled;2024-04-25T11:00:00;2024-04-25T13:00:00;;;Diagnostic;#7c3aed;;;
INT-0700;DOS-0700;Intervention 700;Notes terrain 700;planned;2025-05-26T12:00:00;2025-05-26T14:00:00;;;Pose;#2563eb;;;
INT-0701;DOS-0701;Intervention 701;;in_progress;2026-06-27T13:00:00;2026-06-27T15:00:00;2026-06-27T13:15:00;;SAV;#ea580c;;;
INT-0702;DOS-0702;Intervention 702;;completed;2024-07-01T14:00:00;2024-07-01T16:00:00;2024-07-01T14:15:00;2024-07-01T15:45:00;Entretien;#16a34a;;;
INT-0703;DOS-0703;Intervention 703;;cancelled;2025-08-02T15:00:00;2025-08-02T17:00:00;;;Diagnostic;#7c3aed;;;
INT-0704;DOS-0704;Intervention 704;;planned;2026-09-03T08:00:00;2026-09-03T10:00:00;;;Pose;#2563eb;;Équipe Nord;Import historique
INT-0705;DOS-0705;Intervention 705;Notes terrain 705;in_progress;2024-10-04T09:00:00;2024-10-04T11:00:00;2024-10-04T09:15:00;;SAV;#ea580c;;;
INT-0706;DOS-0706;Intervention 706;;completed;2025-11-05T10:00:00;2025-11-05T12:00:00;2025-11-05T10:15:00;2025-11-05T11:45:00;Entretien;#16a34a;;;
INT-0707;DOS-0707;Intervention 707;;cancelled;2026-12-06T11:00:00;2026-12-06T13:00:00;;;Diagnostic;#7c3aed;;;
INT-0708;DOS-0708;Intervention 708;;planned;2024-01-07T12:00:00;2024-01-07T14:00:00;;;Pose;#2563eb;;;
INT-0709;DOS-0709;Intervention 709;;in_progress;2025-02-08T13:00:00;2025-02-08T15:00:00;2025-02-08T13:15:00;;SAV;#ea580c;;;
INT-0710;DOS-0710;Intervention 710;Notes terrain 710;completed;2026-03-09T14:00:00;2026-03-09T16:00:00;2026-03-09T14:15:00;2026-03-09T15:45:00;Entretien;#16a34a;;;
INT-0711;DOS-0711;Intervention 711;;cancelled;2024-04-10T15:00:00;2024-04-10T17:00:00;;;Diagnostic;#7c3aed;;;
INT-0712;DOS-0712;Intervention 712;;planned;2025-05-11T08:00:00;2025-05-11T10:00:00;;;Pose;#2563eb;;;Import historique
INT-0713;DOS-0713;Intervention 713;;in_progress;2026-06-12T09:00:00;2026-06-12T11:00:00;2026-06-12T09:15:00;;SAV;#ea580c;;;
INT-0714;DOS-0714;Intervention 714;;completed;2024-07-13T10:00:00;2024-07-13T12:00:00;2024-07-13T10:15:00;2024-07-13T11:45:00;Entretien;#16a34a;;;
INT-0715;DOS-0715;Intervention 715;Notes terrain 715;cancelled;2025-08-14T11:00:00;2025-08-14T13:00:00;;;Diagnostic;#7c3aed;;Équipe Nord;
INT-0716;DOS-0716;Intervention 716;;planned;2026-09-15T12:00:00;2026-09-15T14:00:00;;;Pose;#2563eb;;;
INT-0717;DOS-0717;Intervention 717;;in_progress;2024-10-16T13:00:00;2024-10-16T15:00:00;2024-10-16T13:15:00;;SAV;#ea580c;;;
INT-0718;DOS-0718;Intervention 718;;completed;2025-11-17T14:00:00;2025-11-17T16:00:00;2025-11-17T14:15:00;2025-11-17T15:45:00;Entretien;#16a34a;;;
INT-0719;DOS-0719;Intervention 719;;cancelled;2026-12-18T15:00:00;2026-12-18T17:00:00;;;Diagnostic;#7c3aed;;;
INT-0720;DOS-0720;Intervention 720;Notes terrain 720;planned;2024-01-19T08:00:00;2024-01-19T10:00:00;;;Pose;#2563eb;;;Import historique
INT-0721;DOS-0721;Intervention 721;;in_progress;2025-02-20T09:00:00;2025-02-20T11:00:00;2025-02-20T09:15:00;;SAV;#ea580c;;;
INT-0722;DOS-0722;Intervention 722;;completed;2026-03-21T10:00:00;2026-03-21T12:00:00;2026-03-21T10:15:00;2026-03-21T11:45:00;Entretien;#16a34a;;;
INT-0723;DOS-0723;Intervention 723;;cancelled;2024-04-22T11:00:00;2024-04-22T13:00:00;;;Diagnostic;#7c3aed;;;
INT-0724;DOS-0724;Intervention 724;;planned;2025-05-23T12:00:00;2025-05-23T14:00:00;;;Pose;#2563eb;;;
INT-0725;DOS-0725;Intervention 725;Notes terrain 725;in_progress;2026-06-24T13:00:00;2026-06-24T15:00:00;2026-06-24T13:15:00;;SAV;#ea580c;;;
INT-0726;DOS-0726;Intervention 726;;completed;2024-07-25T14:00:00;2024-07-25T16:00:00;2024-07-25T14:15:00;2024-07-25T15:45:00;Entretien;#16a34a;;Équipe Nord;
INT-0727;DOS-0727;Intervention 727;;cancelled;2025-08-26T15:00:00;2025-08-26T17:00:00;;;Diagnostic;#7c3aed;;;
INT-0728;DOS-0728;Intervention 728;;planned;2026-09-27T08:00:00;2026-09-27T10:00:00;;;Pose;#2563eb;;;Import historique
INT-0729;DOS-0729;Intervention 729;;in_progress;2024-10-01T09:00:00;2024-10-01T11:00:00;2024-10-01T09:15:00;;SAV;#ea580c;;;
INT-0730;DOS-0730;Intervention 730;Notes terrain 730;completed;2025-11-02T10:00:00;2025-11-02T12:00:00;2025-11-02T10:15:00;2025-11-02T11:45:00;Entretien;#16a34a;;;
INT-0731;DOS-0731;Intervention 731;;cancelled;2026-12-03T11:00:00;2026-12-03T13:00:00;;;Diagnostic;#7c3aed;;;
INT-0732;DOS-0732;Intervention 732;;planned;2024-01-04T12:00:00;2024-01-04T14:00:00;;;Pose;#2563eb;;;
INT-0733;DOS-0733;Intervention 733;;in_progress;2025-02-05T13:00:00;2025-02-05T15:00:00;2025-02-05T13:15:00;;SAV;#ea580c;;;
INT-0734;DOS-0734;Intervention 734;;completed;2026-03-06T14:00:00;2026-03-06T16:00:00;2026-03-06T14:15:00;2026-03-06T15:45:00;Entretien;#16a34a;;;
INT-0735;DOS-0735;Intervention 735;Notes terrain 735;cancelled;2024-04-07T15:00:00;2024-04-07T17:00:00;;;Diagnostic;#7c3aed;;;
INT-0736;DOS-0736;Intervention 736;;planned;2025-05-08T08:00:00;2025-05-08T10:00:00;;;Pose;#2563eb;;;Import historique
INT-0737;DOS-0737;Intervention 737;;in_progress;2026-06-09T09:00:00;2026-06-09T11:00:00;2026-06-09T09:15:00;;SAV;#ea580c;;Équipe Nord;
INT-0738;DOS-0738;Intervention 738;;completed;2024-07-10T10:00:00;2024-07-10T12:00:00;2024-07-10T10:15:00;2024-07-10T11:45:00;Entretien;#16a34a;;;
INT-0739;DOS-0739;Intervention 739;;cancelled;2025-08-11T11:00:00;2025-08-11T13:00:00;;;Diagnostic;#7c3aed;;;
INT-0740;DOS-0740;Intervention 740;Notes terrain 740;planned;2026-09-12T12:00:00;2026-09-12T14:00:00;;;Pose;#2563eb;;;
INT-0741;DOS-0741;Intervention 741;;in_progress;2024-10-13T13:00:00;2024-10-13T15:00:00;2024-10-13T13:15:00;;SAV;#ea580c;;;
INT-0742;DOS-0742;Intervention 742;;completed;2025-11-14T14:00:00;2025-11-14T16:00:00;2025-11-14T14:15:00;2025-11-14T15:45:00;Entretien;#16a34a;;;
INT-0743;DOS-0743;Intervention 743;;cancelled;2026-12-15T15:00:00;2026-12-15T17:00:00;;;Diagnostic;#7c3aed;;;
INT-0744;DOS-0744;Intervention 744;;planned;2024-01-16T08:00:00;2024-01-16T10:00:00;;;Pose;#2563eb;;;Import historique
INT-0745;DOS-0745;Intervention 745;Notes terrain 745;in_progress;2025-02-17T09:00:00;2025-02-17T11:00:00;2025-02-17T09:15:00;;SAV;#ea580c;;;
INT-0746;DOS-0746;Intervention 746;;completed;2026-03-18T10:00:00;2026-03-18T12:00:00;2026-03-18T10:15:00;2026-03-18T11:45:00;Entretien;#16a34a;;;
INT-0747;DOS-0747;Intervention 747;;cancelled;2024-04-19T11:00:00;2024-04-19T13:00:00;;;Diagnostic;#7c3aed;;;
INT-0748;DOS-0748;Intervention 748;;planned;2025-05-20T12:00:00;2025-05-20T14:00:00;;;Pose;#2563eb;;Équipe Nord;
INT-0749;DOS-0749;Intervention 749;;in_progress;2026-06-21T13:00:00;2026-06-21T15:00:00;2026-06-21T13:15:00;;SAV;#ea580c;;;
INT-0750;DOS-0750;Intervention 750;Notes terrain 750;completed;2024-07-22T14:00:00;2024-07-22T16:00:00;2024-07-22T14:15:00;2024-07-22T15:45:00;Entretien;#16a34a;;;
INT-0751;DOS-0751;Intervention 751;;cancelled;2025-08-23T15:00:00;2025-08-23T17:00:00;;;Diagnostic;#7c3aed;;;
INT-0752;DOS-0752;Intervention 752;;planned;2026-09-24T08:00:00;2026-09-24T10:00:00;;;Pose;#2563eb;;;Import historique
INT-0753;DOS-0753;Intervention 753;;in_progress;2024-10-25T09:00:00;2024-10-25T11:00:00;2024-10-25T09:15:00;;SAV;#ea580c;;;
INT-0754;DOS-0754;Intervention 754;;completed;2025-11-26T10:00:00;2025-11-26T12:00:00;2025-11-26T10:15:00;2025-11-26T11:45:00;Entretien;#16a34a;;;
INT-0755;DOS-0755;Intervention 755;Notes terrain 755;cancelled;2026-12-27T11:00:00;2026-12-27T13:00:00;;;Diagnostic;#7c3aed;;;
INT-0756;DOS-0756;Intervention 756;;planned;2024-01-01T12:00:00;2024-01-01T14:00:00;;;Pose;#2563eb;;;
INT-0757;DOS-0757;Intervention 757;;in_progress;2025-02-02T13:00:00;2025-02-02T15:00:00;2025-02-02T13:15:00;;SAV;#ea580c;;;
INT-0758;DOS-0758;Intervention 758;;completed;2026-03-03T14:00:00;2026-03-03T16:00:00;2026-03-03T14:15:00;2026-03-03T15:45:00;Entretien;#16a34a;;;
INT-0759;DOS-0759;Intervention 759;;cancelled;2024-04-04T15:00:00;2024-04-04T17:00:00;;;Diagnostic;#7c3aed;;Équipe Nord;
INT-0760;DOS-0760;Intervention 760;Notes terrain 760;planned;2025-05-05T08:00:00;2025-05-05T10:00:00;;;Pose;#2563eb;;;Import historique
INT-0761;DOS-0761;Intervention 761;;in_progress;2026-06-06T09:00:00;2026-06-06T11:00:00;2026-06-06T09:15:00;;SAV;#ea580c;;;
INT-0762;DOS-0762;Intervention 762;;completed;2024-07-07T10:00:00;2024-07-07T12:00:00;2024-07-07T10:15:00;2024-07-07T11:45:00;Entretien;#16a34a;;;
INT-0763;DOS-0763;Intervention 763;;cancelled;2025-08-08T11:00:00;2025-08-08T13:00:00;;;Diagnostic;#7c3aed;;;
INT-0764;DOS-0764;Intervention 764;;planned;2026-09-09T12:00:00;2026-09-09T14:00:00;;;Pose;#2563eb;;;
INT-0765;DOS-0765;Intervention 765;Notes terrain 765;in_progress;2024-10-10T13:00:00;2024-10-10T15:00:00;2024-10-10T13:15:00;;SAV;#ea580c;;;
INT-0766;DOS-0766;Intervention 766;;completed;2025-11-11T14:00:00;2025-11-11T16:00:00;2025-11-11T14:15:00;2025-11-11T15:45:00;Entretien;#16a34a;;;
INT-0767;DOS-0767;Intervention 767;;cancelled;2026-12-12T15:00:00;2026-12-12T17:00:00;;;Diagnostic;#7c3aed;;;
INT-0768;DOS-0768;Intervention 768;;planned;2024-01-13T08:00:00;2024-01-13T10:00:00;;;Pose;#2563eb;;;Import historique
INT-0769;DOS-0769;Intervention 769;;in_progress;2025-02-14T09:00:00;2025-02-14T11:00:00;2025-02-14T09:15:00;;SAV;#ea580c;;;
INT-0770;DOS-0770;Intervention 770;Notes terrain 770;completed;2026-03-15T10:00:00;2026-03-15T12:00:00;2026-03-15T10:15:00;2026-03-15T11:45:00;Entretien;#16a34a;;Équipe Nord;
INT-0771;DOS-0771;Intervention 771;;cancelled;2024-04-16T11:00:00;2024-04-16T13:00:00;;;Diagnostic;#7c3aed;;;
INT-0772;DOS-0772;Intervention 772;;planned;2025-05-17T12:00:00;2025-05-17T14:00:00;;;Pose;#2563eb;;;
INT-0773;DOS-0773;Intervention 773;;in_progress;2026-06-18T13:00:00;2026-06-18T15:00:00;2026-06-18T13:15:00;;SAV;#ea580c;;;
INT-0774;DOS-0774;Intervention 774;;completed;2024-07-19T14:00:00;2024-07-19T16:00:00;2024-07-19T14:15:00;2024-07-19T15:45:00;Entretien;#16a34a;;;
INT-0775;DOS-0775;Intervention 775;Notes terrain 775;cancelled;2025-08-20T15:00:00;2025-08-20T17:00:00;;;Diagnostic;#7c3aed;;;
INT-0776;DOS-0776;Intervention 776;;planned;2026-09-21T08:00:00;2026-09-21T10:00:00;;;Pose;#2563eb;;;Import historique
INT-0777;DOS-0777;Intervention 777;;in_progress;2024-10-22T09:00:00;2024-10-22T11:00:00;2024-10-22T09:15:00;;SAV;#ea580c;;;
INT-0778;DOS-0778;Intervention 778;;completed;2025-11-23T10:00:00;2025-11-23T12:00:00;2025-11-23T10:15:00;2025-11-23T11:45:00;Entretien;#16a34a;;;
INT-0779;DOS-0779;Intervention 779;;cancelled;2026-12-24T11:00:00;2026-12-24T13:00:00;;;Diagnostic;#7c3aed;;;
INT-0780;DOS-0780;Intervention 780;Notes terrain 780;planned;2024-01-25T12:00:00;2024-01-25T14:00:00;;;Pose;#2563eb;;;
INT-0781;DOS-0781;Intervention 781;;in_progress;2025-02-26T13:00:00;2025-02-26T15:00:00;2025-02-26T13:15:00;;SAV;#ea580c;;Équipe Nord;
INT-0782;DOS-0782;Intervention 782;;completed;2026-03-27T14:00:00;2026-03-27T16:00:00;2026-03-27T14:15:00;2026-03-27T15:45:00;Entretien;#16a34a;;;
INT-0783;DOS-0783;Intervention 783;;cancelled;2024-04-01T15:00:00;2024-04-01T17:00:00;;;Diagnostic;#7c3aed;;;
INT-0784;DOS-0784;Intervention 784;;planned;2025-05-02T08:00:00;2025-05-02T10:00:00;;;Pose;#2563eb;;;Import historique
INT-0785;DOS-0785;Intervention 785;Notes terrain 785;in_progress;2026-06-03T09:00:00;2026-06-03T11:00:00;2026-06-03T09:15:00;;SAV;#ea580c;;;
INT-0786;DOS-0786;Intervention 786;;completed;2024-07-04T10:00:00;2024-07-04T12:00:00;2024-07-04T10:15:00;2024-07-04T11:45:00;Entretien;#16a34a;;;
INT-0787;DOS-0787;Intervention 787;;cancelled;2025-08-05T11:00:00;2025-08-05T13:00:00;;;Diagnostic;#7c3aed;;;
INT-0788;DOS-0788;Intervention 788;;planned;2026-09-06T12:00:00;2026-09-06T14:00:00;;;Pose;#2563eb;;;
INT-0789;DOS-0789;Intervention 789;;in_progress;2024-10-07T13:00:00;2024-10-07T15:00:00;2024-10-07T13:15:00;;SAV;#ea580c;;;
INT-0790;DOS-0790;Intervention 790;Notes terrain 790;completed;2025-11-08T14:00:00;2025-11-08T16:00:00;2025-11-08T14:15:00;2025-11-08T15:45:00;Entretien;#16a34a;;;
INT-0791;DOS-0791;Intervention 791;;cancelled;2026-12-09T15:00:00;2026-12-09T17:00:00;;;Diagnostic;#7c3aed;;;
INT-0792;DOS-0792;Intervention 792;;planned;2024-01-10T08:00:00;2024-01-10T10:00:00;;;Pose;#2563eb;;Équipe Nord;Import historique
INT-0793;DOS-0793;Intervention 793;;in_progress;2025-02-11T09:00:00;2025-02-11T11:00:00;2025-02-11T09:15:00;;SAV;#ea580c;;;
INT-0794;DOS-0794;Intervention 794;;completed;2026-03-12T10:00:00;2026-03-12T12:00:00;2026-03-12T10:15:00;2026-03-12T11:45:00;Entretien;#16a34a;;;
INT-0795;DOS-0795;Intervention 795;Notes terrain 795;cancelled;2024-04-13T11:00:00;2024-04-13T13:00:00;;;Diagnostic;#7c3aed;;;
INT-0796;DOS-0796;Intervention 796;;planned;2025-05-14T12:00:00;2025-05-14T14:00:00;;;Pose;#2563eb;;;
INT-0797;DOS-0797;Intervention 797;;in_progress;2026-06-15T13:00:00;2026-06-15T15:00:00;2026-06-15T13:15:00;;SAV;#ea580c;;;
INT-0798;DOS-0798;Intervention 798;;completed;2024-07-16T14:00:00;2024-07-16T16:00:00;2024-07-16T14:15:00;2024-07-16T15:45:00;Entretien;#16a34a;;;
INT-0799;DOS-0799;Intervention 799;;cancelled;2025-08-17T15:00:00;2025-08-17T17:00:00;;;Diagnostic;#7c3aed;;;
INT-0800;DOS-0800;Intervention 800;Notes terrain 800;planned;2026-09-18T08:00:00;2026-09-18T10:00:00;;;Pose;#2563eb;;;Import historique
INT-0801;DOS-0801;Intervention 801;;in_progress;2024-10-19T09:00:00;2024-10-19T11:00:00;2024-10-19T09:15:00;;SAV;#ea580c;;;
INT-0802;DOS-0802;Intervention 802;;completed;2025-11-20T10:00:00;2025-11-20T12:00:00;2025-11-20T10:15:00;2025-11-20T11:45:00;Entretien;#16a34a;;;
INT-0803;DOS-0803;Intervention 803;;cancelled;2026-12-21T11:00:00;2026-12-21T13:00:00;;;Diagnostic;#7c3aed;;Équipe Nord;
INT-0804;DOS-0804;Intervention 804;;planned;2024-01-22T12:00:00;2024-01-22T14:00:00;;;Pose;#2563eb;;;
INT-0805;DOS-0805;Intervention 805;Notes terrain 805;in_progress;2025-02-23T13:00:00;2025-02-23T15:00:00;2025-02-23T13:15:00;;SAV;#ea580c;;;
INT-0806;DOS-0806;Intervention 806;;completed;2026-03-24T14:00:00;2026-03-24T16:00:00;2026-03-24T14:15:00;2026-03-24T15:45:00;Entretien;#16a34a;;;
INT-0807;DOS-0807;Intervention 807;;cancelled;2024-04-25T15:00:00;2024-04-25T17:00:00;;;Diagnostic;#7c3aed;;;
INT-0808;DOS-0808;Intervention 808;;planned;2025-05-26T08:00:00;2025-05-26T10:00:00;;;Pose;#2563eb;;;Import historique
INT-0809;DOS-0809;Intervention 809;;in_progress;2026-06-27T09:00:00;2026-06-27T11:00:00;2026-06-27T09:15:00;;SAV;#ea580c;;;
INT-0810;DOS-0810;Intervention 810;Notes terrain 810;completed;2024-07-01T10:00:00;2024-07-01T12:00:00;2024-07-01T10:15:00;2024-07-01T11:45:00;Entretien;#16a34a;;;
INT-0811;DOS-0811;Intervention 811;;cancelled;2025-08-02T11:00:00;2025-08-02T13:00:00;;;Diagnostic;#7c3aed;;;
INT-0812;DOS-0812;Intervention 812;;planned;2026-09-03T12:00:00;2026-09-03T14:00:00;;;Pose;#2563eb;;;
INT-0813;DOS-0813;Intervention 813;;in_progress;2024-10-04T13:00:00;2024-10-04T15:00:00;2024-10-04T13:15:00;;SAV;#ea580c;;;
INT-0814;DOS-0814;Intervention 814;;completed;2025-11-05T14:00:00;2025-11-05T16:00:00;2025-11-05T14:15:00;2025-11-05T15:45:00;Entretien;#16a34a;;Équipe Nord;
INT-0815;DOS-0815;Intervention 815;Notes terrain 815;cancelled;2026-12-06T15:00:00;2026-12-06T17:00:00;;;Diagnostic;#7c3aed;;;
INT-0816;DOS-0816;Intervention 816;;planned;2024-01-07T08:00:00;2024-01-07T10:00:00;;;Pose;#2563eb;;;Import historique
INT-0817;DOS-0817;Intervention 817;;in_progress;2025-02-08T09:00:00;2025-02-08T11:00:00;2025-02-08T09:15:00;;SAV;#ea580c;;;
INT-0818;DOS-0818;Intervention 818;;completed;2026-03-09T10:00:00;2026-03-09T12:00:00;2026-03-09T10:15:00;2026-03-09T11:45:00;Entretien;#16a34a;;;
INT-0819;DOS-0819;Intervention 819;;cancelled;2024-04-10T11:00:00;2024-04-10T13:00:00;;;Diagnostic;#7c3aed;;;
INT-0820;DOS-0820;Intervention 820;Notes terrain 820;planned;2025-05-11T12:00:00;2025-05-11T14:00:00;;;Pose;#2563eb;;;
INT-0821;DOS-0821;Intervention 821;;in_progress;2026-06-12T13:00:00;2026-06-12T15:00:00;2026-06-12T13:15:00;;SAV;#ea580c;;;
INT-0822;DOS-0822;Intervention 822;;completed;2024-07-13T14:00:00;2024-07-13T16:00:00;2024-07-13T14:15:00;2024-07-13T15:45:00;Entretien;#16a34a;;;
INT-0823;DOS-0823;Intervention 823;;cancelled;2025-08-14T15:00:00;2025-08-14T17:00:00;;;Diagnostic;#7c3aed;;;
INT-0824;DOS-0824;Intervention 824;;planned;2026-09-15T08:00:00;2026-09-15T10:00:00;;;Pose;#2563eb;;;Import historique
INT-0825;DOS-0825;Intervention 825;Notes terrain 825;in_progress;2024-10-16T09:00:00;2024-10-16T11:00:00;2024-10-16T09:15:00;;SAV;#ea580c;;Équipe Nord;
INT-0826;DOS-0826;Intervention 826;;completed;2025-11-17T10:00:00;2025-11-17T12:00:00;2025-11-17T10:15:00;2025-11-17T11:45:00;Entretien;#16a34a;;;
INT-0827;DOS-0827;Intervention 827;;cancelled;2026-12-18T11:00:00;2026-12-18T13:00:00;;;Diagnostic;#7c3aed;;;
INT-0828;DOS-0828;Intervention 828;;planned;2024-01-19T12:00:00;2024-01-19T14:00:00;;;Pose;#2563eb;;;
INT-0829;DOS-0829;Intervention 829;;in_progress;2025-02-20T13:00:00;2025-02-20T15:00:00;2025-02-20T13:15:00;;SAV;#ea580c;;;
INT-0830;DOS-0830;Intervention 830;Notes terrain 830;completed;2026-03-21T14:00:00;2026-03-21T16:00:00;2026-03-21T14:15:00;2026-03-21T15:45:00;Entretien;#16a34a;;;
INT-0831;DOS-0831;Intervention 831;;cancelled;2024-04-22T15:00:00;2024-04-22T17:00:00;;;Diagnostic;#7c3aed;;;
INT-0832;DOS-0832;Intervention 832;;planned;2025-05-23T08:00:00;2025-05-23T10:00:00;;;Pose;#2563eb;;;Import historique
INT-0833;DOS-0833;Intervention 833;;in_progress;2026-06-24T09:00:00;2026-06-24T11:00:00;2026-06-24T09:15:00;;SAV;#ea580c;;;
INT-0834;DOS-0834;Intervention 834;;completed;2024-07-25T10:00:00;2024-07-25T12:00:00;2024-07-25T10:15:00;2024-07-25T11:45:00;Entretien;#16a34a;;;
INT-0835;DOS-0835;Intervention 835;Notes terrain 835;cancelled;2025-08-26T11:00:00;2025-08-26T13:00:00;;;Diagnostic;#7c3aed;;;
INT-0836;DOS-0836;Intervention 836;;planned;2026-09-27T12:00:00;2026-09-27T14:00:00;;;Pose;#2563eb;;Équipe Nord;
INT-0837;DOS-0837;Intervention 837;;in_progress;2024-10-01T13:00:00;2024-10-01T15:00:00;2024-10-01T13:15:00;;SAV;#ea580c;;;
INT-0838;DOS-0838;Intervention 838;;completed;2025-11-02T14:00:00;2025-11-02T16:00:00;2025-11-02T14:15:00;2025-11-02T15:45:00;Entretien;#16a34a;;;
INT-0839;DOS-0839;Intervention 839;;cancelled;2026-12-03T15:00:00;2026-12-03T17:00:00;;;Diagnostic;#7c3aed;;;
INT-0840;DOS-0840;Intervention 840;Notes terrain 840;planned;2024-01-04T08:00:00;2024-01-04T10:00:00;;;Pose;#2563eb;;;Import historique
INT-0841;DOS-0841;Intervention 841;;in_progress;2025-02-05T09:00:00;2025-02-05T11:00:00;2025-02-05T09:15:00;;SAV;#ea580c;;;
INT-0842;DOS-0842;Intervention 842;;completed;2026-03-06T10:00:00;2026-03-06T12:00:00;2026-03-06T10:15:00;2026-03-06T11:45:00;Entretien;#16a34a;;;
INT-0843;DOS-0843;Intervention 843;;cancelled;2024-04-07T11:00:00;2024-04-07T13:00:00;;;Diagnostic;#7c3aed;;;
INT-0844;DOS-0844;Intervention 844;;planned;2025-05-08T12:00:00;2025-05-08T14:00:00;;;Pose;#2563eb;;;
INT-0845;DOS-0845;Intervention 845;Notes terrain 845;in_progress;2026-06-09T13:00:00;2026-06-09T15:00:00;2026-06-09T13:15:00;;SAV;#ea580c;;;
INT-0846;DOS-0846;Intervention 846;;completed;2024-07-10T14:00:00;2024-07-10T16:00:00;2024-07-10T14:15:00;2024-07-10T15:45:00;Entretien;#16a34a;;;
INT-0847;DOS-0847;Intervention 847;;cancelled;2025-08-11T15:00:00;2025-08-11T17:00:00;;;Diagnostic;#7c3aed;;Équipe Nord;
INT-0848;DOS-0848;Intervention 848;;planned;2026-09-12T08:00:00;2026-09-12T10:00:00;;;Pose;#2563eb;;;Import historique
INT-0849;DOS-0849;Intervention 849;;in_progress;2024-10-13T09:00:00;2024-10-13T11:00:00;2024-10-13T09:15:00;;SAV;#ea580c;;;
INT-0850;DOS-0850;Intervention 850;Notes terrain 850;completed;2025-11-14T10:00:00;2025-11-14T12:00:00;2025-11-14T10:15:00;2025-11-14T11:45:00;Entretien;#16a34a;;;
INT-0851;DOS-0851;Intervention 851;;cancelled;2026-12-15T11:00:00;2026-12-15T13:00:00;;;Diagnostic;#7c3aed;;;
INT-0852;DOS-0852;Intervention 852;;planned;2024-01-16T12:00:00;2024-01-16T14:00:00;;;Pose;#2563eb;;;
INT-0853;DOS-0853;Intervention 853;;in_progress;2025-02-17T13:00:00;2025-02-17T15:00:00;2025-02-17T13:15:00;;SAV;#ea580c;;;
INT-0854;DOS-0854;Intervention 854;;completed;2026-03-18T14:00:00;2026-03-18T16:00:00;2026-03-18T14:15:00;2026-03-18T15:45:00;Entretien;#16a34a;;;
INT-0855;DOS-0855;Intervention 855;Notes terrain 855;cancelled;2024-04-19T15:00:00;2024-04-19T17:00:00;;;Diagnostic;#7c3aed;;;
INT-0856;DOS-0856;Intervention 856;;planned;2025-05-20T08:00:00;2025-05-20T10:00:00;;;Pose;#2563eb;;;Import historique
INT-0857;DOS-0857;Intervention 857;;in_progress;2026-06-21T09:00:00;2026-06-21T11:00:00;2026-06-21T09:15:00;;SAV;#ea580c;;;
INT-0858;DOS-0858;Intervention 858;;completed;2024-07-22T10:00:00;2024-07-22T12:00:00;2024-07-22T10:15:00;2024-07-22T11:45:00;Entretien;#16a34a;;Équipe Nord;
INT-0859;DOS-0859;Intervention 859;;cancelled;2025-08-23T11:00:00;2025-08-23T13:00:00;;;Diagnostic;#7c3aed;;;
INT-0860;DOS-0860;Intervention 860;Notes terrain 860;planned;2026-09-24T12:00:00;2026-09-24T14:00:00;;;Pose;#2563eb;;;
INT-0861;DOS-0861;Intervention 861;;in_progress;2024-10-25T13:00:00;2024-10-25T15:00:00;2024-10-25T13:15:00;;SAV;#ea580c;;;
INT-0862;DOS-0862;Intervention 862;;completed;2025-11-26T14:00:00;2025-11-26T16:00:00;2025-11-26T14:15:00;2025-11-26T15:45:00;Entretien;#16a34a;;;
INT-0863;DOS-0863;Intervention 863;;cancelled;2026-12-27T15:00:00;2026-12-27T17:00:00;;;Diagnostic;#7c3aed;;;
INT-0864;DOS-0864;Intervention 864;;planned;2024-01-01T08:00:00;2024-01-01T10:00:00;;;Pose;#2563eb;;;Import historique
INT-0865;DOS-0865;Intervention 865;Notes terrain 865;in_progress;2025-02-02T09:00:00;2025-02-02T11:00:00;2025-02-02T09:15:00;;SAV;#ea580c;;;
INT-0866;DOS-0866;Intervention 866;;completed;2026-03-03T10:00:00;2026-03-03T12:00:00;2026-03-03T10:15:00;2026-03-03T11:45:00;Entretien;#16a34a;;;
INT-0867;DOS-0867;Intervention 867;;cancelled;2024-04-04T11:00:00;2024-04-04T13:00:00;;;Diagnostic;#7c3aed;;;
INT-0868;DOS-0868;Intervention 868;;planned;2025-05-05T12:00:00;2025-05-05T14:00:00;;;Pose;#2563eb;;;
INT-0869;DOS-0869;Intervention 869;;in_progress;2026-06-06T13:00:00;2026-06-06T15:00:00;2026-06-06T13:15:00;;SAV;#ea580c;;Équipe Nord;
INT-0870;DOS-0870;Intervention 870;Notes terrain 870;completed;2024-07-07T14:00:00;2024-07-07T16:00:00;2024-07-07T14:15:00;2024-07-07T15:45:00;Entretien;#16a34a;;;
INT-0871;DOS-0871;Intervention 871;;cancelled;2025-08-08T15:00:00;2025-08-08T17:00:00;;;Diagnostic;#7c3aed;;;
INT-0872;DOS-0872;Intervention 872;;planned;2026-09-09T08:00:00;2026-09-09T10:00:00;;;Pose;#2563eb;;;Import historique
INT-0873;DOS-0873;Intervention 873;;in_progress;2024-10-10T09:00:00;2024-10-10T11:00:00;2024-10-10T09:15:00;;SAV;#ea580c;;;
INT-0874;DOS-0874;Intervention 874;;completed;2025-11-11T10:00:00;2025-11-11T12:00:00;2025-11-11T10:15:00;2025-11-11T11:45:00;Entretien;#16a34a;;;
INT-0875;DOS-0875;Intervention 875;Notes terrain 875;cancelled;2026-12-12T11:00:00;2026-12-12T13:00:00;;;Diagnostic;#7c3aed;;;
INT-0876;DOS-0876;Intervention 876;;planned;2024-01-13T12:00:00;2024-01-13T14:00:00;;;Pose;#2563eb;;;
INT-0877;DOS-0877;Intervention 877;;in_progress;2025-02-14T13:00:00;2025-02-14T15:00:00;2025-02-14T13:15:00;;SAV;#ea580c;;;
INT-0878;DOS-0878;Intervention 878;;completed;2026-03-15T14:00:00;2026-03-15T16:00:00;2026-03-15T14:15:00;2026-03-15T15:45:00;Entretien;#16a34a;;;
INT-0879;DOS-0879;Intervention 879;;cancelled;2024-04-16T15:00:00;2024-04-16T17:00:00;;;Diagnostic;#7c3aed;;;
INT-0880;DOS-0880;Intervention 880;Notes terrain 880;planned;2025-05-17T08:00:00;2025-05-17T10:00:00;;;Pose;#2563eb;;Équipe Nord;Import historique
INT-0881;DOS-0881;Intervention 881;;in_progress;2026-06-18T09:00:00;2026-06-18T11:00:00;2026-06-18T09:15:00;;SAV;#ea580c;;;
INT-0882;DOS-0882;Intervention 882;;completed;2024-07-19T10:00:00;2024-07-19T12:00:00;2024-07-19T10:15:00;2024-07-19T11:45:00;Entretien;#16a34a;;;
INT-0883;DOS-0883;Intervention 883;;cancelled;2025-08-20T11:00:00;2025-08-20T13:00:00;;;Diagnostic;#7c3aed;;;
INT-0884;DOS-0884;Intervention 884;;planned;2026-09-21T12:00:00;2026-09-21T14:00:00;;;Pose;#2563eb;;;
INT-0885;DOS-0885;Intervention 885;Notes terrain 885;in_progress;2024-10-22T13:00:00;2024-10-22T15:00:00;2024-10-22T13:15:00;;SAV;#ea580c;;;
INT-0886;DOS-0886;Intervention 886;;completed;2025-11-23T14:00:00;2025-11-23T16:00:00;2025-11-23T14:15:00;2025-11-23T15:45:00;Entretien;#16a34a;;;
INT-0887;DOS-0887;Intervention 887;;cancelled;2026-12-24T15:00:00;2026-12-24T17:00:00;;;Diagnostic;#7c3aed;;;
INT-0888;DOS-0888;Intervention 888;;planned;2024-01-25T08:00:00;2024-01-25T10:00:00;;;Pose;#2563eb;;;Import historique
INT-0889;DOS-0889;Intervention 889;;in_progress;2025-02-26T09:00:00;2025-02-26T11:00:00;2025-02-26T09:15:00;;SAV;#ea580c;;;
INT-0890;DOS-0890;Intervention 890;Notes terrain 890;completed;2026-03-27T10:00:00;2026-03-27T12:00:00;2026-03-27T10:15:00;2026-03-27T11:45:00;Entretien;#16a34a;;;
INT-0891;DOS-0891;Intervention 891;;cancelled;2024-04-01T11:00:00;2024-04-01T13:00:00;;;Diagnostic;#7c3aed;;Équipe Nord;
INT-0892;DOS-0892;Intervention 892;;planned;2025-05-02T12:00:00;2025-05-02T14:00:00;;;Pose;#2563eb;;;
INT-0893;DOS-0893;Intervention 893;;in_progress;2026-06-03T13:00:00;2026-06-03T15:00:00;2026-06-03T13:15:00;;SAV;#ea580c;;;
INT-0894;DOS-0894;Intervention 894;;completed;2024-07-04T14:00:00;2024-07-04T16:00:00;2024-07-04T14:15:00;2024-07-04T15:45:00;Entretien;#16a34a;;;
INT-0895;DOS-0895;Intervention 895;Notes terrain 895;cancelled;2025-08-05T15:00:00;2025-08-05T17:00:00;;;Diagnostic;#7c3aed;;;
INT-0896;DOS-0896;Intervention 896;;planned;2026-09-06T08:00:00;2026-09-06T10:00:00;;;Pose;#2563eb;;;Import historique
INT-0897;DOS-0897;Intervention 897;;in_progress;2024-10-07T09:00:00;2024-10-07T11:00:00;2024-10-07T09:15:00;;SAV;#ea580c;;;
INT-0898;DOS-0898;Intervention 898;;completed;2025-11-08T10:00:00;2025-11-08T12:00:00;2025-11-08T10:15:00;2025-11-08T11:45:00;Entretien;#16a34a;;;
INT-0899;DOS-0899;Intervention 899;;cancelled;2026-12-09T11:00:00;2026-12-09T13:00:00;;;Diagnostic;#7c3aed;;;
INT-0900;DOS-0900;Intervention 900;Notes terrain 900;planned;2024-01-10T12:00:00;2024-01-10T14:00:00;;;Pose;#2563eb;;;
INT-0901;DOS-0901;Intervention 901;;in_progress;2025-02-11T13:00:00;2025-02-11T15:00:00;2025-02-11T13:15:00;;SAV;#ea580c;;;
INT-0902;DOS-0902;Intervention 902;;completed;2026-03-12T14:00:00;2026-03-12T16:00:00;2026-03-12T14:15:00;2026-03-12T15:45:00;Entretien;#16a34a;;Équipe Nord;
INT-0903;DOS-0903;Intervention 903;;cancelled;2024-04-13T15:00:00;2024-04-13T17:00:00;;;Diagnostic;#7c3aed;;;
INT-0904;DOS-0904;Intervention 904;;planned;2025-05-14T08:00:00;2025-05-14T10:00:00;;;Pose;#2563eb;;;Import historique
INT-0905;DOS-0905;Intervention 905;Notes terrain 905;in_progress;2026-06-15T09:00:00;2026-06-15T11:00:00;2026-06-15T09:15:00;;SAV;#ea580c;;;
INT-0906;DOS-0906;Intervention 906;;completed;2024-07-16T10:00:00;2024-07-16T12:00:00;2024-07-16T10:15:00;2024-07-16T11:45:00;Entretien;#16a34a;;;
INT-0907;DOS-0907;Intervention 907;;cancelled;2025-08-17T11:00:00;2025-08-17T13:00:00;;;Diagnostic;#7c3aed;;;
INT-0908;DOS-0908;Intervention 908;;planned;2026-09-18T12:00:00;2026-09-18T14:00:00;;;Pose;#2563eb;;;
INT-0909;DOS-0909;Intervention 909;;in_progress;2024-10-19T13:00:00;2024-10-19T15:00:00;2024-10-19T13:15:00;;SAV;#ea580c;;;
INT-0910;DOS-0910;Intervention 910;Notes terrain 910;completed;2025-11-20T14:00:00;2025-11-20T16:00:00;2025-11-20T14:15:00;2025-11-20T15:45:00;Entretien;#16a34a;;;
INT-0911;DOS-0911;Intervention 911;;cancelled;2026-12-21T15:00:00;2026-12-21T17:00:00;;;Diagnostic;#7c3aed;;;
INT-0912;DOS-0912;Intervention 912;;planned;2024-01-22T08:00:00;2024-01-22T10:00:00;;;Pose;#2563eb;;;Import historique
INT-0913;DOS-0913;Intervention 913;;in_progress;2025-02-23T09:00:00;2025-02-23T11:00:00;2025-02-23T09:15:00;;SAV;#ea580c;;Équipe Nord;
INT-0914;DOS-0914;Intervention 914;;completed;2026-03-24T10:00:00;2026-03-24T12:00:00;2026-03-24T10:15:00;2026-03-24T11:45:00;Entretien;#16a34a;;;
INT-0915;DOS-0915;Intervention 915;Notes terrain 915;cancelled;2024-04-25T11:00:00;2024-04-25T13:00:00;;;Diagnostic;#7c3aed;;;
INT-0916;DOS-0916;Intervention 916;;planned;2025-05-26T12:00:00;2025-05-26T14:00:00;;;Pose;#2563eb;;;
INT-0917;DOS-0917;Intervention 917;;in_progress;2026-06-27T13:00:00;2026-06-27T15:00:00;2026-06-27T13:15:00;;SAV;#ea580c;;;
INT-0918;DOS-0918;Intervention 918;;completed;2024-07-01T14:00:00;2024-07-01T16:00:00;2024-07-01T14:15:00;2024-07-01T15:45:00;Entretien;#16a34a;;;
INT-0919;DOS-0919;Intervention 919;;cancelled;2025-08-02T15:00:00;2025-08-02T17:00:00;;;Diagnostic;#7c3aed;;;
INT-0920;DOS-0920;Intervention 920;Notes terrain 920;planned;2026-09-03T08:00:00;2026-09-03T10:00:00;;;Pose;#2563eb;;;Import historique
INT-0921;DOS-0921;Intervention 921;;in_progress;2024-10-04T09:00:00;2024-10-04T11:00:00;2024-10-04T09:15:00;;SAV;#ea580c;;;
INT-0922;DOS-0922;Intervention 922;;completed;2025-11-05T10:00:00;2025-11-05T12:00:00;2025-11-05T10:15:00;2025-11-05T11:45:00;Entretien;#16a34a;;;
INT-0923;DOS-0923;Intervention 923;;cancelled;2026-12-06T11:00:00;2026-12-06T13:00:00;;;Diagnostic;#7c3aed;;;
INT-0924;DOS-0924;Intervention 924;;planned;2024-01-07T12:00:00;2024-01-07T14:00:00;;;Pose;#2563eb;;Équipe Nord;
INT-0925;DOS-0925;Intervention 925;Notes terrain 925;in_progress;2025-02-08T13:00:00;2025-02-08T15:00:00;2025-02-08T13:15:00;;SAV;#ea580c;;;
INT-0926;DOS-0926;Intervention 926;;completed;2026-03-09T14:00:00;2026-03-09T16:00:00;2026-03-09T14:15:00;2026-03-09T15:45:00;Entretien;#16a34a;;;
INT-0927;DOS-0927;Intervention 927;;cancelled;2024-04-10T15:00:00;2024-04-10T17:00:00;;;Diagnostic;#7c3aed;;;
INT-0928;DOS-0928;Intervention 928;;planned;2025-05-11T08:00:00;2025-05-11T10:00:00;;;Pose;#2563eb;;;Import historique
INT-0929;DOS-0929;Intervention 929;;in_progress;2026-06-12T09:00:00;2026-06-12T11:00:00;2026-06-12T09:15:00;;SAV;#ea580c;;;
INT-0930;DOS-0930;Intervention 930;Notes terrain 930;completed;2024-07-13T10:00:00;2024-07-13T12:00:00;2024-07-13T10:15:00;2024-07-13T11:45:00;Entretien;#16a34a;;;
INT-0931;DOS-0931;Intervention 931;;cancelled;2025-08-14T11:00:00;2025-08-14T13:00:00;;;Diagnostic;#7c3aed;;;
INT-0932;DOS-0932;Intervention 932;;planned;2026-09-15T12:00:00;2026-09-15T14:00:00;;;Pose;#2563eb;;;
INT-0933;DOS-0933;Intervention 933;;in_progress;2024-10-16T13:00:00;2024-10-16T15:00:00;2024-10-16T13:15:00;;SAV;#ea580c;;;
INT-0934;DOS-0934;Intervention 934;;completed;2025-11-17T14:00:00;2025-11-17T16:00:00;2025-11-17T14:15:00;2025-11-17T15:45:00;Entretien;#16a34a;;;
INT-0935;DOS-0935;Intervention 935;Notes terrain 935;cancelled;2026-12-18T15:00:00;2026-12-18T17:00:00;;;Diagnostic;#7c3aed;;Équipe Nord;
INT-0936;DOS-0936;Intervention 936;;planned;2024-01-19T08:00:00;2024-01-19T10:00:00;;;Pose;#2563eb;;;Import historique
INT-0937;DOS-0937;Intervention 937;;in_progress;2025-02-20T09:00:00;2025-02-20T11:00:00;2025-02-20T09:15:00;;SAV;#ea580c;;;
INT-0938;DOS-0938;Intervention 938;;completed;2026-03-21T10:00:00;2026-03-21T12:00:00;2026-03-21T10:15:00;2026-03-21T11:45:00;Entretien;#16a34a;;;
INT-0939;DOS-0939;Intervention 939;;cancelled;2024-04-22T11:00:00;2024-04-22T13:00:00;;;Diagnostic;#7c3aed;;;
INT-0940;DOS-0940;Intervention 940;Notes terrain 940;planned;2025-05-23T12:00:00;2025-05-23T14:00:00;;;Pose;#2563eb;;;
INT-0941;DOS-0941;Intervention 941;;in_progress;2026-06-24T13:00:00;2026-06-24T15:00:00;2026-06-24T13:15:00;;SAV;#ea580c;;;
INT-0942;DOS-0942;Intervention 942;;completed;2024-07-25T14:00:00;2024-07-25T16:00:00;2024-07-25T14:15:00;2024-07-25T15:45:00;Entretien;#16a34a;;;
INT-0943;DOS-0943;Intervention 943;;cancelled;2025-08-26T15:00:00;2025-08-26T17:00:00;;;Diagnostic;#7c3aed;;;
INT-0944;DOS-0944;Intervention 944;;planned;2026-09-27T08:00:00;2026-09-27T10:00:00;;;Pose;#2563eb;;;Import historique
INT-0945;DOS-0945;Intervention 945;Notes terrain 945;in_progress;2024-10-01T09:00:00;2024-10-01T11:00:00;2024-10-01T09:15:00;;SAV;#ea580c;;;
INT-0946;DOS-0946;Intervention 946;;completed;2025-11-02T10:00:00;2025-11-02T12:00:00;2025-11-02T10:15:00;2025-11-02T11:45:00;Entretien;#16a34a;;Équipe Nord;
INT-0947;DOS-0947;Intervention 947;;cancelled;2026-12-03T11:00:00;2026-12-03T13:00:00;;;Diagnostic;#7c3aed;;;
INT-0948;DOS-0948;Intervention 948;;planned;2024-01-04T12:00:00;2024-01-04T14:00:00;;;Pose;#2563eb;;;
INT-0949;DOS-0949;Intervention 949;;in_progress;2025-02-05T13:00:00;2025-02-05T15:00:00;2025-02-05T13:15:00;;SAV;#ea580c;;;
INT-0950;DOS-0950;Intervention 950;Notes terrain 950;completed;2026-03-06T14:00:00;2026-03-06T16:00:00;2026-03-06T14:15:00;2026-03-06T15:45:00;Entretien;#16a34a;;;
INT-0951;DOS-0951;Intervention 951;;cancelled;2024-04-07T15:00:00;2024-04-07T17:00:00;;;Diagnostic;#7c3aed;;;
INT-0952;DOS-0952;Intervention 952;;planned;2025-05-08T08:00:00;2025-05-08T10:00:00;;;Pose;#2563eb;;;Import historique
INT-0953;DOS-0953;Intervention 953;;in_progress;2026-06-09T09:00:00;2026-06-09T11:00:00;2026-06-09T09:15:00;;SAV;#ea580c;;;
INT-0954;DOS-0954;Intervention 954;;completed;2024-07-10T10:00:00;2024-07-10T12:00:00;2024-07-10T10:15:00;2024-07-10T11:45:00;Entretien;#16a34a;;;
INT-0955;DOS-0955;Intervention 955;Notes terrain 955;cancelled;2025-08-11T11:00:00;2025-08-11T13:00:00;;;Diagnostic;#7c3aed;;;
INT-0956;DOS-0956;Intervention 956;;planned;2026-09-12T12:00:00;2026-09-12T14:00:00;;;Pose;#2563eb;;;
INT-0957;DOS-0957;Intervention 957;;in_progress;2024-10-13T13:00:00;2024-10-13T15:00:00;2024-10-13T13:15:00;;SAV;#ea580c;;Équipe Nord;
INT-0958;DOS-0958;Intervention 958;;completed;2025-11-14T14:00:00;2025-11-14T16:00:00;2025-11-14T14:15:00;2025-11-14T15:45:00;Entretien;#16a34a;;;
INT-0959;DOS-0959;Intervention 959;;cancelled;2026-12-15T15:00:00;2026-12-15T17:00:00;;;Diagnostic;#7c3aed;;;
INT-0960;DOS-0960;Intervention 960;Notes terrain 960;planned;2024-01-16T08:00:00;2024-01-16T10:00:00;;;Pose;#2563eb;;;Import historique
INT-0961;DOS-0961;Intervention 961;;in_progress;2025-02-17T09:00:00;2025-02-17T11:00:00;2025-02-17T09:15:00;;SAV;#ea580c;;;
INT-0962;DOS-0962;Intervention 962;;completed;2026-03-18T10:00:00;2026-03-18T12:00:00;2026-03-18T10:15:00;2026-03-18T11:45:00;Entretien;#16a34a;;;
INT-0963;DOS-0963;Intervention 963;;cancelled;2024-04-19T11:00:00;2024-04-19T13:00:00;;;Diagnostic;#7c3aed;;;
INT-0964;DOS-0964;Intervention 964;;planned;2025-05-20T12:00:00;2025-05-20T14:00:00;;;Pose;#2563eb;;;
INT-0965;DOS-0965;Intervention 965;Notes terrain 965;in_progress;2026-06-21T13:00:00;2026-06-21T15:00:00;2026-06-21T13:15:00;;SAV;#ea580c;;;
INT-0966;DOS-0966;Intervention 966;;completed;2024-07-22T14:00:00;2024-07-22T16:00:00;2024-07-22T14:15:00;2024-07-22T15:45:00;Entretien;#16a34a;;;
INT-0967;DOS-0967;Intervention 967;;cancelled;2025-08-23T15:00:00;2025-08-23T17:00:00;;;Diagnostic;#7c3aed;;;
INT-0968;DOS-0968;Intervention 968;;planned;2026-09-24T08:00:00;2026-09-24T10:00:00;;;Pose;#2563eb;;Équipe Nord;Import historique
INT-0969;DOS-0969;Intervention 969;;in_progress;2024-10-25T09:00:00;2024-10-25T11:00:00;2024-10-25T09:15:00;;SAV;#ea580c;;;
INT-0970;DOS-0970;Intervention 970;Notes terrain 970;completed;2025-11-26T10:00:00;2025-11-26T12:00:00;2025-11-26T10:15:00;2025-11-26T11:45:00;Entretien;#16a34a;;;
INT-0971;DOS-0971;Intervention 971;;cancelled;2026-12-27T11:00:00;2026-12-27T13:00:00;;;Diagnostic;#7c3aed;;;
INT-0972;DOS-0972;Intervention 972;;planned;2024-01-01T12:00:00;2024-01-01T14:00:00;;;Pose;#2563eb;;;
INT-0973;DOS-0973;Intervention 973;;in_progress;2025-02-02T13:00:00;2025-02-02T15:00:00;2025-02-02T13:15:00;;SAV;#ea580c;;;
INT-0974;DOS-0974;Intervention 974;;completed;2026-03-03T14:00:00;2026-03-03T16:00:00;2026-03-03T14:15:00;2026-03-03T15:45:00;Entretien;#16a34a;;;
INT-0975;DOS-0975;Intervention 975;Notes terrain 975;cancelled;2024-04-04T15:00:00;2024-04-04T17:00:00;;;Diagnostic;#7c3aed;;;
INT-0976;DOS-0976;Intervention 976;;planned;2025-05-05T08:00:00;2025-05-05T10:00:00;;;Pose;#2563eb;;;Import historique
INT-0977;DOS-0977;Intervention 977;;in_progress;2026-06-06T09:00:00;2026-06-06T11:00:00;2026-06-06T09:15:00;;SAV;#ea580c;;;
INT-0978;DOS-0978;Intervention 978;;completed;2024-07-07T10:00:00;2024-07-07T12:00:00;2024-07-07T10:15:00;2024-07-07T11:45:00;Entretien;#16a34a;;;
INT-0979;DOS-0979;Intervention 979;;cancelled;2025-08-08T11:00:00;2025-08-08T13:00:00;;;Diagnostic;#7c3aed;;Équipe Nord;
INT-0980;DOS-0980;Intervention 980;Notes terrain 980;planned;2026-09-09T12:00:00;2026-09-09T14:00:00;;;Pose;#2563eb;;;
INT-0981;DOS-0981;Intervention 981;;in_progress;2024-10-10T13:00:00;2024-10-10T15:00:00;2024-10-10T13:15:00;;SAV;#ea580c;;;
INT-0982;DOS-0982;Intervention 982;;completed;2025-11-11T14:00:00;2025-11-11T16:00:00;2025-11-11T14:15:00;2025-11-11T15:45:00;Entretien;#16a34a;;;
INT-0983;DOS-0983;Intervention 983;;cancelled;2026-12-12T15:00:00;2026-12-12T17:00:00;;;Diagnostic;#7c3aed;;;
INT-0984;DOS-0984;Intervention 984;;planned;2024-01-13T08:00:00;2024-01-13T10:00:00;;;Pose;#2563eb;;;Import historique
INT-0985;DOS-0985;Intervention 985;Notes terrain 985;in_progress;2025-02-14T09:00:00;2025-02-14T11:00:00;2025-02-14T09:15:00;;SAV;#ea580c;;;
INT-0986;DOS-0986;Intervention 986;;completed;2026-03-15T10:00:00;2026-03-15T12:00:00;2026-03-15T10:15:00;2026-03-15T11:45:00;Entretien;#16a34a;;;
INT-0987;DOS-0987;Intervention 987;;cancelled;2024-04-16T11:00:00;2024-04-16T13:00:00;;;Diagnostic;#7c3aed;;;
INT-0988;DOS-0988;Intervention 988;;planned;2025-05-17T12:00:00;2025-05-17T14:00:00;;;Pose;#2563eb;;;
INT-0989;DOS-0989;Intervention 989;;in_progress;2026-06-18T13:00:00;2026-06-18T15:00:00;2026-06-18T13:15:00;;SAV;#ea580c;;;
INT-0990;DOS-0990;Intervention 990;Notes terrain 990;completed;2024-07-19T14:00:00;2024-07-19T16:00:00;2024-07-19T14:15:00;2024-07-19T15:45:00;Entretien;#16a34a;;Équipe Nord;
INT-0991;DOS-0991;Intervention 991;;cancelled;2025-08-20T15:00:00;2025-08-20T17:00:00;;;Diagnostic;#7c3aed;;;
INT-0992;DOS-0992;Intervention 992;;planned;2026-09-21T08:00:00;2026-09-21T10:00:00;;;Pose;#2563eb;;;Import historique
INT-0993;DOS-0993;Intervention 993;;in_progress;2024-10-22T09:00:00;2024-10-22T11:00:00;2024-10-22T09:15:00;;SAV;#ea580c;;;
INT-0994;DOS-0994;Intervention 994;;completed;2025-11-23T10:00:00;2025-11-23T12:00:00;2025-11-23T10:15:00;2025-11-23T11:45:00;Entretien;#16a34a;;;
INT-0995;DOS-0995;Intervention 995;Notes terrain 995;cancelled;2026-12-24T11:00:00;2026-12-24T13:00:00;;;Diagnostic;#7c3aed;;;
INT-0996;DOS-0996;Intervention 996;;planned;2024-01-25T12:00:00;2024-01-25T14:00:00;;;Pose;#2563eb;;;
INT-0997;DOS-0997;Intervention 997;;in_progress;2025-02-26T13:00:00;2025-02-26T15:00:00;2025-02-26T13:15:00;;SAV;#ea580c;;;
INT-0998;DOS-0998;Intervention 998;;completed;2026-03-27T14:00:00;2026-03-27T16:00:00;2026-03-27T14:15:00;2026-03-27T15:45:00;Entretien;#16a34a;;;
INT-0999;DOS-0999;Intervention 999;;cancelled;2024-04-01T15:00:00;2024-04-01T17:00:00;;;Diagnostic;#7c3aed;;;
INT-1000;DOS-1000;Intervention 1000;Notes terrain 1000;planned;2025-05-02T08:00:00;2025-05-02T10:00:00;;;Pose;#2563eb;;;Import historique
